"","Coprococcus [Genus]","Coprococcus catus","Ruminococcus [Genus]","Ruminococcaceae [Family]","Clostridiales [Order]","Clostridium [Genus]","Oscillospira [Genus]","Ruminococcus callidus","Ruminococcus bromii","Faecalibacterium prausnitzii","Faecalibacterium [Genus]","Ruthenibacterium lactatiformans","Clostridium orbiscindens","Christensenellaceae [Family]","Succinivibrio [Genus]","Sutterella [Genus]","Duodenibacillus massiliensis","Escherichia coli","Bilophila [Genus]","Desulfovibrio [Genus]","Bifidobacterium longum","Bacteroidales [Order]","Bacteroides [Genus]","Bacteroides vulgatus","Bacteroides ovatus","Bacteroides uniformis","[Paraprevotellaceae] [Family]","Paraprevotella [Genus]","[Prevotella] [Genus]","Prevotella [Genus]","Prevotella copri","Prevotella stercorea","Parabacteroides [Genus]","Parabacteroides distasonis","S24-7 [Family]","Phascolarctobacterium [Genus]","Acidaminococcus [Genus]","Megasphaera elsdenii","Dialister [Genus]","Allisonella histaminiformans","Mitsuokella jalaludinii","Coriobacteriaceae [Family]","Collinsella aerofaciens","Senegalimassilia anaerobia","SMB53 [Genus]","[Mogibacteriaceae] [Family]","Mogibacterium [Genus]","Streptococcus thermophilus","[Eubacterium] biforme","Catenibacterium mitsuokai","Lachnospiraceae [Family]","Blautia [Genus]","Peptococcus [Genus]","Blautia wexlerae","Blautia obeum","Lachnospira [Genus]","[Ruminococcus] gnavus","Roseburia [Genus]","Roseburia faecis","Dorea [Genus]","[Ruminococcus] [Genus]","Oribacterium [Genus]","Fusicatenibacter saccharivorans","Dorea formicigenerans","Dorea longicatena","Anaerostipes hadrus"
"Coprococcus [Genus]",0,0.395899917852946,-0.115547339844006,-0.374942864975274,-0.239448140643916,-0.146156781559195,-0.152281176763475,-0.102878219160662,0.387584767811819,-0.0140454464875782,-0.118240839102624,-0.101596799458525,0.362076536831022,-0.0244916648714714,0.110225480764446,0.121080064055301,-0.343800140061228,0.148932172901123,-0.0935675306252466,0.179383397611282,0.152705984814579,0.77893388419102,0.213328829211708,0.20527164652643,-0.936636455377101,-0.310390393780372,-0.135162255242797,0.118777555907359,-0.0293285296197911,0.240226410330262,-0.309195995643145,-0.0154735612482321,-0.316474796991309,-0.668936950463767,0.190188277285659,-0.120382992501237,0.459014026833021,0.0563259448711245,0.0421740987473585,-0.103826031421782,0.404267729821106,-0.0165283453931695,-0.240537166447049,-0.0373821370271236,0.321334501936511,0.352158296266623,-0.528073792197333,-0.0551148664460879,0.0578010784585057,0.31490685364789,0.11534361554558,0.0151665951337025,0.00030339390031936,-0.18958139124327,-0.101012873968989,0.257149635970213,0.0568304776808991,0.220689628558394,0.0453679005626848,0.0308935267123278,0.0170621049789625,-0.171061023053984,0.167924764178691,-0.0462458401560679,-0.036105082145133,0.47558123504369
"Coprococcus catus",0.395899917852946,0,0.190398164362446,0.322045711805223,0.146197493738734,0.00612163746842838,0.149583722615983,0.148066523925395,0.464116357427001,0.455576103301702,0.02673637432675,-0.169519060052569,-0.411551552910879,0.283773597890246,0,-0.0450177954544702,-0.0391826188867108,0.119787718683041,0.436052352933058,0.142603556034027,0.156820437559396,0.833971265715929,0.849923336931557,0.179581478548303,-0.0657876033639921,0.596543019544027,0.0978685863942575,-0.0987442445050728,-0.199844988013763,-0.329533832237812,-0.0517348528911349,-0.310005083713038,-0.212542748257093,0.462416348198645,0.100505193049745,0.16605433899042,0.134410866810743,0.0774684552586636,0.902817571759334,0.121663575658113,-0.0725428195220828,-0.0824395388157356,0.152891656540839,0.134570663337124,0.333517981771818,0.248880832562486,-0.410289938324795,-0.129979391243842,-0.346786404384866,0.525526155282203,0.732172918471105,-0.647479910195341,-0.000586095737521455,0.0271554624741863,-0.610009711579828,0.26718782455924,0.0714408358404511,0.307954129850806,0.410710794814397,0.337410153766093,-0.14009713670825,0.0518723732552233,0.433338825917575,0.410289065294602,0.144664778543944,0.471170040005997
"Ruminococcus [Genus]",-0.115547339844006,0.190398164362446,0,0.195843788710861,-0.113992439188522,-0.00501793698485731,-0.14370446047689,0.308263259573239,0.750007893516942,0.320278216255491,-0.202487213055411,0.0606891232536452,-0.233218228961678,-0.201833442792875,0.17951182277198,-0.220158274093282,-0.332730554857332,0.179259084412753,0.0913617766407255,-0.124691103255426,0.679430766584135,0.275943880991707,0.253184087609598,-0.143158309667283,-0.200681990495829,-0.290466632912546,0.088350303036234,0.101107028719931,0.0198492963305749,0.117591649768951,-0.325631481942625,-0.356016813239152,-0.117624278581326,-0.122864540386607,0.0600921726523368,0.0626932145479186,0.211820574020901,0.436278552555035,0.450097704527535,0.793653572830997,0.352086794898876,0.100566197665608,0.169941591499132,-0.107682087250994,0.100418165998056,0.377460380111788,0.087567428163982,0.465365917692754,6.34932929002019e-05,0.117353407953594,-0.138716769950706,-0.220298336288177,0.397723728522645,-0.209438795239601,-0.37707809239567,-0.133183393866867,-0.546186394607548,0.122797471415923,0.322881784447801,0.225615204057132,0.407187109507464,0.0633393323449766,0.0202015563729784,0.0396473458396204,0.175173659678141,0.00963003636095502
"Ruminococcaceae [Family]",-0.374942864975274,0.322045711805223,0.195843788710861,0,0.026265000683603,0.191299958885325,0.597566690994091,0.0131267161741684,0.536369239658205,0.264891963789874,-0.480624185410015,0.258796574567582,0.236762615079485,0.396440342304006,-0.481319199144095,0.141241927579658,-0.979488029143266,0.0480789709776158,-0.0157250574845652,0.00374569170262401,0.512918750166426,0.0888487288640402,0.0127423853939283,0.44064670773411,-0.0576015406390684,0.243453067145299,0.0213782663570269,0.419848425765976,-0.590767625820461,0.0249008312738238,-0.874340772399948,-0.620279792404064,-0.0319445320096853,0.0824668336932314,0.534274305686453,-0.161999597547242,0.13713628809052,0.266588548296417,-0.129276852690111,0.652229573817078,-0.199644697927665,0.0564077921967769,-0.094557201532296,-0.00726344034064205,0.107656410293893,0.222819844405729,0.331568045060712,0.44490166065424,-0.0950880734559034,0.331994039963779,-0.15115394083507,-0.202265453450969,0.552577493907131,-0.0532620029881551,-0.0328081801869682,0.0411027445001655,0.186788593723161,0.18944422380247,0.131302267213686,-0.0792656292914312,0.141543910165533,-0.038815715161484,-0.0604319592245808,-0.12908311269544,-0.0154981919243501,-0.0423117024804417
"Clostridiales [Order]",-0.239448140643916,0.146197493738734,-0.113992439188522,0.026265000683603,0,-0.185822112077403,0.225594266819355,0.276629873556404,0.416048612313637,0.263166595036512,-0.7242047425642,-0.354146437956102,0.0765649165322003,-0.0587448829384443,-0.0628820559836509,0.343482711761034,-0.534693871245776,0.70952123237143,-0.241388879807702,0.00124240619395694,0.41285498114264,0.141541404102643,-0.075196479104936,-0.212633885433016,-0.834483479432391,-0.239184180446732,0.230190615448475,-0.139175278696437,-0.065338573627347,0.674362026714049,-0.214525823388696,-0.172295869738199,-0.355671659860125,-0.683669479830114,0.3651589772766,0.00556121307830576,0.60709576898149,0.31761812832679,0.0636614189244341,0.503322917880974,0.0893663422093353,0.173045135693315,-0.235688418209257,-0.193033102827025,0.414703313276982,0.0195252749216033,-0.196844636937304,0.262818548421803,0.0770267420978291,0.368465031684375,0.0351995654690239,-0.368248182790877,-0.0869156101203055,-0.439727484219048,-0.180226842821542,-0.0290863518151874,-0.214900374354478,0.40682832551139,0.514601262472686,0.0692636816844934,0.0104227543475059,-0.288055833226411,0.0453705841036949,-0.222769072715529,-0.153298412518478,0.0860913193216246
"Clostridium [Genus]",-0.146156781559195,0.00612163746842838,-0.00501793698485731,0.191299958885325,-0.185822112077403,0,-0.372124042233803,0.387982590625647,0.127399977831953,0.471692665014345,0.263090838074672,-0.163123694377003,0.109906672876781,-0.158865706001339,0.736652591847853,0.227892065764454,0,0.375085108997585,-0.109461595198351,-0.287704243876481,-0.223562109361223,0,-0.0164579428841527,-0.615689117130794,-0.662091973318556,-0.458208728400089,-0.230383589704555,-0.233298659444842,0.523403043325882,-0.141649998805731,0.622970392721233,0.746262157136491,-0.498151028159249,-0.454406000092282,-0.641908364743919,-0.0332073904698522,-0.252280403005916,0.0668657570430649,0.00670150098434923,0.316220573617231,0.230251337889874,0.264318900000317,-0.552412982346028,0.0738975793896892,0.060672933476404,-0.278760345695957,-0.364541100403614,-0.0171162836914994,0.374351251853979,0.586110745379488,0.344574514624847,-0.668925584501575,0,-0.56344724145827,-0.478592695134327,0.498316407493547,-0.5664832600777,0.524735723502562,0.410633848839825,-0.138673846167138,0.456315535693364,0,0.0278626314712558,-0.0885785234989586,-0.0599776879089015,-0.690181337802634
"Oscillospira [Genus]",-0.152281176763475,0.149583722615983,-0.14370446047689,0.597566690994091,0.225594266819355,-0.372124042233803,0,0.440066653618156,0.496696464395135,0.381697161640542,-0.185405549867326,-0.084166485197105,0.540664501267657,0.426142772637903,-0.301169254692296,0.566591866825535,-0.425568823312367,0.0823165442453173,-0.187248273542767,0.0431794682433371,0.552382257715212,0.699913614287132,0.329747650763076,-0.265787399273524,-0.180383488223062,-0.0760505630933284,0.469802719380753,-0.370174191170547,-0.0549858494152352,0.155919917404342,-0.420097945356172,-0.231023594525441,-0.27226483692456,-0.191158611823689,0.368798830046925,-0.215525736445146,0.323211619022471,0.542204256755404,0.323607972966966,1.23187838290847,-0.155369365722893,0.0420544782544366,-0.085293661347342,0.330285474356522,-0.054594752251918,0.465323278423732,0.458020661725464,0.40310368437889,-0.00486328683978351,0.10033279883017,0.0854030348662861,-0.197795082262767,0.287339433426125,0.0874326568297976,-0.263044218011987,-0.00289452266622953,-0.351517445807794,0.0123366243458571,0.52121674520436,0.0401805463017734,0.181890009899942,-0.124566678235611,0.14682972782511,-0.00876890867548506,0.0129440074564562,-0.147979821298951
"Ruminococcus callidus",-0.102878219160662,0.148066523925395,0.308263259573239,0.0131267161741684,0.276629873556404,0.387982590625647,0.440066653618156,0,0.380673781770651,0.354114980036232,-0.238297431743036,0.00667525703314239,0,0.424106351490786,0.0761418113690492,0.652175974341861,0.419637121174468,0,0.0102287008821201,0.218697829351218,0.904674791762334,0.115604350524055,0.423344980068224,0.539357795662881,0,0.0826284251666263,0.197557542641916,0.564934744136757,-0.00034781389984137,0.0461409792574785,-0.626179908920716,-0.489557137624836,0.7739771695412,0.518210028719931,-0.138924105770506,0.194060829124279,0.528823602572951,0.270446226288517,0.288242699907215,-0.206560363783646,-0.666822798832509,0.549780974713025,0.416414069992698,0.542561336568945,-0.290801717701328,0.444828198269586,0.0646222353775916,0.15083147084547,0.0991573991978131,-0.178658502470333,-0.0390912949146907,-0.162943087770494,0.14008163772965,-0.0768034574035045,0.691505501988768,0.487666071976563,0,0.0325747919910707,0.521336785524192,-0.138068809529982,-0.0357781669114846,0.279932209602357,0.175176608732901,0.331739377987987,0.111523078368702,-0.236488543558348
"Ruminococcus bromii",0.387584767811819,0.464116357427001,0.750007893516942,0.536369239658205,0.416048612313637,0.127399977831953,0.496696464395135,0.380673781770651,0,0.828058139964588,0.0911535371258135,-0.487224280175604,0,0.527553309087885,0,1.15805589534792,-0.296497669116971,-0.46974365787742,-0.0769944928358114,0.348777215233244,-0.559769373005206,0.20830803712332,0.082184502134766,-0.210284318901346,-0.328117114261674,-0.632785275977816,0.527207148371866,0.116555241670585,0.682673307138292,-0.450682260271867,0.246673680969176,-0.238356527174026,-0.486399315585646,0.166617083802175,0.487072642638112,0.364884350505859,0.0897877340200146,-0.526345440240565,0.693905773126756,-0.217382567530716,0.0513598398571605,-0.029578703099904,0.148047293178934,-0.246114042683353,0.36964407126833,-0.172897031871671,0.103729159196228,-0.353002465902263,0.767950940325292,1.25352474507952,0.949639882076295,0.104981343191231,0.246484240454424,-0.136874861958395,-0.00170530445233386,0.169787805407637,-0.320947267708784,-0.0731111457539104,-0.117500020913708,0.325377429112132,0.479444542887363,-0.266171530331348,0.689631258861851,0.313173928143873,0.325672458253832,0.305091294137978
"Faecalibacterium prausnitzii",-0.0140454464875782,0.455576103301702,0.320278216255491,0.264891963789874,0.263166595036512,0.471692665014345,0.381697161640542,0.354114980036232,0.828058139964588,0,0.131770324405287,-0.280412110083174,0.26025022524399,0.261694468760452,0.0514514485262961,0.280055077330923,0.168551002708395,0.636150926223729,-0.151925779244855,0.0710781802519645,0.0317414347036274,0.655862065294933,-0.171164721196145,-0.281874692273604,-0.458180212575234,-0.136652046353097,0.385067208351461,0.120033553574434,0.202832063009212,0.24356122428607,-0.419024006343892,-0.205135575942075,0.083080714157539,-0.398284194410346,0.350647674883772,0.229666083294111,0.44916037624291,0.526345502057985,0.192852289912558,0.0790408594124071,0.118664886377119,0.413200711369139,0.232671245091659,0.341777093158788,0.160810315514849,0.313579272796835,0.716314927973017,-0.0558790500480884,0.0735042932502957,-0.0774568324806236,-0.158722881074068,-0.112739598068273,-0.00973709741402622,-0.209894627276351,0.094650337811055,0.0775530366650145,-0.420714452995138,-0.00717131271238675,-0.509700610732063,-0.0965132835898447,-0.0832699955399063,-0.0433322599799134,-0.0397782570615495,0.163096449266978,0.0201315974537674,-0.272746745624421
"Faecalibacterium [Genus]",-0.118240839102624,0.02673637432675,-0.202487213055411,-0.480624185410015,-0.7242047425642,0.263090838074672,-0.185405549867326,-0.238297431743036,0.0911535371258135,0.131770324405287,0,0.174970501619802,0.0831477535477941,-0.0920171462361808,0,-0.0349117200437913,-0.436310672082099,-0.60683360163965,-0.29347928331178,-0.396290194109184,-0.281629982394009,-0.424273720626348,-0.0574210613798761,0.0058779197679269,-0.337264765932298,0.0844310277202976,0.207404976017836,-0.321026916166845,0.420642439444415,-0.539874564924386,0.0386667450540371,-0.361376697251991,0.166651529372523,-0.174358428124535,-0.0064027225768972,-0.0497286896861224,-0.385288448300322,-0.53317661974553,-0.454524368987124,0.331385998873499,-0.308950266363982,0.223228712738125,0.305908924371921,0.478835882513623,0.883862280384749,-0.100200045774309,0.992345780774744,1.00317104691535,0.365870145742037,-0.154242583377745,-0.421206594367242,0.220276327658326,0.308950266363982,0.402394730481028,1.02834822552915,-0.075562118893708,0.468280425925472,-0.0890632879021073,-0.13271985317438,0.100134259218264,0.778508822338946,-0.410798962286019,0.440800471463879,0.26212761386305,0.10064653258991,0.384174321228587
"Ruthenibacterium lactatiformans",-0.101596799458525,-0.169519060052569,0.0606891232536452,0.258796574567582,-0.354146437956102,-0.163123694377003,-0.084166485197105,0.00667525703314239,-0.487224280175604,-0.280412110083174,0.174970501619802,0,0.187496105433357,-0.360351541274464,1.03789172074621,-0.541547310686203,0.367533329526736,0.385366393696697,0.140021366810977,0.538776133775438,-0.122927845503902,0.214267652978,0.28629855788339,-0.242377195541364,-0.390745877337741,-0.226931271577981,0.657810750905765,-0.0774854847072226,1.09456094293521,0.0272586853310034,-0.0481874129899862,0.323202145584157,-0.598180603896594,0.111101663068669,-0.117030522084576,0.307327352868476,0.352943754271396,0.661057620503853,0.138358160099405,0.406903048327026,-0.0449822405243442,0.101187735093606,-0.183001977658371,0.0405956561335523,-0.188648508390421,-0.396010585102538,0.496021226513619,-0.0769282408437759,-0.174014213614293,-0.252915564702684,0.0622722983677545,-0.0866373085519975,0.154070911902621,-0.0803175694101659,-0.0405612276574305,0.231943441946003,-0.750443284657833,0.127934542458955,0.726570191313639,0.0224917374141833,0.155938416280181,0,0.399481302760194,0.288655682130247,-0.198034093192406,-0.249416201839768
"Clostridium orbiscindens",0.362076536831022,-0.411551552910879,-0.233218228961678,0.236762615079485,0.0765649165322003,0.109906672876781,0.540664501267657,0,0,0.26025022524399,0.0831477535477941,0.187496105433357,0,0.355077694722616,0,-0.362251431434713,0,-0.684661873397733,0.16395053509301,0.36110950677292,-0.252830812797113,0,-0.0238598536878681,-0.0372999234228961,0.427509091827645,0.0787239052996407,0,0.257818409199776,-0.223651593781201,-0.0146710437917424,0.0667301809014876,-0.0641614204126812,0.209323962747797,0.0352980052758674,0.302368262473118,-0.153606124654815,0.335912291178898,-0.164525902895749,0.132513050735087,-0.679773732891457,0,0.346639532162497,0.335154365125163,-0.228302537647407,0.496573837216595,0.269120354209841,0.288905114851404,0.361970825985903,0.335577247995951,0.905670617211896,0.158655798107071,0.110927439514696,0,0.130715057031758,-0.0217189152206349,0.237107528310754,-0.445597405142518,0.00456579897733163,0.380198863263983,0.412772392035452,0.173867368071895,0,-0.123453653623917,0.149697677114128,-0.026507925413212,-0.11409045955964
"Christensenellaceae [Family]",-0.0244916648714714,0.283773597890246,-0.201833442792875,0.396440342304006,-0.0587448829384443,-0.158865706001339,0.426142772637903,0.424106351490786,0.527553309087885,0.261694468760452,-0.0920171462361808,-0.360351541274464,0.355077694722616,0,0.188628268233487,0.137651090008449,-0.139189572976873,0.436225204813381,-0.215443781301705,0.285920941769137,0.184387973010052,-0.168159960519262,-0.023792850004994,-0.408253516921104,0.0612027391655773,-0.204622935883667,0.109277909484359,-0.4049455796529,0.0674602707434411,0.466838267654319,-0.139029960070119,0.0860367023724944,-0.293072472642891,-0.290548652923779,-0.0724134267906656,-0.0830358613736936,0.108366925632588,0.36396768011089,0.145004702215233,0.410912646449506,0.316530986897822,-0.0979431140867413,-0.507180146583007,0.0651513677814564,-0.0567962048777892,-0.127806261103707,0.070656017106333,0.384859614279452,0.407480740216066,0.35378587920389,-0.0879252442122556,-0.199341445148982,0.0418248526035372,0.0357098102652278,-0.695175629394106,0.264071858393659,-0.65718820964071,0.0291336913690711,-0.0365629838497974,-0.281064295244065,0.316667680788949,0.0170583304709372,0.283863274782967,0.0138330375404267,-0.10474758721227,-0.201740016517844
"Succinivibrio [Genus]",0.110225480764446,0,0.17951182277198,-0.481319199144095,-0.0628820559836509,0.736652591847853,-0.301169254692296,0.0761418113690492,0,0.0514514485262961,0,1.03789172074621,0,0.188628268233487,0,0.321544442541615,-0.380733290476209,0,0.48397778381125,0.18977591024129,0.172311815846212,-0.0060633747582256,0.951626515910466,0.727745790212302,0,0.626548424768892,0.334285641706821,0,-0.268424629281618,-0.631683873419406,-0.666582178495864,-0.782873605614988,0.0591283028868643,-0.279932209602357,0.0939533394241714,-0.601249768567861,0.579693140172934,0.426441591099152,0.446926381392986,-0.150473604673495,0.2022886372976,-0.344745476491,0.728423836734256,0.0486451349035563,-0.594293896615918,-0.225201061322506,-0.0475270652341637,-0.131119467973929,0.318931962978077,-0.000393259090346959,-0.179921128614407,0.0450358037518268,0.288085731777347,0.613470569038035,-0.0983357626850116,-0.474569289419114,1.73983554562417,0.333628220307783,-0.659813847226612,0.666855924991072,0.151917368279502,-0.405735143945172,0.478650141744289,0.303369774826038,0.20279766093194,0.461161907744347
"Sutterella [Genus]",0.121080064055301,-0.0450177954544702,-0.220158274093282,0.141241927579658,0.343482711761034,0.227892065764454,0.566591866825535,0.652175974341861,1.15805589534792,0.280055077330923,-0.0349117200437913,-0.541547310686203,-0.362251431434713,0.137651090008449,0.321544442541615,0,0.647005714632724,-0.241601267209682,-0.122896430452368,0.120543095342559,-0.0901107277165628,-0.181828658538441,-0.0626689932152778,-0.0171632654492273,0.496470527729389,-0.308853810839854,0.553610498001484,0.0646888424165502,0.150469750173377,0.101075724013724,-0.11254129858954,0.214475060441196,0.0620390667562994,0.0317188546534617,-1.11829687508946,0.551701389443403,0.1430472160332,0.138621377352001,0.2087092719794,0.0011503549956558,0.434924556912661,0.0425777589528685,0.103455872374904,-0.0896350295409136,-0.411770567341718,0.496575777118479,-0.617070487872775,0.266559801243571,0.0693081145957951,0.308742886057209,0.355356575045165,-0.0676633853058078,-0.380598868210977,0.0583193652226586,-0.685853890510084,-0.122571267144609,-0.545018931887098,-0.0507148627419982,0.148627895019468,-0.266427425385135,-0.0281979612967663,0,0.014762876276098,0.234092622814472,0.280561235088747,-0.240576641856207
"Duodenibacillus massiliensis",-0.343800140061228,-0.0391826188867108,-0.332730554857332,-0.979488029143266,-0.534693871245776,0,-0.425568823312367,0.419637121174468,-0.296497669116971,0.168551002708395,-0.436310672082099,0.367533329526736,0,-0.139189572976873,-0.380733290476209,0.647005714632724,0,0.444572847070874,0.364527749626344,0.11590192741092,-0.261981902210091,-0.1727718555205,0.081589448804075,0.473832143542675,0,1.10816923203526,-0.156467062547961,0.289516117960636,-0.210084606815926,0.461180980984574,-0.161915670041925,0.415189231760284,0.108781448816461,0.418673109902434,0.65602197750697,0.359247121583737,-0.167015669379325,-0.683566177624192,-0.680123090432751,-0.22173984680636,-0.396693148747256,-0.137523037954504,-0.354920144802876,0.485335954144304,0.344800516258833,-0.828209177811511,-0.444223093266826,0.244584127269345,-0.0518823727918586,-0.00487971492487599,-0.0209327997661155,0.273007132629246,0.617816799132351,0.224054667560568,0.0177646203754529,-0.652634605520837,-0.192732554054082,0.11895196410665,0,-0.035912325951735,0.371677231625673,-0.0793946868376869,0.0457457135602878,0.0756732551393879,-0.255557874431614,0.250193468396267
"Escherichia coli",0.148932172901123,0.119787718683041,0.179259084412753,0.0480789709776158,0.70952123237143,0.375085108997585,0.0823165442453173,0,-0.46974365787742,0.636150926223729,-0.60683360163965,0.385366393696697,-0.684661873397733,0.436225204813381,0,-0.241601267209682,0.444572847070874,0,-0.390384235169139,0.0897258545853739,-0.547473562271755,-0.104072237576797,0.0420195713774187,0.595940604248517,0.762024560472961,0.353072540080075,0.0954215809426461,0.187583720014102,0.0793946868376869,-0.114579901905044,-0.285780082907051,-0.12937641021464,-0.0445808409419793,0.596563794528193,0.190634710742504,0.224352047854387,-0.313205870982663,-0.043213161830136,0.613595239445236,-0.402039326427559,0.782643035504877,-0.248823018125898,-0.242951462295857,0.10721592622461,-0.16289822788055,0.095021222127007,-0.803182767314702,0.0297217495137283,-0.313539789208752,-0.159920786065728,1.16336739359596,0.0894956263202468,0.210424431378662,0.194620087313839,0.194445859924096,0.514828716838153,0.157974662722672,0.199189908524115,0.674605513006473,0.0865962940765705,0.153759896084705,0,-0.0412613966578283,0.0156624313859803,-0.120896850040312,-0.191322326171279
"Bilophila [Genus]",-0.0935675306252466,0.436052352933058,0.0913617766407255,-0.0157250574845652,-0.241388879807702,-0.109461595198351,-0.187248273542767,0.0102287008821201,-0.0769944928358114,-0.151925779244855,-0.29347928331178,0.140021366810977,0.16395053509301,-0.215443781301705,0.48397778381125,-0.122896430452368,0.364527749626344,-0.390384235169139,0,0.48177214148875,-0.0537891229368457,-0.165513191736263,-0.304015394316886,0.121606963613367,0.223831812857283,-0.0763918081109254,-0.234967386996912,0.13141414424476,0.59200957215462,0.384560516630144,0.300891975604833,0.287702115190682,0.315430472073239,0.536466721682352,-0.440551175658569,0.0403330860636515,0.142735023407774,0.069899781688303,-0.154242037105468,0.236227444017209,-0.183309289395685,0.18538122425899,0.0421374193662028,0.470228647008128,0.184318881457778,0.0691437249798827,0.28224026570641,0.49633117588344,0.350220050519081,-0.251949820845176,0.0324527947684069,0.277345705162457,-0.115853481392829,0.0688502293288062,0.0639803037494332,0.495299602650623,-0.169414433107106,-0.149024647588147,0.0173580461880989,-0.197081016977305,-0.27609789882322,-0.343000350101303,-0.442272246285774,0.14378333934184,0.210711107833777,-1.08763413465491
"Desulfovibrio [Genus]",0.179383397611282,0.142603556034027,-0.124691103255426,0.00374569170262401,0.00124240619395694,-0.287704243876481,0.0431794682433371,0.218697829351218,0.348777215233244,0.0710781802519645,-0.396290194109184,0.538776133775438,0.36110950677292,0.285920941769137,0.18977591024129,0.120543095342559,0.11590192741092,0.0897258545853739,0.48177214148875,0,0.691205660609841,-0.0175206437260055,0.0919835428484776,0.227318237489448,0.549718345714113,0.524778937410892,0.370635100345186,0.193804197752458,0.0622849265585043,0.487942915132357,-0.553457280311551,-0.641680860608258,0.27445219120004,-0.0713122306818952,-0.0450587863688475,-0.0620768041825648,0.4119620981175,0.107565433860977,-0.0390832801998517,0.0392803421752062,0.10735622676209,0.370861005955711,0.452029867797886,0.556999967406764,0.968098744461085,0.346527437107056,0.0831569602562554,0.158075386948495,0.116027124165769,-0.0322083411209158,-0.25998914590201,0.095438228593621,1.415012150568,0.239102607148391,0.0784172995763022,-0.444095317052908,-0.0586502353036276,-0.00460170545025733,0.413323654244305,0.408672925293766,-0.0288098887742514,0.0205017260545648,-0.281496333890117,0.024176581533967,0.314590518471843,0.0222066473607339
"Bifidobacterium longum",0.152705984814579,0.156820437559396,0.679430766584135,0.512918750166426,0.41285498114264,-0.223562109361223,0.552382257715212,0.904674791762334,-0.559769373005206,0.0317414347036274,-0.281629982394009,-0.122927845503902,-0.252830812797113,0.184387973010052,0.172311815846212,-0.0901107277165628,-0.261981902210091,-0.547473562271755,-0.0537891229368457,0.691205660609841,0,0.0868547958232517,-0.217451210160263,0.332904874754312,0.274194126993406,0.117072798994344,0.162582651970531,0.929745596384626,-0.331488769278794,-0.245845316532155,-0.217396340070387,-0.164985245298836,-0.034310392706889,-0.325901545340129,0.32579869435754,0.343440148231614,0.492378623719798,-0.0545977573081862,0.612523066004687,-0.217384473931514,0.469506787619077,-0.0917153508563284,0.196330738448968,0.13719447673493,0.404833071418003,0.266525722182556,-0.122815848405242,0.0647365591460869,0.0949787235157236,0.554696054891583,0.734129131038308,0.652167194909783,0.234760157060534,0.0683202270298559,0.122585637358839,0.021841180609008,-0.233133246122885,0.0198862261107861,-0.0131926536989679,0.00484156099983607,0.468551367715134,-0.0914267011852036,0.00429887139902239,-0.0642432928359648,0.00957004223700744,0.260458939823208
"Bacteroidales [Order]",0.77893388419102,0.833971265715929,0.275943880991707,0.0888487288640402,0.141541404102643,0,0.699913614287132,0.115604350524055,0.20830803712332,0.655862065294933,-0.424273720626348,0.214267652978,0,-0.168159960519262,-0.0060633747582256,-0.181828658538441,-0.1727718555205,-0.104072237576797,-0.165513191736263,-0.0175206437260055,0.0868547958232517,0,-0.0445254829488002,0.298879087517251,0,-0.336630741707169,0.686100322974727,0.0210378137713544,-0.0275572628870459,0.33705543980866,-0.250409652131729,-0.715440676733578,0.00938003146215213,-0.0615142092151599,0.717373117394302,-0.0609158115955919,0.0807196335551274,-0.587182656048998,0.514567370522728,0.119705480979291,0.135859480969227,-0.0658456119031714,0.663108447489795,-0.126828083319077,0.25361597406183,0.0582551291089355,-0.116118232937337,-0.199053267320486,1.45988889715484,0.874786019622496,0.0710025160380395,0.0979090189068839,0.378761559618222,0.268145961565877,0.461650630620589,0.377621483902301,0,0.297477964329829,0.343000350101303,0.281232136167665,0.496550879159747,0.265727951206857,0.653951031900291,-0.0272993559597313,0.42250163156658,0.866568537397734
"Bacteroides [Genus]",0.213328829211708,0.849923336931557,0.253184087609598,0.0127423853939283,-0.075196479104936,-0.0164579428841527,0.329747650763076,0.423344980068224,0.082184502134766,-0.171164721196145,-0.0574210613798761,0.28629855788339,-0.0238598536878681,-0.023792850004994,0.951626515910466,-0.0626689932152778,0.081589448804075,0.0420195713774187,-0.304015394316886,0.0919835428484776,-0.217451210160263,-0.0445254829488002,0,0.489923595946917,0.421869309445029,-0.0629761666859412,-0.0724157585794588,1.18470938848673,0.120405346970457,0.396820149388066,-0.0945452814847127,0.170474453302156,0.371870363874331,0.267185185035489,0.42349461073064,0.457642344046949,-0.329342816866483,-0.350958288305458,-0.028364367029418,-0.28306705919005,0.353926767568265,0.688734330246343,0.410010518324184,0.681769971475406,0.319834345342065,0.221685585945007,-0.32618570853313,-0.218510568713785,0.586935136097584,0.727412205310975,-0.0377353970112003,0.249898589590748,0.502994679388095,0.244555536531412,0.431921011859563,-0.0194543848695537,0.0923625884326819,-0.178085321931922,0.0734969533706759,-0.0358457727262251,-0.126691435308081,0.0732626576892844,-0.0195935052124209,0.0457443458912106,0.45646433516168,-0.201013227261736
"Bacteroides vulgatus",0.20527164652643,0.179581478548303,-0.143158309667283,0.44064670773411,-0.212633885433016,-0.615689117130794,-0.265787399273524,0.539357795662881,-0.210284318901346,-0.281874692273604,0.0058779197679269,-0.242377195541364,-0.0372999234228961,-0.408253516921104,0.727745790212302,-0.0171632654492273,0.473832143542675,0.595940604248517,0.121606963613367,0.227318237489448,0.332904874754312,0.298879087517251,0.489923595946917,0,-0.0818528563414146,-0.343135476586084,0.449529577585943,0.0957019653559198,0.482026467343965,0.549858612357006,0.0636452603003044,0.162565404850194,-0.260155783985436,0.143272253887214,0.134166512059096,0.256952719275754,0.653856538314756,0.352172949500858,0.416593998472854,0.231067767378439,0.629893403525712,0.258053518570544,0.354956921072764,0.0730394168989207,0.161907289483722,0.16085891999287,-0.023200707600628,-0.485764371360047,0.311730616608542,0.932585243525617,0.0465489930334536,0.309912582629778,0.211241701434263,0.0445160901502166,-0.0503316845974555,-0.232876268085542,-0.63841874248097,0.0417901433140644,-0.225908336336635,0.3371175233989,0.0522104153116537,0.0403887211361922,0.203981649638757,0.127033487630673,0.429686726273886,-0.168957891089606
"Bacteroides ovatus",-0.936636455377101,-0.0657876033639921,-0.200681990495829,-0.0576015406390684,-0.834483479432391,-0.662091973318556,-0.180383488223062,0,-0.328117114261674,-0.458180212575234,-0.337264765932298,-0.390745877337741,0.427509091827645,0.0612027391655773,0,0.496470527729389,0,0.762024560472961,0.223831812857283,0.549718345714113,0.274194126993406,0,0.421869309445029,-0.0818528563414146,0,0.316961351476078,0,0.172459326728195,0.437275528085706,0.826593595663302,-0.567531835048402,0.779271284169742,-0.389701483860258,0.151022531209557,0.549179639127353,0.372210165466246,-0.36108879843156,0.854646587211618,-0.006672336964168,0.652591952479744,-0.00667525703314239,-0.0247660186328123,0.0681231030510798,-0.370076611342284,-0.0494039006413167,-0.227345265285194,-0.321558838193105,-0.324209112343255,-0.455148301302207,-0.0525907965580877,-0.0586592527705118,-0.505832177972501,0.0286288092247157,-0.446598960330995,-0.274200085959668,-0.229688132754071,-0.260174186614242,-0.0263587499170956,-0.112159516546319,0.39625758451527,-0.115785254180583,0,-0.157088258144572,-0.0424002877336505,-0.247358334147464,-0.72076802639547
"Bacteroides uniformis",-0.310390393780372,0.596543019544027,-0.290466632912546,0.243453067145299,-0.239184180446732,-0.458208728400089,-0.0760505630933284,0.0826284251666263,-0.632785275977816,-0.136652046353097,0.0844310277202976,-0.226931271577981,0.0787239052996407,-0.204622935883667,0.626548424768892,-0.308853810839854,1.10816923203526,0.353072540080075,-0.0763918081109254,0.524778937410892,0.117072798994344,-0.336630741707169,-0.0629761666859412,-0.343135476586084,0.316961351476078,0,0.0409692217179072,-0.140385568640361,0.0415717075819611,0.619363546911563,0.0572279644095606,0.615821770039647,-0.129597900021011,-0.594297226480565,0.436874002138279,-0.811987090557406,0.376555761993638,-0.0647201676231891,0.495145367371436,-0.0335438277772678,0.601628248353065,0.104692147631163,0.222269138175608,-0.465556314173301,-0.0438469301466169,-0.0928166196749926,-0.172538145659576,0.00935704329760326,0.108521083979926,-0.174869540339935,-0.114691190308631,-0.418683605921307,0.0298150181918203,-0.364464497823721,0.167495553649848,0.220223846906523,-0.500540839176672,-0.00213659050763759,0.564547956799715,0.0615713188863107,-0.172971781766954,0,-0.537780705442827,-0.356723122069982,-0.107152560071691,-0.559444888455565
"[Paraprevotellaceae] [Family]",-0.135162255242797,0.0978685863942575,0.088350303036234,0.0213782663570269,0.230190615448475,-0.230383589704555,0.469802719380753,0.197557542641916,0.527207148371866,0.385067208351461,0.207404976017836,0.657810750905765,0,0.109277909484359,0.334285641706821,0.553610498001484,-0.156467062547961,0.0954215809426461,-0.234967386996912,0.370635100345186,0.162582651970531,0.686100322974727,-0.0724157585794588,0.449529577585943,0,0.0409692217179072,0,-0.147845967786214,-0.393952867626914,0.336967455215607,-0.144703566713249,0.0316333021511643,-0.0223844523393632,-0.32866828846034,0.746122011375956,0.239996759805537,0.0443495254664997,-0.443497406100128,-0.319633076497214,-0.279195040352736,-0.389065821295055,-0.288759421886602,-0.355119593230614,-0.169665218723585,-0.0838078197946631,-0.502316825387173,-0.228192613946253,-0.265946680661072,0.451990349935755,0.316092585067924,-0.0691473001877797,0.023035927720726,-0.0442805235432603,-0.232621600978426,-0.222709387713127,0.115368954781462,-0.60683360163965,0.670420953640299,-0.00577649040677145,-0.242169753121057,0.0922236616455513,0.270250663317316,0.391139120174727,-0.026754832683369,-0.599462611169261,0.760731396061549
"Paraprevotella [Genus]",0.118777555907359,-0.0987442445050728,0.101107028719931,0.419848425765976,-0.139175278696437,-0.233298659444842,-0.370174191170547,0.564934744136757,0.116555241670585,0.120033553574434,-0.321026916166845,-0.0774854847072226,0.257818409199776,-0.4049455796529,0,0.0646888424165502,0.289516117960636,0.187583720014102,0.13141414424476,0.193804197752458,0.929745596384626,0.0210378137713544,1.18470938848673,0.0957019653559198,0.172459326728195,-0.140385568640361,-0.147845967786214,0,-0.0847490614161492,0.0352816190138681,-0.00272437191428404,-0.123217163451678,0.0501501691155033,0.317260611206191,-0.781382516019688,-0.112538596256255,0.634603898080168,1.04687204354435,0.185283830950071,1.35198942935155,0.441179064366487,-0.466617206997051,0.196655714632989,-0.387775140388331,0.267162716020089,0.108517748649835,-0.128995836505597,-0.162523399336805,-0.17423531755351,-0.240497036451066,0.223349865935145,0.0546869253297431,0.492892329878746,-0.0808168108429266,-0.644603864079383,0.10507802962203,-0.222216793578205,0.187609878493082,0.377384761046276,0.547763966167616,0.0946274304303578,0.734636456920978,0.362393635673452,0.159415425392362,0.188759126866386,-0.22847636483516
"[Prevotella] [Genus]",-0.0293285296197911,-0.199844988013763,0.0198492963305749,-0.590767625820461,-0.065338573627347,0.523403043325882,-0.0549858494152352,-0.00034781389984137,0.682673307138292,0.202832063009212,0.420642439444415,1.09456094293521,-0.223651593781201,0.0674602707434411,-0.268424629281618,0.150469750173377,-0.210084606815926,0.0793946868376869,0.59200957215462,0.0622849265585043,-0.331488769278794,-0.0275572628870459,0.120405346970457,0.482026467343965,0.437275528085706,0.0415717075819611,-0.393952867626914,-0.0847490614161492,0,-0.27106675078161,-0.174451115532418,-0.298175229331112,0.45973068909907,0.263991840759168,-0.222266405696531,0.0293924512910065,0.110552682184591,0.27330290990067,-0.540388716320753,0.0149658738415467,-0.194495043084319,-0.00962952354488594,0.259417437560728,-0.105392699908107,0.421203106321575,0.170144441751058,0.291917685234647,0.675859181457666,-0.0826336829277947,-0.458612940258065,-0.229602044419666,0.362630367892075,0.197035800417959,-0.104865628154717,-0.18090680675069,-0.402224717910633,0.518023464242193,-0.526142690024227,-0.0490407612243987,0.186715805628492,0.235340325079213,0.150895901041298,-0.858092920568567,-0.381094191863975,0.0986373423662301,0.205349256331155
"Prevotella [Genus]",0.240226410330262,-0.329533832237812,0.117591649768951,0.0249008312738238,0.674362026714049,-0.141649998805731,0.155919917404342,0.0461409792574785,-0.450682260271867,0.24356122428607,-0.539874564924386,0.0272586853310034,-0.0146710437917424,0.466838267654319,-0.631683873419406,0.101075724013724,0.461180980984574,-0.114579901905044,0.384560516630144,0.487942915132357,-0.245845316532155,0.33705543980866,0.396820149388066,0.549858612357006,0.826593595663302,0.619363546911563,0.336967455215607,0.0352816190138681,-0.27106675078161,0,-0.427199905565289,-0.364047221941575,0.298196042964435,0.56304730941025,-0.116527045501529,0.141710036863127,-0.770226672263916,0.0358135994728475,-0.267673115311323,-0.414762252613187,-0.621093643183414,-0.251371252478356,-0.200638564758346,0.253303624767042,-0.474350426589051,-0.013951771989022,-0.0757092191281385,0.356956760907138,-0.222712527024739,0.166831292347635,0.191948211752567,0.144593493013028,-0.310610148535474,0.398655136759039,-0.0185605132604385,-0.383055924544255,0.290170236145632,0.0354790683486043,-0.243484416832527,-0.446690971867016,-0.0947109280831762,-0.0686563373209919,0.298407935907741,-0.380168380088498,-0.265951952249024,0.162622447468072
"Prevotella copri",-0.309195995643145,-0.0517348528911349,-0.325631481942625,-0.874340772399948,-0.214525823388696,0.622970392721233,-0.420097945356172,-0.626179908920716,0.246673680969176,-0.419024006343892,0.0386667450540371,-0.0481874129899862,0.0667301809014876,-0.139029960070119,-0.666582178495864,-0.11254129858954,-0.161915670041925,-0.285780082907051,0.300891975604833,-0.553457280311551,-0.217396340070387,-0.250409652131729,-0.0945452814847127,0.0636452603003044,-0.567531835048402,0.0572279644095606,-0.144703566713249,-0.00272437191428404,-0.174451115532418,-0.427199905565289,0,-0.0228291250588774,0.0266944234161495,-0.109708826980411,-0.322731943651623,-0.0243932412814125,-0.359853111452441,-0.0786401759903997,-0.85451836280062,-0.32867224417462,-0.616908059419369,-0.299075591095927,-0.517605253259627,-0.253311913087691,-0.443843754975257,-0.268524760712744,-0.224277457568389,-0.244529601961563,-0.561794651752198,-1.00789118626285,-0.525734542600699,-0.479263421341396,-0.630424064794293,-0.0530486041454751,-0.0555128557693737,-0.658313046754567,0.441927895406447,-0.0555426785542185,-0.496691408507941,-0.25087780907692,-0.39711718878406,-0.119413749389943,-0.40027731558783,-0.268665304764107,-0.552503605851969,-0.0665226959638607
"Prevotella stercorea",-0.0154735612482321,-0.310005083713038,-0.356016813239152,-0.620279792404064,-0.172295869738199,0.746262157136491,-0.231023594525441,-0.489557137624836,-0.238356527174026,-0.205135575942075,-0.361376697251991,0.323202145584157,-0.0641614204126812,0.0860367023724944,-0.782873605614988,0.214475060441196,0.415189231760284,-0.12937641021464,0.287702115190682,-0.641680860608258,-0.164985245298836,-0.715440676733578,0.170474453302156,0.162565404850194,0.779271284169742,0.615821770039647,0.0316333021511643,-0.123217163451678,-0.298175229331112,-0.364047221941575,-0.0228291250588774,0,0.311086168204569,0.473520719746186,-0.347465007499523,-0.314182863313661,-0.297483115473625,-0.317261781533153,-0.705476748599113,-0.093480677391964,-0.292551850815733,-0.509621409153667,0.169604593646495,-0.424859624610965,-0.275229504262372,-0.315368598828427,0.0572557005004918,0.55930223306235,-0.563662275769032,-0.61019539769827,-0.271116776080803,-0.343478088578761,-0.125831302600611,0.0429294905377727,0.14012306505675,-0.375973709160869,0.81124725310583,-0.0458848735528955,-1.00461468390084,-0.367171100065392,-0.233737271111046,0.0234600095314509,-0.47514665697038,-0.213805891123038,-0.347569624655073,0.154717508428501
"Parabacteroides [Genus]",-0.316474796991309,-0.212542748257093,-0.117624278581326,-0.0319445320096853,-0.355671659860125,-0.498151028159249,-0.27226483692456,0.7739771695412,-0.486399315585646,0.083080714157539,0.166651529372523,-0.598180603896594,0.209323962747797,-0.293072472642891,0.0591283028868643,0.0620390667562994,0.108781448816461,-0.0445808409419793,0.315430472073239,0.27445219120004,-0.034310392706889,0.00938003146215213,0.371870363874331,-0.260155783985436,-0.389701483860258,-0.129597900021011,-0.0223844523393632,0.0501501691155033,0.45973068909907,0.298196042964435,0.0266944234161495,0.311086168204569,0,-0.503002576716757,0.157742176613465,0.105115245891601,0.732570696665899,0.558947919336159,0.227460824199933,0.293449907248934,0.228817397499004,0.522077654565272,0.112580299108809,-0.266451019615538,-0.0705709086584137,0.29381360908513,-0.177348637816727,0.10962383531075,-0.0278861475001625,0.600065835726802,0.321176735487871,-0.659790577483116,-0.246612655470687,-0.362177699138394,-0.282212580108213,-0.310839412022527,-0.215482999262693,0.120075382579739,0.331275090256908,0.203643315804105,0.0134000002740684,-0.181438682703698,-0.00136120735720259,0.123285424615487,-0.020282779747636,0.179865372532243
"Parabacteroides distasonis",-0.668936950463767,0.462416348198645,-0.122864540386607,0.0824668336932314,-0.683669479830114,-0.454406000092282,-0.191158611823689,0.518210028719931,0.166617083802175,-0.398284194410346,-0.174358428124535,0.111101663068669,0.0352980052758674,-0.290548652923779,-0.279932209602357,0.0317188546534617,0.418673109902434,0.596563794528193,0.536466721682352,-0.0713122306818952,-0.325901545340129,-0.0615142092151599,0.267185185035489,0.143272253887214,0.151022531209557,-0.594297226480565,-0.32866828846034,0.317260611206191,0.263991840759168,0.56304730941025,-0.109708826980411,0.473520719746186,-0.503002576716757,0,0.245510719579941,-0.488290199397575,0.224198837354984,-0.0629487725571521,0.185780376759207,0.154502050592256,0.825770577748146,-0.0158306372592261,-0.216474712426913,-0.503771195583936,-0.000712705117758575,0.147235755713058,-0.812635897644018,-0.315594458651392,0.0969122501882277,0.162388974948065,-0.150930509474472,-0.214061682156806,-0.296648930084407,-0.442517627869346,-0.124357829742358,-0.0126274595478449,-0.50399497014424,-0.129315264748561,0.171416126911755,-0.0209734942050373,-0.303682939487032,0.855217532280589,-0.795524047845061,-0.340785458870952,0.0790792385246663,-0.403314127769423
"S24-7 [Family]",0.190188277285659,0.100505193049745,0.0600921726523368,0.534274305686453,0.3651589772766,-0.641908364743919,0.368798830046925,-0.138924105770506,0.487072642638112,0.350647674883772,-0.0064027225768972,-0.117030522084576,0.302368262473118,-0.0724134267906656,0.0939533394241714,-1.11829687508946,0.65602197750697,0.190634710742504,-0.440551175658569,-0.0450587863688475,0.32579869435754,0.717373117394302,0.42349461073064,0.134166512059096,0.549179639127353,0.436874002138279,0.746122011375956,-0.781382516019688,-0.222266405696531,-0.116527045501529,-0.322731943651623,-0.347465007499523,0.157742176613465,0.245510719579941,0,-0.226264302874924,-0.150724641229283,0.471799118750888,-0.176770354152587,-0.317489472120236,-0.267936604171861,-0.511582527035554,-0.393132386866222,-0.53597727905637,0.169728504301638,0.210441248731656,0.0518615222055001,0.485016302413542,-0.488102485823169,-0.354125951497823,0.00846183587552482,0.120198190620582,-0.513442017824313,0.204464222457701,-0.128174048279467,0.35873480151717,-0.19096996833917,-0.0567304525756429,0.452537918494708,-0.169686991451134,-0.0872792869120098,-0.0289792235981799,0.0134393329913163,-0.0206530555189907,-0.199014963475615,-0.128895291780996
"Phascolarctobacterium [Genus]",-0.120382992501237,0.16605433899042,0.0626932145479186,-0.161999597547242,0.00556121307830576,-0.0332073904698522,-0.215525736445146,0.194060829124279,0.364884350505859,0.229666083294111,-0.0497286896861224,0.307327352868476,-0.153606124654815,-0.0830358613736936,-0.601249768567861,0.551701389443403,0.359247121583737,0.224352047854387,0.0403330860636515,-0.0620768041825648,0.343440148231614,-0.0609158115955919,0.457642344046949,0.256952719275754,0.372210165466246,-0.811987090557406,0.239996759805537,-0.112538596256255,0.0293924512910065,0.141710036863127,-0.0243932412814125,-0.314182863313661,0.105115245891601,-0.488290199397575,-0.226264302874924,0,0.051663598044105,0.339589068440134,0.376802156642207,0.414514166234671,0.609457007428979,0.311251572291412,0.424072093506157,0.0202870165255376,0.429303780002343,0.289477758239032,-0.253180099809597,0.166558029923984,0.414066742741047,0.289686786412791,0.206888409344648,0.121908029726544,0.114877578135665,-0.114346891775998,0.208145934409366,-0.0769544444261538,0.444388087685109,-0.293906293953582,0.173244624172703,0.146499786809566,0.15273910076705,0.174737521086144,0.000831337506072727,-0.36403559851307,0.432455672772917,-0.0307829164686128
"Acidaminococcus [Genus]",0.459014026833021,0.134410866810743,0.211820574020901,0.13713628809052,0.60709576898149,-0.252280403005916,0.323211619022471,0.528823602572951,0.0897877340200146,0.44916037624291,-0.385288448300322,0.352943754271396,0.335912291178898,0.108366925632588,0.579693140172934,0.1430472160332,-0.167015669379325,-0.313205870982663,0.142735023407774,0.4119620981175,0.492378623719798,0.0807196335551274,-0.329342816866483,0.653856538314756,-0.36108879843156,0.376555761993638,0.0443495254664997,0.634603898080168,0.110552682184591,-0.770226672263916,-0.359853111452441,-0.297483115473625,0.732570696665899,0.224198837354984,-0.150724641229283,0.051663598044105,0,0.190115164792127,0.395708213150542,0.146475867955575,0.168758477719177,0.329009679081977,0.396344743238884,0.0901309591886632,-0.904073431989774,0.0851085305682369,-0.240044791451315,0.766899532708843,1.09141643896387,0.827710231375348,0.375110783426769,0.0217958634489,0.508224639475373,0.28413709745974,0.174484545525805,-0.173159487470663,-0.0572917102132296,0.442956472477344,0.131416876027449,0.137551765289892,0.398611026098633,0.00211327488275744,0.293541001153701,0.0283638556884933,0.264784509299066,0.437720246822505
"Megasphaera elsdenii",0.0563259448711245,0.0774684552586636,0.436278552555035,0.266588548296417,0.31761812832679,0.0668657570430649,0.542204256755404,0.270446226288517,-0.526345440240565,0.526345502057985,-0.53317661974553,0.661057620503853,-0.164525902895749,0.36396768011089,0.426441591099152,0.138621377352001,-0.683566177624192,-0.043213161830136,0.069899781688303,0.107565433860977,-0.0545977573081862,-0.587182656048998,-0.350958288305458,0.352172949500858,0.854646587211618,-0.0647201676231891,-0.443497406100128,1.04687204354435,0.27330290990067,0.0358135994728475,-0.0786401759903997,-0.317261781533153,0.558947919336159,-0.0629487725571521,0.471799118750888,0.339589068440134,0.190115164792127,0,0.353840850331421,0.0298886489454932,0.269575980678964,0.42511864184774,0.497287217754898,0.392425672405908,-0.185953655126744,0.168960437632095,-0.114493445527176,-0.298365796625175,0.393514225321063,0.37765632358112,0.357326471720532,0.306728081683227,0.804699921386345,0.219590537896474,0.347159258394121,-0.247713108513401,-0.333237528328524,0.184831099554218,0.720073706376336,-0.0221380052028586,0.103851915414904,0.0153521895339215,-0.0399735857405075,-0.444651714450499,0.237376006639823,0.514582674718101
"Dialister [Genus]",0.0421740987473585,0.902817571759334,0.450097704527535,-0.129276852690111,0.0636614189244341,0.00670150098434923,0.323607972966966,0.288242699907215,0.693905773126756,0.192852289912558,-0.454524368987124,0.138358160099405,0.132513050735087,0.145004702215233,0.446926381392986,0.2087092719794,-0.680123090432751,0.613595239445236,-0.154242037105468,-0.0390832801998517,0.612523066004687,0.514567370522728,-0.028364367029418,0.416593998472854,-0.006672336964168,0.495145367371436,-0.319633076497214,0.185283830950071,-0.540388716320753,-0.267673115311323,-0.85451836280062,-0.705476748599113,0.227460824199933,0.185780376759207,-0.176770354152587,0.376802156642207,0.395708213150542,0.353840850331421,0,0.161848270584099,-0.141758357090141,-0.0790364341501413,-0.0669762027887776,0.675110879672993,0.617082542993259,-0.280406087835546,0.215325292094917,-0.108262422858829,-0.0807963306697994,-0.012645098065576,-0.11589741394024,-0.168684033324462,0.578712948280556,-0.130896177217422,-0.504102160068256,0.370339428503545,-0.576223778393139,0.393120033765913,0.476678362769599,-0.0334071542847721,0.493871490397111,0.51958439966663,0.263607638749463,0.0068157485211827,-0.60220950316596,-0.101879513350649
"Allisonella histaminiformans",-0.103826031421782,0.121663575658113,0.793653572830997,0.652229573817078,0.503322917880974,0.316220573617231,1.23187838290847,-0.206560363783646,-0.217382567530716,0.0790408594124071,0.331385998873499,0.406903048327026,-0.679773732891457,0.410912646449506,-0.150473604673495,0.0011503549956558,-0.22173984680636,-0.402039326427559,0.236227444017209,0.0392803421752062,-0.217384473931514,0.119705480979291,-0.28306705919005,0.231067767378439,0.652591952479744,-0.0335438277772678,-0.279195040352736,1.35198942935155,0.0149658738415467,-0.414762252613187,-0.32867224417462,-0.093480677391964,0.293449907248934,0.154502050592256,-0.317489472120236,0.414514166234671,0.146475867955575,0.0298886489454932,0.161848270584099,0,-0.243798190039823,0.458938925818451,0.204403220541581,-0.172299640657788,0.18174169657862,0.74989323023962,-0.505365178734345,-0.413787101392634,-0.269557210835164,0.0648892277481974,0.340169028066753,0.20483897428731,0.284166527508263,-0.147707563709276,-0.247886145220932,-0.141367511143739,-0.465625698492639,-0.0309979240554356,-0.0487969719259505,0.163218935430146,-0.259385511715761,0.52502289714722,-0.501121452370157,-0.0865138641896983,0.192384366200072,-0.0873901995089533
"Mitsuokella jalaludinii",0.404267729821106,-0.0725428195220828,0.352086794898876,-0.199644697927665,0.0893663422093353,0.230251337889874,-0.155369365722893,-0.666822798832509,0.0513598398571605,0.118664886377119,-0.308950266363982,-0.0449822405243442,0,0.316530986897822,0.2022886372976,0.434924556912661,-0.396693148747256,0.782643035504877,-0.183309289395685,0.10735622676209,0.469506787619077,0.135859480969227,0.353926767568265,0.629893403525712,-0.00667525703314239,0.601628248353065,-0.389065821295055,0.441179064366487,-0.194495043084319,-0.621093643183414,-0.616908059419369,-0.292551850815733,0.228817397499004,0.825770577748146,-0.267936604171861,0.609457007428979,0.168758477719177,0.269575980678964,-0.141758357090141,-0.243798190039823,0,-0.262561900088158,-0.229994132953713,-0.281276763065346,-0.163921673973262,-0.188600333118256,-0.823538248880667,-0.406638439482953,-0.130025481948779,0.167490318078637,0.448845814888537,-0.360670322785511,-0.125677888062924,-0.0338796163001058,-0.494461143573116,0.193277965352058,-0.271401367819767,0.598829178829568,0.0725130028436681,0.49999463764648,0.412356295524073,0.317023106378845,0.471325270970065,0.0599568170618695,0.0243977724814899,0.144709747170113
"Coriobacteriaceae [Family]",-0.0165283453931695,-0.0824395388157356,0.100566197665608,0.0564077921967769,0.173045135693315,0.264318900000317,0.0420544782544366,0.549780974713025,-0.029578703099904,0.413200711369139,0.223228712738125,0.101187735093606,0.346639532162497,-0.0979431140867413,-0.344745476491,0.0425777589528685,-0.137523037954504,-0.248823018125898,0.18538122425899,0.370861005955711,-0.0917153508563284,-0.0658456119031714,0.688734330246343,0.258053518570544,-0.0247660186328123,0.104692147631163,-0.288759421886602,-0.466617206997051,-0.00962952354488594,-0.251371252478356,-0.299075591095927,-0.509621409153667,0.522077654565272,-0.0158306372592261,-0.511582527035554,0.311251572291412,0.329009679081977,0.42511864184774,-0.0790364341501413,0.458938925818451,-0.262561900088158,0,-0.0285157250714714,-0.443796339964432,-0.0206992507405349,-0.313015163371234,0.432648463817092,0.321280344718645,0.176175930140279,-0.295167780303367,0.249586153460637,-0.0146670072489175,-0.375941328881013,0.0313888813190468,-0.203869026029909,0.552530761682483,-0.0248241216017715,0.354464926423799,0.514953930742072,0.236186049110155,0.145639241591779,-0.132974149387415,0.353427001245799,-0.407158189562177,-0.442131392907153,0.383112861299539
"Collinsella aerofaciens",-0.240537166447049,0.152891656540839,0.169941591499132,-0.094557201532296,-0.235688418209257,-0.552412982346028,-0.085293661347342,0.416414069992698,0.148047293178934,0.232671245091659,0.305908924371921,-0.183001977658371,0.335154365125163,-0.507180146583007,0.728423836734256,0.103455872374904,-0.354920144802876,-0.242951462295857,0.0421374193662028,0.452029867797886,0.196330738448968,0.663108447489795,0.410010518324184,0.354956921072764,0.0681231030510798,0.222269138175608,-0.355119593230614,0.196655714632989,0.259417437560728,-0.200638564758346,-0.517605253259627,0.169604593646495,0.112580299108809,-0.216474712426913,-0.393132386866222,0.424072093506157,0.396344743238884,0.497287217754898,-0.0669762027887776,0.204403220541581,-0.229994132953713,-0.0285157250714714,0,-0.160299685406289,0.293312129597821,-0.066412989287487,-0.00129861195288505,0.17469961537726,0.32357637895266,-0.104033339017352,0.00881034033005773,0.120991823167439,-0.335738678587756,-0.0726974091282598,-0.0262336177389516,0.356416177202312,0.0705690579779357,0.209948447265274,0.339717213950915,0.274963532407549,0.156708882753446,-0.233530029203933,0.0454467247367609,0.0691660811772158,-0.187160730857469,-0.183700910481999
"Senegalimassilia anaerobia",-0.0373821370271236,0.134570663337124,-0.107682087250994,-0.00726344034064205,-0.193033102827025,0.0738975793896892,0.330285474356522,0.542561336568945,-0.246114042683353,0.341777093158788,0.478835882513623,0.0405956561335523,-0.228302537647407,0.0651513677814564,0.0486451349035563,-0.0896350295409136,0.485335954144304,0.10721592622461,0.470228647008128,0.556999967406764,0.13719447673493,-0.126828083319077,0.681769971475406,0.0730394168989207,-0.370076611342284,-0.465556314173301,-0.169665218723585,-0.387775140388331,-0.105392699908107,0.253303624767042,-0.253311913087691,-0.424859624610965,-0.266451019615538,-0.503771195583936,-0.53597727905637,0.0202870165255376,0.0901309591886632,0.392425672405908,0.675110879672993,-0.172299640657788,-0.281276763065346,-0.443796339964432,-0.160299685406289,0,0.159149221677164,-0.201684188210296,-0.437106472307343,0.211981575708936,-0.0665349984068843,0.315241309379612,0.450663993816546,-0.539989561007833,-0.250224698718162,-0.656956197400783,-0.542187602117641,0.0288346609395235,0.117944076399057,0.333629954584935,0.759545140424919,0.0965268450114503,0.237045033808479,-0.490614270601918,0.201242329341252,-0.17323467492099,-0.111790017944021,0.110300833440047
"SMB53 [Genus]",0.321334501936511,0.333517981771818,0.100418165998056,0.107656410293893,0.414703313276982,0.060672933476404,-0.054594752251918,-0.290801717701328,0.36964407126833,0.160810315514849,0.883862280384749,-0.188648508390421,0.496573837216595,-0.0567962048777892,-0.594293896615918,-0.411770567341718,0.344800516258833,-0.16289822788055,0.184318881457778,0.968098744461085,0.404833071418003,0.25361597406183,0.319834345342065,0.161907289483722,-0.0494039006413167,-0.0438469301466169,-0.0838078197946631,0.267162716020089,0.421203106321575,-0.474350426589051,-0.443843754975257,-0.275229504262372,-0.0705709086584137,-0.000712705117758575,0.169728504301638,0.429303780002343,-0.904073431989774,-0.185953655126744,0.617082542993259,0.18174169657862,-0.163921673973262,-0.0206992507405349,0.293312129597821,0.159149221677164,0,0.260861184939243,-0.508207499625301,0.193522469445736,0.446270754133058,0.724294171938088,0.423312454668283,0.000548631805555644,-0.114357886715118,0.414436520028066,-0.272189594686944,-0.220354469526508,0.154127848087657,-0.0377826431945403,0.504751807813308,0.110224432366759,0.342964658514889,-0.169011095082026,0.535322720459918,0.105744196555836,0.18475430437108,0.377002632568712
"[Mogibacteriaceae] [Family]",0.352158296266623,0.248880832562486,0.377460380111788,0.222819844405729,0.0195252749216033,-0.278760345695957,0.465323278423732,0.444828198269586,-0.172897031871671,0.313579272796835,-0.100200045774309,-0.396010585102538,0.269120354209841,-0.127806261103707,-0.225201061322506,0.496575777118479,-0.828209177811511,0.095021222127007,0.0691437249798827,0.346527437107056,0.266525722182556,0.0582551291089355,0.221685585945007,0.16085891999287,-0.227345265285194,-0.0928166196749926,-0.502316825387173,0.108517748649835,0.170144441751058,-0.013951771989022,-0.268524760712744,-0.315368598828427,0.29381360908513,0.147235755713058,0.210441248731656,0.289477758239032,0.0851085305682369,0.168960437632095,-0.280406087835546,0.74989323023962,-0.188600333118256,-0.313015163371234,-0.066412989287487,-0.201684188210296,0.260861184939243,0,0.126830509917399,0.532635477065451,0.898183461189157,0.473353557450687,0.0101287356018638,-0.0141225715658082,0.427352598226236,-0.223282478962794,-0.0738536710384589,0.579445412991897,-0.210701975002091,0.659102633556854,-0.255202829856174,0.150682591471456,0.168485831950104,0.0634128926037939,0.415344473372766,-0.0680051581502657,-0.0984029727022075,0.478207168835238
"Mogibacterium [Genus]",-0.528073792197333,-0.410289938324795,0.087567428163982,0.331568045060712,-0.196844636937304,-0.364541100403614,0.458020661725464,0.0646222353775916,0.103729159196228,0.716314927973017,0.992345780774744,0.496021226513619,0.288905114851404,0.070656017106333,-0.0475270652341637,-0.617070487872775,-0.444223093266826,-0.803182767314702,0.28224026570641,0.0831569602562554,-0.122815848405242,-0.116118232937337,-0.32618570853313,-0.023200707600628,-0.321558838193105,-0.172538145659576,-0.228192613946253,-0.128995836505597,0.291917685234647,-0.0757092191281385,-0.224277457568389,0.0572557005004918,-0.177348637816727,-0.812635897644018,0.0518615222055001,-0.253180099809597,-0.240044791451315,-0.114493445527176,0.215325292094917,-0.505365178734345,-0.823538248880667,0.432648463817092,-0.00129861195288505,-0.437106472307343,-0.508207499625301,0.126830509917399,0,-0.314440505407898,0.213144992135069,0.0476744463523529,0.324422945093472,0.164159471842747,-0.0878572311250314,-0.0477003485002401,-0.160066422476724,-0.0118196397147659,0.352368261722994,0.464795410833685,0.649972950291724,0.54609488403713,0.193899973106862,-0.321616314100426,0.178030795366933,0.316132926059596,0.00451961209630389,-0.172731439974288
"Streptococcus thermophilus",-0.0551148664460879,-0.129979391243842,0.465365917692754,0.44490166065424,0.262818548421803,-0.0171162836914994,0.40310368437889,0.15083147084547,-0.353002465902263,-0.0558790500480884,1.00317104691535,-0.0769282408437759,0.361970825985903,0.384859614279452,-0.131119467973929,0.266559801243571,0.244584127269345,0.0297217495137283,0.49633117588344,0.158075386948495,0.0647365591460869,-0.199053267320486,-0.218510568713785,-0.485764371360047,-0.324209112343255,0.00935704329760326,-0.265946680661072,-0.162523399336805,0.675859181457666,0.356956760907138,-0.244529601961563,0.55930223306235,0.10962383531075,-0.315594458651392,0.485016302413542,0.166558029923984,0.766899532708843,-0.298365796625175,-0.108262422858829,-0.413787101392634,-0.406638439482953,0.321280344718645,0.17469961537726,0.211981575708936,0.193522469445736,0.532635477065451,-0.314440505407898,0,-0.326441965770663,0.364722077969602,0.012369722284376,0.132775721607683,0.0425175462023247,-0.0319507876122779,-0.226756586225755,0.0849702357195554,-0.085387385532006,-0.264827998419191,0.00454838261584524,0.510957804365738,-0.00243173101785357,0.121118051213123,-0.212412496301022,0.483029265619396,0.291961508539103,-0.131425768709726
"[Eubacterium] biforme",0.0578010784585057,-0.346786404384866,6.34932929002019e-05,-0.0950880734559034,0.0770267420978291,0.374351251853979,-0.00486328683978351,0.0991573991978131,0.767950940325292,0.0735042932502957,0.365870145742037,-0.174014213614293,0.335577247995951,0.407480740216066,0.318931962978077,0.0693081145957951,-0.0518823727918586,-0.313539789208752,0.350220050519081,0.116027124165769,0.0949787235157236,1.45988889715484,0.586935136097584,0.311730616608542,-0.455148301302207,0.108521083979926,0.451990349935755,-0.17423531755351,-0.0826336829277947,-0.222712527024739,-0.561794651752198,-0.563662275769032,-0.0278861475001625,0.0969122501882277,-0.488102485823169,0.414066742741047,1.09141643896387,0.393514225321063,-0.0807963306697994,-0.269557210835164,-0.130025481948779,0.176175930140279,0.32357637895266,-0.0665349984068843,0.446270754133058,0.898183461189157,0.213144992135069,-0.326441965770663,0,-0.0769191952130752,-0.193117633919092,-0.0833609595673869,0.506903175200778,0.135712347118358,-0.394053212802146,-0.208180225087001,0.58582172379722,0.0435656264656356,-0.122928197873563,0.767884750145539,0.253112718402312,-0.054811006846571,0.117189038733293,0.195306093182225,0.382124798185323,0.296236193238143
"Catenibacterium mitsuokai",0.31490685364789,0.525526155282203,0.117353407953594,0.331994039963779,0.368465031684375,0.586110745379488,0.10033279883017,-0.178658502470333,1.25352474507952,-0.0774568324806236,-0.154242583377745,-0.252915564702684,0.905670617211896,0.35378587920389,-0.000393259090346959,0.308742886057209,-0.00487971492487599,-0.159920786065728,-0.251949820845176,-0.0322083411209158,0.554696054891583,0.874786019622496,0.727412205310975,0.932585243525617,-0.0525907965580877,-0.174869540339935,0.316092585067924,-0.240497036451066,-0.458612940258065,0.166831292347635,-1.00789118626285,-0.61019539769827,0.600065835726802,0.162388974948065,-0.354125951497823,0.289686786412791,0.827710231375348,0.37765632358112,-0.012645098065576,0.0648892277481974,0.167490318078637,-0.295167780303367,-0.104033339017352,0.315241309379612,0.724294171938088,0.473353557450687,0.0476744463523529,0.364722077969602,-0.0769191952130752,0,0.140924270339775,0.105717266517571,0.593430686639871,0.499912992393231,-0.428033237363386,0.0609928267432938,0.591025494182547,-0.195950749543533,-0.684245760959278,0.0371468241989762,-0.17177272430673,0.231787682068677,0.0942133140022088,-0.184535036755586,0.182160870272277,0.225366524126442
"Lachnospiraceae [Family]",0.11534361554558,0.732172918471105,-0.138716769950706,-0.15115394083507,0.0351995654690239,0.344574514624847,0.0854030348662861,-0.0390912949146907,0.949639882076295,-0.158722881074068,-0.421206594367242,0.0622722983677545,0.158655798107071,-0.0879252442122556,-0.179921128614407,0.355356575045165,-0.0209327997661155,1.16336739359596,0.0324527947684069,-0.25998914590201,0.734129131038308,0.0710025160380395,-0.0377353970112003,0.0465489930334536,-0.0586592527705118,-0.114691190308631,-0.0691473001877797,0.223349865935145,-0.229602044419666,0.191948211752567,-0.525734542600699,-0.271116776080803,0.321176735487871,-0.150930509474472,0.00846183587552482,0.206888409344648,0.375110783426769,0.357326471720532,-0.11589741394024,0.340169028066753,0.448845814888537,0.249586153460637,0.00881034033005773,0.450663993816546,0.423312454668283,0.0101287356018638,0.324422945093472,0.012369722284376,-0.193117633919092,0.140924270339775,0,0.0343143274799123,0.54724895499813,-0.0966060271581498,-0.0194324135867836,0.0466871150699501,0.0279643224352657,-7.7783261762554e-05,0.122688941560272,-0.190455822242915,-0.253495825445539,0.0121071914112427,-0.34448364634685,-0.34953716416813,0.280808509700982,-0.029382435703242
"Blautia [Genus]",0.0151665951337025,-0.647479910195341,-0.220298336288177,-0.202265453450969,-0.368248182790877,-0.668925584501575,-0.197795082262767,-0.162943087770494,0.104981343191231,-0.112739598068273,0.220276327658326,-0.0866373085519975,0.110927439514696,-0.199341445148982,0.0450358037518268,-0.0676633853058078,0.273007132629246,0.0894956263202468,0.277345705162457,0.095438228593621,0.652167194909783,0.0979090189068839,0.249898589590748,0.309912582629778,-0.505832177972501,-0.418683605921307,0.023035927720726,0.0546869253297431,0.362630367892075,0.144593493013028,-0.479263421341396,-0.343478088578761,-0.659790577483116,-0.214061682156806,0.120198190620582,0.121908029726544,0.0217958634489,0.306728081683227,-0.168684033324462,0.20483897428731,-0.360670322785511,-0.0146670072489175,0.120991823167439,-0.539989561007833,0.000548631805555644,-0.0141225715658082,0.164159471842747,0.132775721607683,-0.0833609595673869,0.105717266517571,0.0343143274799123,0,0.168606942314191,0.156534453923145,0.17590623213283,-0.250148860621877,0.251293783665469,0.489192301934291,0.0128596885426873,0.229046219827768,-0.087750938727266,-0.678917111400293,0.571815217420702,0.601696737255273,0.342146367315561,0.265405706802386
"Peptococcus [Genus]",0.00030339390031936,-0.000586095737521455,0.397723728522645,0.552577493907131,-0.0869156101203055,0,0.287339433426125,0.14008163772965,0.246484240454424,-0.00973709741402622,0.308950266363982,0.154070911902621,0,0.0418248526035372,0.288085731777347,-0.380598868210977,0.617816799132351,0.210424431378662,-0.115853481392829,1.415012150568,0.234760157060534,0.378761559618222,0.502994679388095,0.211241701434263,0.0286288092247157,0.0298150181918203,-0.0442805235432603,0.492892329878746,0.197035800417959,-0.310610148535474,-0.630424064794293,-0.125831302600611,-0.246612655470687,-0.296648930084407,-0.513442017824313,0.114877578135665,0.508224639475373,0.804699921386345,0.578712948280556,0.284166527508263,-0.125677888062924,-0.375941328881013,-0.335738678587756,-0.250224698718162,-0.114357886715118,0.427352598226236,-0.0878572311250314,0.0425175462023247,0.506903175200778,0.593430686639871,0.54724895499813,0.168606942314191,0,0.0445005183439079,-0.163318300597513,1.0657432078665,0.641758466632563,0.683484718710058,0.0562575655985071,0.461410272280008,0.605257636711785,-0.0367386017935354,0.981573307401887,0.633820238178681,0.357032695853191,0.188654507979244
"Blautia wexlerae",-0.18958139124327,0.0271554624741863,-0.209438795239601,-0.0532620029881551,-0.439727484219048,-0.56344724145827,0.0874326568297976,-0.0768034574035045,-0.136874861958395,-0.209894627276351,0.402394730481028,-0.0803175694101659,0.130715057031758,0.0357098102652278,0.613470569038035,0.0583193652226586,0.224054667560568,0.194620087313839,0.0688502293288062,0.239102607148391,0.0683202270298559,0.268145961565877,0.244555536531412,0.0445160901502166,-0.446598960330995,-0.364464497823721,-0.232621600978426,-0.0808168108429266,-0.104865628154717,0.398655136759039,-0.0530486041454751,0.0429294905377727,-0.362177699138394,-0.442517627869346,0.204464222457701,-0.114346891775998,0.28413709745974,0.219590537896474,-0.130896177217422,-0.147707563709276,-0.0338796163001058,0.0313888813190468,-0.0726974091282598,-0.656956197400783,0.414436520028066,-0.223282478962794,-0.0477003485002401,-0.0319507876122779,0.135712347118358,0.499912992393231,-0.0966060271581498,0.156534453923145,0.0445005183439079,0,-0.0676816282772476,-0.0196564542613838,0.0677863142459216,0.149019868593822,0.0921996330996905,0.183887277311801,-0.158474800567589,-0.563295263888436,0.0664473184942046,0.176570303598666,0.0333590559049655,-0.083403833725598
"Blautia obeum",-0.101012873968989,-0.610009711579828,-0.37707809239567,-0.0328081801869682,-0.180226842821542,-0.478592695134327,-0.263044218011987,0.691505501988768,-0.00170530445233386,0.094650337811055,1.02834822552915,-0.0405612276574305,-0.0217189152206349,-0.695175629394106,-0.0983357626850116,-0.685853890510084,0.0177646203754529,0.194445859924096,0.0639803037494332,0.0784172995763022,0.122585637358839,0.461650630620589,0.431921011859563,-0.0503316845974555,-0.274200085959668,0.167495553649848,-0.222709387713127,-0.644603864079383,-0.18090680675069,-0.0185605132604385,-0.0555128557693737,0.14012306505675,-0.282212580108213,-0.124357829742358,-0.128174048279467,0.208145934409366,0.174484545525805,0.347159258394121,-0.504102160068256,-0.247886145220932,-0.494461143573116,-0.203869026029909,-0.0262336177389516,-0.542187602117641,-0.272189594686944,-0.0738536710384589,-0.160066422476724,-0.226756586225755,-0.394053212802146,-0.428033237363386,-0.0194324135867836,0.17590623213283,-0.163318300597513,-0.0676816282772476,0,-0.459942487281558,0.0375631064714836,0.0858070420364826,0.421089045795902,0.143491751740937,-0.104462649642511,-0.622186951252717,0.0818309749538736,0.280367573350166,-0.311617017509161,0.0391690092071198
"Lachnospira [Genus]",0.257149635970213,0.26718782455924,-0.133183393866867,0.0411027445001655,-0.0290863518151874,0.498316407493547,-0.00289452266622953,0.487666071976563,0.169787805407637,0.0775530366650145,-0.075562118893708,0.231943441946003,0.237107528310754,0.264071858393659,-0.474569289419114,-0.122571267144609,-0.652634605520837,0.514828716838153,0.495299602650623,-0.444095317052908,0.021841180609008,0.377621483902301,-0.0194543848695537,-0.232876268085542,-0.229688132754071,0.220223846906523,0.115368954781462,0.10507802962203,-0.402224717910633,-0.383055924544255,-0.658313046754567,-0.375973709160869,-0.310839412022527,-0.0126274595478449,0.35873480151717,-0.0769544444261538,-0.173159487470663,-0.247713108513401,0.370339428503545,-0.141367511143739,0.193277965352058,0.552530761682483,0.356416177202312,0.0288346609395235,-0.220354469526508,0.579445412991897,-0.0118196397147659,0.0849702357195554,-0.208180225087001,0.0609928267432938,0.0466871150699501,-0.250148860621877,1.0657432078665,-0.0196564542613838,-0.459942487281558,0,0.356130954495296,0.27130594483214,0.11845892513166,0.327209942847272,0.24274451529384,0.419830332298412,-0.0138387274733325,0.14870932490217,0.265275388696113,0.0314270813010335
"[Ruminococcus] gnavus",0.0568304776808991,0.0714408358404511,-0.546186394607548,0.186788593723161,-0.214900374354478,-0.5664832600777,-0.351517445807794,0,-0.320947267708784,-0.420714452995138,0.468280425925472,-0.750443284657833,-0.445597405142518,-0.65718820964071,1.73983554562417,-0.545018931887098,-0.192732554054082,0.157974662722672,-0.169414433107106,-0.0586502353036276,-0.233133246122885,0,0.0923625884326819,-0.63841874248097,-0.260174186614242,-0.500540839176672,-0.60683360163965,-0.222216793578205,0.518023464242193,0.290170236145632,0.441927895406447,0.81124725310583,-0.215482999262693,-0.50399497014424,-0.19096996833917,0.444388087685109,-0.0572917102132296,-0.333237528328524,-0.576223778393139,-0.465625698492639,-0.271401367819767,-0.0248241216017715,0.0705690579779357,0.117944076399057,0.154127848087657,-0.210701975002091,0.352368261722994,-0.085387385532006,0.58582172379722,0.591025494182547,0.0279643224352657,0.251293783665469,0.641758466632563,0.0677863142459216,0.0375631064714836,0.356130954495296,0,-0.173209048502898,-0.0622414315360308,0.319067418379416,-0.0793441687147653,0,-0.122968319803801,0.365846638651709,-0.219083764811464,-0.116886637098802
"Roseburia [Genus]",0.220689628558394,0.307954129850806,0.122797471415923,0.18944422380247,0.40682832551139,0.524735723502562,0.0123366243458571,0.0325747919910707,-0.0731111457539104,-0.00717131271238675,-0.0890632879021073,0.127934542458955,0.00456579897733163,0.0291336913690711,0.333628220307783,-0.0507148627419982,0.11895196410665,0.199189908524115,-0.149024647588147,-0.00460170545025733,0.0198862261107861,0.297477964329829,-0.178085321931922,0.0417901433140644,-0.0263587499170956,-0.00213659050763759,0.670420953640299,0.187609878493082,-0.526142690024227,0.0354790683486043,-0.0555426785542185,-0.0458848735528955,0.120075382579739,-0.129315264748561,-0.0567304525756429,-0.293906293953582,0.442956472477344,0.184831099554218,0.393120033765913,-0.0309979240554356,0.598829178829568,0.354464926423799,0.209948447265274,0.333629954584935,-0.0377826431945403,0.659102633556854,0.464795410833685,-0.264827998419191,0.0435656264656356,-0.195950749543533,-7.7783261762554e-05,0.489192301934291,0.683484718710058,0.149019868593822,0.0858070420364826,0.27130594483214,-0.173209048502898,0,-0.363826178175775,0.14241188426912,-0.37635454564153,0.758820367037696,-0.67352869080041,-0.0804906267949439,0.303993051024771,-0.386235825076492
"Roseburia faecis",0.0453679005626848,0.410710794814397,0.322881784447801,0.131302267213686,0.514601262472686,0.410633848839825,0.52121674520436,0.521336785524192,-0.117500020913708,-0.509700610732063,-0.13271985317438,0.726570191313639,0.380198863263983,-0.0365629838497974,-0.659813847226612,0.148627895019468,0,0.674605513006473,0.0173580461880989,0.413323654244305,-0.0131926536989679,0.343000350101303,0.0734969533706759,-0.225908336336635,-0.112159516546319,0.564547956799715,-0.00577649040677145,0.377384761046276,-0.0490407612243987,-0.243484416832527,-0.496691408507941,-1.00461468390084,0.331275090256908,0.171416126911755,0.452537918494708,0.173244624172703,0.131416876027449,0.720073706376336,0.476678362769599,-0.0487969719259505,0.0725130028436681,0.514953930742072,0.339717213950915,0.759545140424919,0.504751807813308,-0.255202829856174,0.649972950291724,0.00454838261584524,-0.122928197873563,-0.684245760959278,0.122688941560272,0.0128596885426873,0.0562575655985071,0.0921996330996905,0.421089045795902,0.11845892513166,-0.0622414315360308,-0.363826178175775,0,0.2984332677182,0.0659898046386505,0,0.405346877993417,0.0412635784551558,-0.299470598304667,-0.0372953475325697
"Dorea [Genus]",0.0308935267123278,0.337410153766093,0.225615204057132,-0.0792656292914312,0.0692636816844934,-0.138673846167138,0.0401805463017734,-0.138068809529982,0.325377429112132,-0.0965132835898447,0.100134259218264,0.0224917374141833,0.412772392035452,-0.281064295244065,0.666855924991072,-0.266427425385135,-0.035912325951735,0.0865962940765705,-0.197081016977305,0.408672925293766,0.00484156099983607,0.281232136167665,-0.0358457727262251,0.3371175233989,0.39625758451527,0.0615713188863107,-0.242169753121057,0.547763966167616,0.186715805628492,-0.446690971867016,-0.25087780907692,-0.367171100065392,0.203643315804105,-0.0209734942050373,-0.169686991451134,0.146499786809566,0.137551765289892,-0.0221380052028586,-0.0334071542847721,0.163218935430146,0.49999463764648,0.236186049110155,0.274963532407549,0.0965268450114503,0.110224432366759,0.150682591471456,0.54609488403713,0.510957804365738,0.767884750145539,0.0371468241989762,-0.190455822242915,0.229046219827768,0.461410272280008,0.183887277311801,0.143491751740937,0.327209942847272,0.319067418379416,0.14241188426912,0.2984332677182,0,0.191154253718136,0.0612664228740156,0.133793439063465,0.0706133258363907,0.0921772646528765,-0.078096492230527
"[Ruminococcus] [Genus]",0.0170621049789625,-0.14009713670825,0.407187109507464,0.141543910165533,0.0104227543475059,0.456315535693364,0.181890009899942,-0.0357781669114846,0.479444542887363,-0.0832699955399063,0.778508822338946,0.155938416280181,0.173867368071895,0.316667680788949,0.151917368279502,-0.0281979612967663,0.371677231625673,0.153759896084705,-0.27609789882322,-0.0288098887742514,0.468551367715134,0.496550879159747,-0.126691435308081,0.0522104153116537,-0.115785254180583,-0.172971781766954,0.0922236616455513,0.0946274304303578,0.235340325079213,-0.0947109280831762,-0.39711718878406,-0.233737271111046,0.0134000002740684,-0.303682939487032,-0.0872792869120098,0.15273910076705,0.398611026098633,0.103851915414904,0.493871490397111,-0.259385511715761,0.412356295524073,0.145639241591779,0.156708882753446,0.237045033808479,0.342964658514889,0.168485831950104,0.193899973106862,-0.00243173101785357,0.253112718402312,-0.17177272430673,-0.253495825445539,-0.087750938727266,0.605257636711785,-0.158474800567589,-0.104462649642511,0.24274451529384,-0.0793441687147653,-0.37635454564153,0.0659898046386505,0.191154253718136,0,0.0830369965472815,-0.229328115554944,0.247054325754821,0.0504642922777754,-0.272755942890024
"Oribacterium [Genus]",-0.171061023053984,0.0518723732552233,0.0633393323449766,-0.038815715161484,-0.288055833226411,0,-0.124566678235611,0.279932209602357,-0.266171530331348,-0.0433322599799134,-0.410798962286019,0,0,0.0170583304709372,-0.405735143945172,0,-0.0793946868376869,0,-0.343000350101303,0.0205017260545648,-0.0914267011852036,0.265727951206857,0.0732626576892844,0.0403887211361922,0,0,0.270250663317316,0.734636456920978,0.150895901041298,-0.0686563373209919,-0.119413749389943,0.0234600095314509,-0.181438682703698,0.855217532280589,-0.0289792235981799,0.174737521086144,0.00211327488275744,0.0153521895339215,0.51958439966663,0.52502289714722,0.317023106378845,-0.132974149387415,-0.233530029203933,-0.490614270601918,-0.169011095082026,0.0634128926037939,-0.321616314100426,0.121118051213123,-0.054811006846571,0.231787682068677,0.0121071914112427,-0.678917111400293,-0.0367386017935354,-0.563295263888436,-0.622186951252717,0.419830332298412,0,0.758820367037696,0,0.0612664228740156,0.0830369965472815,0,-0.123186034044444,-0.31622053308674,-0.260752508843897,0.203033734617108
"Fusicatenibacter saccharivorans",0.167924764178691,0.433338825917575,0.0202015563729784,-0.0604319592245808,0.0453705841036949,0.0278626314712558,0.14682972782511,0.175176608732901,0.689631258861851,-0.0397782570615495,0.440800471463879,0.399481302760194,-0.123453653623917,0.283863274782967,0.478650141744289,0.014762876276098,0.0457457135602878,-0.0412613966578283,-0.442272246285774,-0.281496333890117,0.00429887139902239,0.653951031900291,-0.0195935052124209,0.203981649638757,-0.157088258144572,-0.537780705442827,0.391139120174727,0.362393635673452,-0.858092920568567,0.298407935907741,-0.40027731558783,-0.47514665697038,-0.00136120735720259,-0.795524047845061,0.0134393329913163,0.000831337506072727,0.293541001153701,-0.0399735857405075,0.263607638749463,-0.501121452370157,0.471325270970065,0.353427001245799,0.0454467247367609,0.201242329341252,0.535322720459918,0.415344473372766,0.178030795366933,-0.212412496301022,0.117189038733293,0.0942133140022088,-0.34448364634685,0.571815217420702,0.981573307401887,0.0664473184942046,0.0818309749538736,-0.0138387274733325,-0.122968319803801,-0.67352869080041,0.405346877993417,0.133793439063465,-0.229328115554944,-0.123186034044444,0,-0.03330296446763,0.235095554601414,0.200459598601279
"Dorea formicigenerans",-0.0462458401560679,0.410289065294602,0.0396473458396204,-0.12908311269544,-0.222769072715529,-0.0885785234989586,-0.00876890867548506,0.331739377987987,0.313173928143873,0.163096449266978,0.26212761386305,0.288655682130247,0.149697677114128,0.0138330375404267,0.303369774826038,0.234092622814472,0.0756732551393879,0.0156624313859803,0.14378333934184,0.024176581533967,-0.0642432928359648,-0.0272993559597313,0.0457443458912106,0.127033487630673,-0.0424002877336505,-0.356723122069982,-0.026754832683369,0.159415425392362,-0.381094191863975,-0.380168380088498,-0.268665304764107,-0.213805891123038,0.123285424615487,-0.340785458870952,-0.0206530555189907,-0.36403559851307,0.0283638556884933,-0.444651714450499,0.0068157485211827,-0.0865138641896983,0.0599568170618695,-0.407158189562177,0.0691660811772158,-0.17323467492099,0.105744196555836,-0.0680051581502657,0.316132926059596,0.483029265619396,0.195306093182225,-0.184535036755586,-0.34953716416813,0.601696737255273,0.633820238178681,0.176570303598666,0.280367573350166,0.14870932490217,0.365846638651709,-0.0804906267949439,0.0412635784551558,0.0706133258363907,0.247054325754821,-0.31622053308674,-0.03330296446763,0,0.410704622877203,-0.0380239124302933
"Dorea longicatena",-0.036105082145133,0.144664778543944,0.175173659678141,-0.0154981919243501,-0.153298412518478,-0.0599776879089015,0.0129440074564562,0.111523078368702,0.325672458253832,0.0201315974537674,0.10064653258991,-0.198034093192406,-0.026507925413212,-0.10474758721227,0.20279766093194,0.280561235088747,-0.255557874431614,-0.120896850040312,0.210711107833777,0.314590518471843,0.00957004223700744,0.42250163156658,0.45646433516168,0.429686726273886,-0.247358334147464,-0.107152560071691,-0.599462611169261,0.188759126866386,0.0986373423662301,-0.265951952249024,-0.552503605851969,-0.347569624655073,-0.020282779747636,0.0790792385246663,-0.199014963475615,0.432455672772917,0.264784509299066,0.237376006639823,-0.60220950316596,0.192384366200072,0.0243977724814899,-0.442131392907153,-0.187160730857469,-0.111790017944021,0.18475430437108,-0.0984029727022075,0.00451961209630389,0.291961508539103,0.382124798185323,0.182160870272277,0.280808509700982,0.342146367315561,0.357032695853191,0.0333590559049655,-0.311617017509161,0.265275388696113,-0.219083764811464,0.303993051024771,-0.299470598304667,0.0921772646528765,0.0504642922777754,-0.260752508843897,0.235095554601414,0.410704622877203,0,0.224334430860124
"Anaerostipes hadrus",0.47558123504369,0.471170040005997,0.00963003636095502,-0.0423117024804417,0.0860913193216246,-0.690181337802634,-0.147979821298951,-0.236488543558348,0.305091294137978,-0.272746745624421,0.384174321228587,-0.249416201839768,-0.11409045955964,-0.201740016517844,0.461161907744347,-0.240576641856207,0.250193468396267,-0.191322326171279,-1.08763413465491,0.0222066473607339,0.260458939823208,0.866568537397734,-0.201013227261736,-0.168957891089606,-0.72076802639547,-0.559444888455565,0.760731396061549,-0.22847636483516,0.205349256331155,0.162622447468072,-0.0665226959638607,0.154717508428501,0.179865372532243,-0.403314127769423,-0.128895291780996,-0.0307829164686128,0.437720246822505,0.514582674718101,-0.101879513350649,-0.0873901995089533,0.144709747170113,0.383112861299539,-0.183700910481999,0.110300833440047,0.377002632568712,0.478207168835238,-0.172731439974288,-0.131425768709726,0.296236193238143,0.225366524126442,-0.029382435703242,0.265405706802386,0.188654507979244,-0.083403833725598,0.0391690092071198,0.0314270813010335,-0.116886637098802,-0.386235825076492,-0.0372953475325697,-0.078096492230527,-0.272755942890024,0.203033734617108,0.200459598601279,-0.0380239124302933,0.224334430860124,0
