"","Coprococcus [Genus]","Anaerostipes [Genus]","Coprococcus catus","Ruminococcus [Genus]","Ruminococcaceae [Family]","Clostridiales [Order]","Clostridium [Genus]","Oscillospira [Genus]","Lachnospiraceae [Family]","Ruminococcus bicirculans","Ruminococcus callidus","Ruminococcus bromii","Faecalibacterium prausnitzii","Faecalibacterium [Genus]","Methanobrevibacter [Genus]","Butyricicoccus pullicaecorum","Christensenellaceae [Family]","Klebsiella pneumoniae","Escherichia coli","Haemophilus parainfluenzae","Bilophila [Genus]","Desulfovibrio [Genus]","Actinomyces odontolyticus","Bifidobacterium [Genus]","Bifidobacterium longum","Akkermansia muciniphila","Bacteroides [Genus]","Bacteroides vulgatus","Bacteroides ovatus","Bacteroides uniformis","Prevotella [Genus]","Prevotella copri","Prevotella stercorea","Parabacteroides [Genus]","Parabacteroides distasonis","Rikenellaceae [Family]","Butyricimonas [Genus]","S24-7 [Family]","Turicibacter [Genus]","Phascolarctobacterium [Genus]","Coriobacteriaceae [Family]","Collinsella aerofaciens","Senegalimassilia anaerobia","SMB53 [Genus]","[Mogibacteriaceae] [Family]","Mogibacterium [Genus]","Streptococcus thermophilus","[Eubacterium] biforme","Erysipelotrichaceae [Family]","Catenibacterium mitsuokai","Ralstonia solanacearum","Blautia [Genus]","Blautia wexlerae","Blautia obeum","Lachnospira [Genus]","Blautia hominis","Roseburia [Genus]","Roseburia faecis","Dorea [Genus]","[Ruminococcus] [Genus]","Fusicatenibacter saccharivorans","Dorea formicigenerans","Coprococcus eutactus","Dorea longicatena","Anaerostipes hadrus"
"Coprococcus [Genus]",NA,NA,NA,NA,NA,NA,NA,NA,0.21255514923617,NA,NA,NA,NA,NA,NA,NA,NA,NA,NA,NA,NA,NA,NA,NA,NA,NA,NA,NA,NA,NA,NA,NA,NA,NA,NA,NA,NA,NA,NA,NA,NA,NA,NA,NA,NA,NA,NA,0.323579601595486,NA,NA,NA,0.614309446578014,0.459068898245932,0.11497031223443,NA,NA,NA,NA,NA,0.192576940885988,NA,0.138102496846751,NA,0.447773837151261,0.489124308552623
"Anaerostipes [Genus]",NA,NA,NA,NA,NA,NA,NA,NA,NA,NA,0.000388605101627226,NA,NA,NA,NA,NA,NA,NA,NA,NA,NA,NA,NA,NA,NA,NA,NA,NA,NA,NA,NA,NA,NA,NA,NA,NA,NA,NA,NA,NA,NA,NA,NA,NA,NA,NA,NA,NA,NA,NA,NA,NA,NA,NA,NA,NA,NA,NA,NA,NA,NA,NA,NA,NA,NA
"Coprococcus catus",NA,NA,NA,NA,NA,NA,NA,NA,NA,NA,NA,NA,NA,NA,NA,NA,NA,NA,NA,NA,NA,NA,NA,NA,NA,NA,NA,NA,NA,NA,NA,NA,NA,NA,NA,NA,NA,NA,NA,NA,NA,0.0263918046167591,NA,NA,NA,NA,NA,NA,NA,NA,NA,NA,NA,NA,NA,NA,NA,NA,NA,NA,NA,NA,NA,NA,NA
"Ruminococcus [Genus]",NA,NA,NA,NA,0.343132639368874,0.09500426947543,NA,0.382720842110943,NA,NA,NA,NA,NA,NA,NA,NA,NA,NA,NA,NA,NA,NA,NA,NA,NA,NA,NA,NA,NA,NA,NA,NA,NA,NA,NA,NA,NA,NA,NA,NA,NA,NA,NA,NA,0.0710802128338066,NA,NA,NA,NA,NA,NA,NA,NA,NA,NA,NA,NA,NA,NA,NA,NA,NA,NA,NA,NA
"Ruminococcaceae [Family]",NA,NA,NA,0.343132639368874,NA,0.617160242565656,NA,0.92825859369171,NA,NA,NA,NA,NA,NA,NA,NA,0.856266891136693,NA,NA,NA,NA,NA,NA,NA,NA,NA,NA,0.242584063990432,0.307645716288615,NA,NA,NA,NA,NA,NA,NA,NA,NA,NA,NA,NA,NA,NA,NA,0.0850471579892705,NA,NA,NA,NA,NA,NA,NA,0.474322790800782,NA,NA,NA,NA,NA,NA,NA,0.175902546431634,NA,NA,NA,NA
"Clostridiales [Order]",NA,NA,NA,0.09500426947543,0.617160242565656,NA,NA,0.835241451185333,NA,NA,NA,NA,NA,NA,NA,NA,0.814938610793525,NA,NA,NA,NA,NA,NA,NA,NA,NA,NA,0.00773859482459251,0.41641483552563,NA,NA,NA,NA,NA,NA,NA,NA,NA,NA,NA,0.644308214118238,NA,NA,NA,0.833732957486402,NA,NA,NA,NA,NA,NA,NA,0.84174279793729,NA,NA,NA,NA,NA,NA,NA,NA,NA,NA,NA,NA
"Clostridium [Genus]",NA,NA,NA,NA,NA,NA,NA,NA,NA,NA,NA,0.2640710235821,NA,NA,NA,NA,NA,NA,NA,NA,NA,NA,NA,NA,NA,NA,NA,NA,NA,NA,NA,NA,NA,NA,NA,NA,NA,NA,NA,NA,NA,NA,NA,NA,NA,NA,NA,NA,NA,NA,NA,NA,NA,NA,NA,NA,NA,NA,NA,NA,NA,NA,NA,NA,NA
"Oscillospira [Genus]",NA,NA,NA,0.382720842110943,0.92825859369171,0.835241451185333,NA,NA,NA,NA,NA,NA,NA,NA,NA,NA,0.304341866074683,NA,NA,NA,NA,NA,NA,NA,NA,NA,NA,0.0525252776556822,NA,NA,NA,NA,NA,NA,NA,NA,NA,NA,NA,NA,NA,NA,NA,NA,0.462271560365902,NA,NA,NA,NA,NA,NA,NA,0.573299849097383,NA,NA,0.417597038943343,NA,NA,NA,0.486500630663421,0.554480666308215,NA,NA,NA,0.656642917738532
"Lachnospiraceae [Family]",0.21255514923617,NA,NA,NA,NA,NA,NA,NA,NA,NA,NA,NA,0.72178594994947,NA,NA,NA,NA,NA,NA,NA,NA,NA,NA,NA,NA,NA,NA,NA,NA,0.33503487942061,NA,NA,NA,NA,NA,NA,NA,NA,NA,NA,NA,NA,NA,NA,NA,NA,NA,NA,NA,NA,NA,NA,NA,NA,NA,NA,NA,NA,NA,NA,NA,NA,NA,0.0558952141920156,NA
"Ruminococcus bicirculans",NA,NA,NA,NA,NA,NA,NA,NA,NA,NA,NA,NA,NA,NA,NA,NA,NA,NA,NA,NA,NA,NA,NA,NA,NA,NA,NA,NA,NA,NA,NA,NA,NA,NA,NA,NA,NA,NA,NA,NA,NA,NA,NA,NA,NA,NA,NA,NA,NA,NA,NA,NA,NA,NA,NA,NA,NA,NA,NA,NA,NA,NA,NA,NA,NA
"Ruminococcus callidus",NA,0.000388605101627226,NA,NA,NA,NA,NA,NA,NA,NA,NA,NA,NA,NA,NA,NA,NA,NA,NA,NA,NA,NA,NA,NA,NA,NA,NA,NA,NA,NA,NA,NA,NA,NA,NA,NA,NA,NA,NA,NA,NA,NA,NA,NA,NA,NA,NA,NA,NA,NA,NA,NA,NA,NA,NA,NA,NA,NA,NA,NA,NA,NA,NA,NA,NA
"Ruminococcus bromii",NA,NA,NA,NA,NA,NA,0.2640710235821,NA,NA,NA,NA,NA,NA,NA,NA,NA,NA,NA,NA,NA,NA,NA,NA,NA,NA,NA,NA,NA,NA,NA,NA,NA,NA,NA,NA,NA,NA,NA,NA,NA,NA,NA,NA,NA,NA,NA,NA,NA,0.00506419708344196,NA,NA,NA,NA,NA,NA,NA,NA,NA,NA,NA,NA,NA,NA,NA,NA
"Faecalibacterium prausnitzii",NA,NA,NA,NA,NA,NA,NA,NA,0.72178594994947,NA,NA,NA,NA,NA,NA,NA,NA,NA,NA,NA,NA,NA,NA,NA,NA,NA,NA,NA,NA,NA,NA,NA,NA,NA,NA,NA,NA,NA,NA,NA,NA,NA,NA,NA,NA,NA,NA,NA,NA,NA,NA,NA,NA,NA,NA,NA,0.890400520421113,NA,NA,NA,NA,NA,NA,NA,NA
"Faecalibacterium [Genus]",NA,NA,NA,NA,NA,NA,NA,NA,NA,NA,NA,NA,NA,NA,NA,NA,NA,NA,NA,NA,NA,NA,0.10657301152446,NA,NA,NA,NA,NA,NA,NA,NA,NA,NA,NA,NA,NA,NA,NA,NA,NA,NA,NA,NA,NA,NA,NA,NA,NA,NA,NA,NA,NA,NA,NA,NA,NA,NA,NA,NA,NA,NA,NA,NA,NA,NA
"Methanobrevibacter [Genus]",NA,NA,NA,NA,NA,NA,NA,NA,NA,NA,NA,NA,NA,NA,NA,NA,0.0180115462330165,NA,NA,NA,NA,NA,NA,NA,NA,NA,NA,NA,NA,NA,NA,NA,NA,NA,NA,NA,NA,NA,NA,NA,NA,NA,NA,NA,NA,NA,NA,NA,NA,NA,NA,NA,NA,NA,NA,NA,NA,NA,NA,NA,NA,NA,NA,NA,NA
"Butyricicoccus pullicaecorum",NA,NA,NA,NA,NA,NA,NA,NA,NA,NA,NA,NA,NA,NA,NA,NA,NA,NA,NA,NA,NA,NA,NA,NA,NA,NA,NA,NA,NA,NA,NA,NA,NA,NA,NA,NA,NA,NA,NA,NA,NA,NA,NA,NA,NA,NA,NA,NA,NA,NA,NA,NA,NA,NA,NA,NA,NA,NA,NA,NA,NA,NA,NA,0.293254671674941,NA
"Christensenellaceae [Family]",NA,NA,NA,NA,0.856266891136693,0.814938610793525,NA,0.304341866074683,NA,NA,NA,NA,NA,NA,0.0180115462330165,NA,NA,NA,NA,NA,NA,NA,NA,NA,NA,NA,NA,NA,NA,NA,NA,NA,NA,NA,NA,NA,NA,NA,NA,NA,NA,NA,NA,NA,NA,NA,NA,NA,NA,NA,NA,NA,NA,NA,NA,NA,NA,NA,NA,NA,0.0360401390104033,NA,NA,NA,NA
"Klebsiella pneumoniae",NA,NA,NA,NA,NA,NA,NA,NA,NA,NA,NA,NA,NA,NA,NA,NA,NA,NA,NA,NA,NA,NA,NA,NA,NA,NA,NA,NA,NA,NA,NA,NA,NA,NA,NA,NA,NA,NA,NA,NA,NA,NA,NA,NA,NA,NA,NA,NA,NA,NA,NA,NA,NA,NA,NA,NA,NA,NA,NA,NA,NA,NA,NA,NA,NA
"Escherichia coli",NA,NA,NA,NA,NA,NA,NA,NA,NA,NA,NA,NA,NA,NA,NA,NA,NA,NA,NA,NA,NA,NA,NA,NA,NA,NA,0.173542082232454,NA,NA,NA,NA,NA,NA,0.0362263637100667,0.0141423818081722,NA,NA,NA,NA,NA,NA,NA,NA,NA,NA,NA,NA,NA,NA,NA,NA,NA,NA,NA,NA,NA,NA,NA,NA,NA,NA,NA,NA,NA,NA
"Haemophilus parainfluenzae",NA,NA,NA,NA,NA,NA,NA,NA,NA,NA,NA,NA,NA,NA,NA,NA,NA,NA,NA,NA,NA,NA,NA,NA,NA,NA,NA,NA,NA,NA,NA,NA,NA,NA,NA,NA,NA,NA,NA,NA,NA,NA,NA,NA,0.248932642728095,NA,NA,NA,NA,NA,NA,NA,NA,NA,NA,NA,NA,NA,NA,NA,NA,0.125323401417234,NA,NA,NA
"Bilophila [Genus]",NA,NA,NA,NA,NA,NA,NA,NA,NA,NA,NA,NA,NA,NA,NA,NA,NA,NA,NA,NA,NA,NA,NA,NA,NA,NA,NA,NA,NA,NA,NA,NA,NA,NA,NA,NA,NA,NA,NA,NA,NA,NA,NA,NA,NA,NA,NA,NA,NA,NA,NA,NA,NA,NA,NA,NA,NA,NA,NA,NA,NA,NA,NA,NA,NA
"Desulfovibrio [Genus]",NA,NA,NA,NA,NA,NA,NA,NA,NA,NA,NA,NA,NA,NA,NA,NA,NA,NA,NA,NA,NA,NA,NA,NA,NA,NA,NA,NA,NA,NA,NA,NA,NA,NA,NA,NA,NA,NA,NA,NA,NA,NA,NA,NA,NA,NA,NA,NA,NA,NA,NA,NA,NA,NA,NA,NA,NA,NA,NA,NA,NA,NA,NA,NA,NA
"Actinomyces odontolyticus",NA,NA,NA,NA,NA,NA,NA,NA,NA,NA,NA,NA,NA,0.10657301152446,NA,NA,NA,NA,NA,NA,NA,NA,NA,NA,NA,NA,NA,NA,NA,NA,NA,NA,NA,NA,NA,NA,NA,NA,NA,NA,NA,NA,NA,NA,NA,NA,NA,NA,NA,NA,NA,NA,NA,NA,NA,NA,NA,NA,NA,NA,NA,NA,NA,NA,NA
"Bifidobacterium [Genus]",NA,NA,NA,NA,NA,NA,NA,NA,NA,NA,NA,NA,NA,NA,NA,NA,NA,NA,NA,NA,NA,NA,NA,NA,0.327846513682914,NA,NA,NA,NA,NA,NA,0.0239303279999855,NA,NA,NA,NA,NA,NA,NA,NA,NA,NA,NA,NA,NA,NA,NA,NA,NA,NA,NA,NA,0.183517925340159,NA,NA,NA,NA,NA,NA,NA,NA,NA,NA,NA,NA
"Bifidobacterium longum",NA,NA,NA,NA,NA,NA,NA,NA,NA,NA,NA,NA,NA,NA,NA,NA,NA,NA,NA,NA,NA,NA,NA,0.327846513682914,NA,NA,NA,NA,NA,NA,NA,NA,NA,NA,NA,NA,NA,NA,NA,NA,NA,NA,NA,NA,NA,NA,NA,NA,NA,NA,NA,NA,NA,NA,NA,NA,NA,NA,NA,NA,NA,NA,NA,NA,NA
"Akkermansia muciniphila",NA,NA,NA,NA,NA,NA,NA,NA,NA,NA,NA,NA,NA,NA,NA,NA,NA,NA,NA,NA,NA,NA,NA,NA,NA,NA,NA,NA,NA,NA,NA,NA,NA,NA,NA,NA,NA,NA,NA,NA,NA,NA,NA,NA,NA,NA,NA,NA,NA,NA,NA,NA,NA,NA,NA,NA,NA,NA,NA,NA,NA,NA,NA,NA,NA
"Bacteroides [Genus]",NA,NA,NA,NA,NA,NA,NA,NA,NA,NA,NA,NA,NA,NA,NA,NA,NA,NA,0.173542082232454,NA,NA,NA,NA,NA,NA,NA,NA,NA,0.124955590895659,0.0628957281875923,NA,NA,NA,NA,NA,NA,NA,NA,NA,NA,NA,NA,NA,NA,NA,NA,NA,NA,NA,NA,NA,NA,NA,NA,NA,NA,NA,NA,NA,NA,NA,NA,NA,NA,NA
"Bacteroides vulgatus",NA,NA,NA,NA,0.242584063990432,0.00773859482459251,NA,0.0525252776556822,NA,NA,NA,NA,NA,NA,NA,NA,NA,NA,NA,NA,NA,NA,NA,NA,NA,NA,NA,NA,0.71765494031084,0.829063900306877,NA,0.248697377071918,NA,NA,0.928570358423955,NA,NA,NA,NA,NA,NA,NA,NA,NA,NA,NA,NA,NA,NA,NA,NA,NA,NA,NA,NA,NA,NA,NA,NA,NA,NA,NA,NA,NA,NA
"Bacteroides ovatus",NA,NA,NA,NA,0.307645716288615,0.41641483552563,NA,NA,NA,NA,NA,NA,NA,NA,NA,NA,NA,NA,NA,NA,NA,NA,NA,NA,NA,NA,0.124955590895659,0.71765494031084,NA,0.330484773920067,NA,0.544896233370945,NA,NA,NA,NA,NA,NA,NA,NA,NA,NA,NA,NA,0.920886071113754,NA,NA,NA,NA,NA,NA,NA,NA,NA,NA,NA,NA,NA,NA,NA,NA,NA,NA,NA,NA
"Bacteroides uniformis",NA,NA,NA,NA,NA,NA,NA,NA,0.33503487942061,NA,NA,NA,NA,NA,NA,NA,NA,NA,NA,NA,NA,NA,NA,NA,NA,NA,0.0628957281875923,0.829063900306877,0.330484773920067,NA,NA,NA,NA,NA,0.145304734020769,NA,NA,NA,NA,NA,0.110848816404722,NA,NA,NA,NA,NA,NA,NA,NA,NA,NA,NA,NA,NA,NA,NA,NA,NA,NA,NA,NA,NA,NA,NA,NA
"Prevotella [Genus]",NA,NA,NA,NA,NA,NA,NA,NA,NA,NA,NA,NA,NA,NA,NA,NA,NA,NA,NA,NA,NA,NA,NA,NA,NA,NA,NA,NA,NA,NA,NA,NA,NA,NA,NA,NA,NA,NA,NA,NA,NA,NA,NA,NA,NA,NA,NA,NA,NA,NA,NA,NA,NA,NA,NA,NA,NA,NA,NA,NA,NA,NA,NA,NA,NA
"Prevotella copri",NA,NA,NA,NA,NA,NA,NA,NA,NA,NA,NA,NA,NA,NA,NA,NA,NA,NA,NA,NA,NA,NA,NA,0.0239303279999855,NA,NA,NA,0.248697377071918,0.544896233370945,NA,NA,NA,NA,NA,NA,NA,NA,NA,NA,NA,NA,NA,NA,NA,NA,NA,NA,NA,NA,NA,NA,NA,NA,NA,NA,NA,NA,NA,NA,NA,0.556884001430197,NA,NA,NA,NA
"Prevotella stercorea",NA,NA,NA,NA,NA,NA,NA,NA,NA,NA,NA,NA,NA,NA,NA,NA,NA,NA,NA,NA,NA,NA,NA,NA,NA,NA,NA,NA,NA,NA,NA,NA,NA,NA,NA,NA,NA,NA,NA,NA,NA,NA,NA,NA,NA,NA,NA,NA,NA,NA,NA,NA,NA,NA,NA,NA,NA,NA,NA,NA,NA,NA,NA,NA,NA
"Parabacteroides [Genus]",NA,NA,NA,NA,NA,NA,NA,NA,NA,NA,NA,NA,NA,NA,NA,NA,NA,NA,0.0362263637100667,NA,NA,NA,NA,NA,NA,NA,NA,NA,NA,NA,NA,NA,NA,NA,NA,NA,NA,NA,NA,NA,NA,NA,NA,NA,NA,NA,NA,NA,NA,NA,NA,0.0633363727304023,NA,NA,NA,NA,NA,NA,NA,NA,NA,NA,NA,NA,NA
"Parabacteroides distasonis",NA,NA,NA,NA,NA,NA,NA,NA,NA,NA,NA,NA,NA,NA,NA,NA,NA,NA,0.0141423818081722,NA,NA,NA,NA,NA,NA,NA,NA,0.928570358423955,NA,0.145304734020769,NA,NA,NA,NA,NA,0.048791572158303,NA,NA,NA,NA,NA,NA,NA,NA,NA,NA,NA,NA,NA,NA,NA,NA,NA,NA,NA,NA,NA,NA,NA,NA,NA,0.127277267536035,NA,0.833358398410918,NA
"Rikenellaceae [Family]",NA,NA,NA,NA,NA,NA,NA,NA,NA,NA,NA,NA,NA,NA,NA,NA,NA,NA,NA,NA,NA,NA,NA,NA,NA,NA,NA,NA,NA,NA,NA,NA,NA,NA,0.048791572158303,NA,NA,NA,NA,NA,NA,NA,NA,NA,NA,NA,NA,NA,NA,NA,NA,NA,NA,NA,NA,NA,NA,NA,NA,NA,NA,NA,NA,NA,NA
"Butyricimonas [Genus]",NA,NA,NA,NA,NA,NA,NA,NA,NA,NA,NA,NA,NA,NA,NA,NA,NA,NA,NA,NA,NA,NA,NA,NA,NA,NA,NA,NA,NA,NA,NA,NA,NA,NA,NA,NA,NA,NA,NA,NA,NA,NA,NA,NA,NA,NA,NA,NA,NA,NA,NA,NA,NA,3.97056802627675e-05,NA,NA,NA,NA,NA,NA,NA,NA,NA,NA,NA
"S24-7 [Family]",NA,NA,NA,NA,NA,NA,NA,NA,NA,NA,NA,NA,NA,NA,NA,NA,NA,NA,NA,NA,NA,NA,NA,NA,NA,NA,NA,NA,NA,NA,NA,NA,NA,NA,NA,NA,NA,NA,NA,NA,NA,NA,NA,NA,NA,NA,NA,NA,NA,NA,NA,NA,NA,NA,NA,NA,NA,NA,NA,NA,NA,NA,NA,NA,NA
"Turicibacter [Genus]",NA,NA,NA,NA,NA,NA,NA,NA,NA,NA,NA,NA,NA,NA,NA,NA,NA,NA,NA,NA,NA,NA,NA,NA,NA,NA,NA,NA,NA,NA,NA,NA,NA,NA,NA,NA,NA,NA,NA,NA,NA,NA,NA,NA,NA,NA,NA,NA,NA,NA,NA,NA,NA,NA,NA,NA,NA,NA,NA,NA,NA,NA,NA,NA,NA
"Phascolarctobacterium [Genus]",NA,NA,NA,NA,NA,NA,NA,NA,NA,NA,NA,NA,NA,NA,NA,NA,NA,NA,NA,NA,NA,NA,NA,NA,NA,NA,NA,NA,NA,NA,NA,NA,NA,NA,NA,NA,NA,NA,NA,NA,NA,NA,NA,NA,NA,NA,NA,NA,NA,NA,NA,NA,NA,NA,NA,NA,NA,NA,NA,NA,NA,NA,NA,NA,NA
"Coriobacteriaceae [Family]",NA,NA,NA,NA,NA,0.644308214118238,NA,NA,NA,NA,NA,NA,NA,NA,NA,NA,NA,NA,NA,NA,NA,NA,NA,NA,NA,NA,NA,NA,NA,0.110848816404722,NA,NA,NA,NA,NA,NA,NA,NA,NA,NA,NA,NA,0.298812692205805,NA,NA,NA,NA,NA,NA,0.0458317775493384,NA,NA,NA,NA,NA,NA,NA,NA,NA,NA,NA,NA,NA,NA,NA
"Collinsella aerofaciens",NA,NA,0.0263918046167591,NA,NA,NA,NA,NA,NA,NA,NA,NA,NA,NA,NA,NA,NA,NA,NA,NA,NA,NA,NA,NA,NA,NA,NA,NA,NA,NA,NA,NA,NA,NA,NA,NA,NA,NA,NA,NA,NA,NA,0.610005568220212,NA,NA,NA,NA,NA,NA,NA,NA,NA,NA,NA,0.0265300905574948,NA,NA,NA,NA,NA,NA,NA,NA,NA,NA
"Senegalimassilia anaerobia",NA,NA,NA,NA,NA,NA,NA,NA,NA,NA,NA,NA,NA,NA,NA,NA,NA,NA,NA,NA,NA,NA,NA,NA,NA,NA,NA,NA,NA,NA,NA,NA,NA,NA,NA,NA,NA,NA,NA,NA,0.298812692205805,0.610005568220212,NA,NA,NA,NA,NA,NA,NA,NA,NA,NA,NA,NA,NA,NA,NA,NA,NA,NA,NA,NA,NA,NA,NA
"SMB53 [Genus]",NA,NA,NA,NA,NA,NA,NA,NA,NA,NA,NA,NA,NA,NA,NA,NA,NA,NA,NA,NA,NA,NA,NA,NA,NA,NA,NA,NA,NA,NA,NA,NA,NA,NA,NA,NA,NA,NA,NA,NA,NA,NA,NA,NA,NA,NA,NA,NA,NA,NA,0.00127117871243412,NA,NA,NA,0.0138715596223485,NA,NA,NA,NA,NA,NA,NA,NA,NA,NA
"[Mogibacteriaceae] [Family]",NA,NA,NA,0.0710802128338066,0.0850471579892705,0.833732957486402,NA,0.462271560365902,NA,NA,NA,NA,NA,NA,NA,NA,NA,NA,NA,0.248932642728095,NA,NA,NA,NA,NA,NA,NA,NA,0.920886071113754,NA,NA,NA,NA,NA,NA,NA,NA,NA,NA,NA,NA,NA,NA,NA,NA,NA,NA,NA,NA,NA,NA,NA,NA,NA,NA,NA,NA,NA,NA,NA,NA,NA,NA,NA,NA
"Mogibacterium [Genus]",NA,NA,NA,NA,NA,NA,NA,NA,NA,NA,NA,NA,NA,NA,NA,NA,NA,NA,NA,NA,NA,NA,NA,NA,NA,NA,NA,NA,NA,NA,NA,NA,NA,NA,NA,NA,NA,NA,NA,NA,NA,NA,NA,NA,NA,NA,NA,NA,NA,NA,NA,NA,NA,NA,NA,NA,NA,NA,NA,NA,NA,NA,NA,NA,NA
"Streptococcus thermophilus",NA,NA,NA,NA,NA,NA,NA,NA,NA,NA,NA,NA,NA,NA,NA,NA,NA,NA,NA,NA,NA,NA,NA,NA,NA,NA,NA,NA,NA,NA,NA,NA,NA,NA,NA,NA,NA,NA,NA,NA,NA,NA,NA,NA,NA,NA,NA,NA,NA,NA,NA,NA,NA,NA,NA,NA,NA,NA,NA,NA,NA,NA,NA,NA,NA
"[Eubacterium] biforme",0.323579601595486,NA,NA,NA,NA,NA,NA,NA,NA,NA,NA,NA,NA,NA,NA,NA,NA,NA,NA,NA,NA,NA,NA,NA,NA,NA,NA,NA,NA,NA,NA,NA,NA,NA,NA,NA,NA,NA,NA,NA,NA,NA,NA,NA,NA,NA,NA,NA,NA,NA,NA,0.077274109615419,0.286233936288764,NA,NA,NA,NA,NA,NA,0.583811401289733,NA,0.54816665902791,NA,0.186541651410891,NA
"Erysipelotrichaceae [Family]",NA,NA,NA,NA,NA,NA,NA,NA,NA,NA,NA,0.00506419708344196,NA,NA,NA,NA,NA,NA,NA,NA,NA,NA,NA,NA,NA,NA,NA,NA,NA,NA,NA,NA,NA,NA,NA,NA,NA,NA,NA,NA,NA,NA,NA,NA,NA,NA,NA,NA,NA,NA,NA,NA,NA,NA,NA,0.00457209416090863,NA,NA,NA,NA,NA,NA,NA,NA,NA
"Catenibacterium mitsuokai",NA,NA,NA,NA,NA,NA,NA,NA,NA,NA,NA,NA,NA,NA,NA,NA,NA,NA,NA,NA,NA,NA,NA,NA,NA,NA,NA,NA,NA,NA,NA,NA,NA,NA,NA,NA,NA,NA,NA,NA,0.0458317775493384,NA,NA,NA,NA,NA,NA,NA,NA,NA,NA,NA,NA,NA,NA,NA,NA,NA,NA,NA,NA,NA,NA,NA,NA
"Ralstonia solanacearum",NA,NA,NA,NA,NA,NA,NA,NA,NA,NA,NA,NA,NA,NA,NA,NA,NA,NA,NA,NA,NA,NA,NA,NA,NA,NA,NA,NA,NA,NA,NA,NA,NA,NA,NA,NA,NA,NA,NA,NA,NA,NA,NA,0.00127117871243412,NA,NA,NA,NA,NA,NA,NA,NA,NA,NA,NA,NA,NA,NA,NA,NA,NA,NA,NA,NA,NA
"Blautia [Genus]",0.614309446578014,NA,NA,NA,NA,NA,NA,NA,NA,NA,NA,NA,NA,NA,NA,NA,NA,NA,NA,NA,NA,NA,NA,NA,NA,NA,NA,NA,NA,NA,NA,NA,NA,0.0633363727304023,NA,NA,NA,NA,NA,NA,NA,NA,NA,NA,NA,NA,NA,0.077274109615419,NA,NA,NA,NA,0.148228180999195,0.209584093642594,NA,NA,NA,NA,NA,0.437527713425502,0.478161910852854,0.0666016879152923,NA,0.322033987854913,NA
"Blautia wexlerae",0.459068898245932,NA,NA,NA,0.474322790800782,0.84174279793729,NA,0.573299849097383,NA,NA,NA,NA,NA,NA,NA,NA,NA,NA,NA,NA,NA,NA,NA,0.183517925340159,NA,NA,NA,NA,NA,NA,NA,NA,NA,NA,NA,NA,NA,NA,NA,NA,NA,NA,NA,NA,NA,NA,NA,0.286233936288764,NA,NA,NA,0.148228180999195,NA,0.607511903899546,NA,0.149071410499949,NA,NA,0.717324713811922,NA,0.708152110160998,0.845820466882342,NA,0.372616678285543,NA
"Blautia obeum",0.11497031223443,NA,NA,NA,NA,NA,NA,NA,NA,NA,NA,NA,NA,NA,NA,NA,NA,NA,NA,NA,NA,NA,NA,NA,NA,NA,NA,NA,NA,NA,NA,NA,NA,NA,NA,NA,3.97056802627675e-05,NA,NA,NA,NA,NA,NA,NA,NA,NA,NA,NA,NA,NA,NA,0.209584093642594,0.607511903899546,NA,NA,NA,NA,NA,NA,NA,0.0476446863744289,NA,NA,NA,NA
"Lachnospira [Genus]",NA,NA,NA,NA,NA,NA,NA,NA,NA,NA,NA,NA,NA,NA,NA,NA,NA,NA,NA,NA,NA,NA,NA,NA,NA,NA,NA,NA,NA,NA,NA,NA,NA,NA,NA,NA,NA,NA,NA,NA,NA,0.0265300905574948,NA,0.0138715596223485,NA,NA,NA,NA,NA,NA,NA,NA,NA,NA,NA,NA,NA,NA,NA,NA,NA,NA,NA,NA,NA
"Blautia hominis",NA,NA,NA,NA,NA,NA,NA,0.417597038943343,NA,NA,NA,NA,NA,NA,NA,NA,NA,NA,NA,NA,NA,NA,NA,NA,NA,NA,NA,NA,NA,NA,NA,NA,NA,NA,NA,NA,NA,NA,NA,NA,NA,NA,NA,NA,NA,NA,NA,NA,0.00457209416090863,NA,NA,NA,0.149071410499949,NA,NA,NA,NA,NA,NA,NA,0.00820520601510675,NA,NA,NA,NA
"Roseburia [Genus]",NA,NA,NA,NA,NA,NA,NA,NA,NA,NA,NA,NA,0.890400520421113,NA,NA,NA,NA,NA,NA,NA,NA,NA,NA,NA,NA,NA,NA,NA,NA,NA,NA,NA,NA,NA,NA,NA,NA,NA,NA,NA,NA,NA,NA,NA,NA,NA,NA,NA,NA,NA,NA,NA,NA,NA,NA,NA,NA,NA,NA,NA,NA,NA,NA,NA,NA
"Roseburia faecis",NA,NA,NA,NA,NA,NA,NA,NA,NA,NA,NA,NA,NA,NA,NA,NA,NA,NA,NA,NA,NA,NA,NA,NA,NA,NA,NA,NA,NA,NA,NA,NA,NA,NA,NA,NA,NA,NA,NA,NA,NA,NA,NA,NA,NA,NA,NA,NA,NA,NA,NA,NA,NA,NA,NA,NA,NA,NA,NA,NA,NA,NA,NA,NA,NA
"Dorea [Genus]",NA,NA,NA,NA,NA,NA,NA,NA,NA,NA,NA,NA,NA,NA,NA,NA,NA,NA,NA,NA,NA,NA,NA,NA,NA,NA,NA,NA,NA,NA,NA,NA,NA,NA,NA,NA,NA,NA,NA,NA,NA,NA,NA,NA,NA,NA,NA,NA,NA,NA,NA,NA,0.717324713811922,NA,NA,NA,NA,NA,NA,NA,NA,0.459604475849053,NA,NA,NA
"[Ruminococcus] [Genus]",0.192576940885988,NA,NA,NA,NA,NA,NA,0.486500630663421,NA,NA,NA,NA,NA,NA,NA,NA,NA,NA,NA,NA,NA,NA,NA,NA,NA,NA,NA,NA,NA,NA,NA,NA,NA,NA,NA,NA,NA,NA,NA,NA,NA,NA,NA,NA,NA,NA,NA,0.583811401289733,NA,NA,NA,0.437527713425502,NA,NA,NA,NA,NA,NA,NA,NA,NA,NA,NA,0.824415073114259,NA
"Fusicatenibacter saccharivorans",NA,NA,NA,NA,0.175902546431634,NA,NA,0.554480666308215,NA,NA,NA,NA,NA,NA,NA,NA,0.0360401390104033,NA,NA,NA,NA,NA,NA,NA,NA,NA,NA,NA,NA,NA,NA,0.556884001430197,NA,NA,NA,NA,NA,NA,NA,NA,NA,NA,NA,NA,NA,NA,NA,NA,NA,NA,NA,0.478161910852854,0.708152110160998,0.0476446863744289,NA,0.00820520601510675,NA,NA,NA,NA,NA,NA,NA,NA,NA
"Dorea formicigenerans",0.138102496846751,NA,NA,NA,NA,NA,NA,NA,NA,NA,NA,NA,NA,NA,NA,NA,NA,NA,NA,0.125323401417234,NA,NA,NA,NA,NA,NA,NA,NA,NA,NA,NA,NA,NA,NA,0.127277267536035,NA,NA,NA,NA,NA,NA,NA,NA,NA,NA,NA,NA,0.54816665902791,NA,NA,NA,0.0666016879152923,0.845820466882342,NA,NA,NA,NA,NA,0.459604475849053,NA,NA,NA,NA,0.0209758966679214,NA
"Coprococcus eutactus",NA,NA,NA,NA,NA,NA,NA,NA,NA,NA,NA,NA,NA,NA,NA,NA,NA,NA,NA,NA,NA,NA,NA,NA,NA,NA,NA,NA,NA,NA,NA,NA,NA,NA,NA,NA,NA,NA,NA,NA,NA,NA,NA,NA,NA,NA,NA,NA,NA,NA,NA,NA,NA,NA,NA,NA,NA,NA,NA,NA,NA,NA,NA,NA,NA
"Dorea longicatena",0.447773837151261,NA,NA,NA,NA,NA,NA,NA,0.0558952141920156,NA,NA,NA,NA,NA,NA,0.293254671674941,NA,NA,NA,NA,NA,NA,NA,NA,NA,NA,NA,NA,NA,NA,NA,NA,NA,NA,0.833358398410918,NA,NA,NA,NA,NA,NA,NA,NA,NA,NA,NA,NA,0.186541651410891,NA,NA,NA,0.322033987854913,0.372616678285543,NA,NA,NA,NA,NA,NA,0.824415073114259,NA,0.0209758966679214,NA,NA,NA
"Anaerostipes hadrus",0.489124308552623,NA,NA,NA,NA,NA,NA,0.656642917738532,NA,NA,NA,NA,NA,NA,NA,NA,NA,NA,NA,NA,NA,NA,NA,NA,NA,NA,NA,NA,NA,NA,NA,NA,NA,NA,NA,NA,NA,NA,NA,NA,NA,NA,NA,NA,NA,NA,NA,NA,NA,NA,NA,NA,NA,NA,NA,NA,NA,NA,NA,NA,NA,NA,NA,NA,NA
