"t1","t2","r1","r2","n1","n2","p","BH_p","abs_diff_cor","num_sig_corr_t1","num_sig_corr_t2","Metabolites","smiles","kingdom","super_class","class","sub_class","direct_parent"
"s__Dorea_ammoniilytica","HMDB0000228",0.350188978185143,-0.0786919831223629,148,80,0.00168717209251707,0.0296123978021645,0.428880961307506,2,1,"Phenol","OC1=CC=CC=C1","Organic compounds","Benzenoids","Phenols","1-hydroxy-4-unsubstituted benzenoids","1-hydroxy-4-unsubstituted benzenoids"
"s__Ellagibacter_isourolithinifaciens","HMDB0252816",0.0507139577092126,0.414786517343085,140,82,0.00599206822780219,0.0481793769548777,0.364072559633873,11,1,"Glutarimide","O=C1CCCC(=O)N1","Organic compounds","Organoheterocyclic compounds","Pyridines and derivatives","Hydropyridines","Tetrahydropyridines"
"s__Slackia_isoflavoniconvertens","HMDB0013751",-0.0228297909315522,0.396501997148486,147,82,0.00168250544180821,0.0296123978021645,0.419331788080038,11,2,"2-Hydroxypyridine","OC1=CC=CC=N1","Organic compounds","Organoheterocyclic compounds","Pyridines and derivatives","Hydropyridines","Pyridinones"
"s__Ellagibacter_isourolithinifaciens","HMDB0013751",-0.00233102271981807,0.358561617744692,140,82,0.00788616987254307,0.055467529997384,0.36089264046451,11,2,"2-Hydroxypyridine","OC1=CC=CC=N1","Organic compounds","Organoheterocyclic compounds","Pyridines and derivatives","Hydropyridines","Pyridinones"
"s__Holdemanella_porci","HMDB0006236",0.0641728445234926,0.414814814814815,138,80,0.00868510500219832,0.0584735144265652,0.350641970291322,1,1,"Phenylacetaldehyde","O=CCC1=CC=CC=C1","Organic compounds","Benzenoids","Benzene and substituted derivatives","Phenylacetaldehydes","Phenylacetaldehydes"
"s__Collinsella_aerofaciens","HMDB0001870",-0.0511082894975512,0.368487500136046,149,82,0.00182577934599039,0.0302454762710777,0.419595789633597,2,3,"Benzoic acid","OC(=O)C1=CC=CC=C1","Organic compounds","Benzenoids","Benzene and substituted derivatives","Benzoic acids and derivatives","Benzoic acids"
"s__Eggerthella_lenta","HMDB0001870",0.079103936150916,0.489796584712835,149,82,0.00115866762593908,0.026576252453009,0.410692648561919,1,3,"Benzoic acid","OC(=O)C1=CC=CC=C1","Organic compounds","Benzenoids","Benzene and substituted derivatives","Benzoic acids and derivatives","Benzoic acids"
"s__Clostridium_sp._AF36_4","HMDB0001870",0.120619035444266,-0.399748241392077,132,74,0.000248800225886786,0.0172019004932654,0.520367276836343,2,3,"Benzoic acid","OC(=O)C1=CC=CC=C1","Organic compounds","Benzenoids","Benzene and substituted derivatives","Benzoic acids and derivatives","Benzoic acids"
"s__Gallintestinimicrobium_propionicum","HMDB0000873",-0.324590855750971,0.0797662193489405,148,82,0.00299261068656911,0.036201410066653,0.404357075099911,6,2,"4-Methylcatechol","CC1=CC=C(O)C(O)=C1","Organic compounds","Benzenoids","Phenols","Benzenediols","Catechols"
"s__Clostridium_sp._1001270J_160509_D11","HMDB0000873",-0.0619025117225837,0.463675052252524,122,62,0.000437335204961818,0.0182354130397927,0.525577563975108,2,2,"4-Methylcatechol","CC1=CC=C(O)C(O)=C1","Organic compounds","Benzenoids","Phenols","Benzenediols","Catechols"
"s__Blautia_sp._OF03_15BH","HMDB0003441",-0.0297145522457124,-0.396088418715512,148,82,0.00565737375670194,0.0462508672706996,0.3663738664698,1,1,"Cinnamaldehyde","O=C\C=C\C1=CC=CC=C1","Organic compounds","Phenylpropanoids and polyketides","Cinnamaldehydes",NA,"Cinnamaldehydes"
"s__Lachnospira_eligens","HMDB0000943",0.284875748231453,-0.100379839139757,149,82,0.00499325290096722,0.0436562875160953,0.38525558737121,1,1,"Threonic acid","OC[C@H](O)[C@@H](O)C(O)=O","Organic compounds","Organic oxygen compounds","Organooxygen compounds","Carbohydrates and carbohydrate conjugates","Sugar acids and derivatives"
"s__Bifidobacterium_longum","HMDB0002340",0.0167612493855847,0.378700097370983,139,79,0.00806765125544193,0.0557412041018802,0.361938847985399,2,2,"2-Methylbenzoic acid","CC1=CC=CC=C1C(O)=O","Organic compounds","Benzenoids","Benzene and substituted derivatives","Benzoic acids and derivatives","Benzoic acids"
"s__Slackia_isoflavoniconvertens","HMDB0002340",0.0726714973290316,0.451290255874446,147,82,0.00333128553614771,0.0381280771819088,0.378618758545415,11,2,"2-Methylbenzoic acid","CC1=CC=CC=C1C(O)=O","Organic compounds","Benzenoids","Benzene and substituted derivatives","Benzoic acids and derivatives","Benzoic acids"
"s__Roseburia_intestinalis","HMDB0002466",0.0564810448031925,-0.425038909023628,149,82,0.00027910656788746,0.0172019004932654,0.481519953826821,2,1,"3-Hydroxybenzoic acid","OC(=O)C1=CC(O)=CC=C1","Organic compounds","Benzenoids","Benzene and substituted derivatives","Benzoic acids and derivatives","Hydroxybenzoic acid derivatives"
"s__Slackia_isoflavoniconvertens","HMDB0032036",0.0388367120265359,0.455600178491745,147,82,0.00130189838527782,0.0273181677844129,0.416763466465209,11,3,"4-Ethoxyphenol","CCOC1=CC=C(O)C=C1","Organic compounds","Benzenoids","Phenols","4-alkoxyphenols","4-alkoxyphenols"
"s__Ellagibacter_isourolithinifaciens","HMDB0032036",0.0309505587019746,0.387555642624699,140,82,0.00783081400074999,0.055467529997384,0.356605083922725,11,3,"4-Ethoxyphenol","CCOC1=CC=C(O)C=C1","Organic compounds","Benzenoids","Phenols","4-alkoxyphenols","4-alkoxyphenols"
"s__Collinsella_bouchesdurhonensis","HMDB0032036",0.0166648020840706,0.372362869198312,138,80,0.00915298179593083,0.0590954055439842,0.355698067114242,1,3,"4-Ethoxyphenol","CCOC1=CC=C(O)C=C1","Organic compounds","Benzenoids","Phenols","4-alkoxyphenols","4-alkoxyphenols"
"s__Gemmiger_formicilis","HMDB0012322",-0.000286595320152367,0.362806238504152,149,82,0.00677848998148374,0.0507983267064763,0.363092833824304,2,1,"2-Naphthol","OC1=CC2=CC=CC=C2C=C1","Organic compounds","Benzenoids","Naphthalenes","Naphthols and derivatives","Naphthols and derivatives"
"s__Terrisporobacter_mayombei","HMDB0000641",-0.156667788875173,0.371674641148325,134,76,0.000188999417598323,0.0158633511170859,0.528342430023498,2,1,"Glutamine","N[C@@H](CCC(N)=O)C(O)=O","Organic compounds","Organic acids and derivatives","Carboxylic acids and derivatives","Amino acids, peptides, and analogues","L-alpha-amino acids"
"s__Roseburia_hominis","HMDB0032063",0.27199709776891,-0.160457548350584,149,82,0.00167286451613563,0.0296123978021645,0.432454646119494,3,1,"4-tert-Butylphenol","CC(C)(C)C1=CC=C(O)C=C1","Organic compounds","Benzenoids","Benzene and substituted derivatives","Phenylpropanes","Phenylpropanes"
"s__Paraprevotella_clara","HMDB0249030",0.112315985900892,-0.412203167887991,105,62,0.000822550572111185,0.0213557810266423,0.524519153788882,2,1,"2(3H)-Benzothiazolone","OC1=NC2=CC=CC=C2S1","Organic compounds","Organoheterocyclic compounds","Benzothiazoles",NA,"Benzothiazoles"
"s__Ruminococcus_torques","HMDB0000292",0.291021222564847,-0.0938061187840794,149,82,0.00498386690693866,0.0436562875160953,0.384827341348926,1,3,"Xanthine","O=C1NC2=C(NC=N2)C(=O)N1","Organic compounds","Organoheterocyclic compounds","Imidazopyrimidines","Purines and purine derivatives","Xanthines"
"s__Terrisporobacter_mayombei","HMDB0000292",-0.00958366064414768,-0.370116199589884,134,76,0.00993519213066266,0.0613157200612955,0.360532538945736,2,3,"Xanthine","O=C1NC2=C(NC=N2)C(=O)N1","Organic compounds","Organoheterocyclic compounds","Imidazopyrimidines","Purines and purine derivatives","Xanthines"
"s__Terrisporobacter_glycolicus","HMDB0000292",0.00472075975514522,-0.448305860805861,106,64,0.00275331330553325,0.0343210044719442,0.453026620561006,3,3,"Xanthine","O=C1NC2=C(NC=N2)C(=O)N1","Organic compounds","Organoheterocyclic compounds","Imidazopyrimidines","Purines and purine derivatives","Xanthines"
"s__Blautia_sp._MSJ_36","HMDB0302502",-0.125573320204193,0.357103209586313,148,82,0.000377522461271255,0.0172019004932654,0.482676529790505,1,1,"Anthemol","CC(C)C1=CC=C(CO)CC1","Organic compounds","Lipids and lipid-like molecules","Prenol lipids","Monoterpenoids","Menthane monoterpenoids"
"s__Blautia_sp._MSK20_18","HMDB0301801",0.089797846394108,-0.484245926796617,146,82,1.1389165258657e-05,0.0071694795303246,0.574043773190725,2,3,"Parasorbic acid","CC1CC=CC(=O)O1","Organic compounds","Organoheterocyclic compounds","Pyrans","Pyranones and derivatives","Dihydropyranones"
"s__Clostridium_sp._L2_50","HMDB0301801",-0.0342026825633383,-0.456776556776557,121,64,0.00386874798835793,0.0395528565144385,0.422573874213218,1,3,"Parasorbic acid","CC1CC=CC(=O)O1","Organic compounds","Organoheterocyclic compounds","Pyrans","Pyranones and derivatives","Dihydropyranones"
"s__Clostridium_sp._AF15_41","HMDB0301801",-0.07418989952758,-0.484324242653169,113,62,0.00522730670989138,0.0441689875688138,0.410134343125589,2,3,"Parasorbic acid","CC1CC=CC(=O)O1","Organic compounds","Organoheterocyclic compounds","Pyrans","Pyranones and derivatives","Dihydropyranones"
"s__Gallintestinimicrobium_propionicum","HMDB0000991",-0.0771941644424866,0.404098779943623,148,82,0.000320757596733439,0.0172019004932654,0.481292944386109,6,1,"2-Aminooctanoic acid","CCCCCCC(N)C(O)=O","Organic compounds","Organic acids and derivatives","Carboxylic acids and derivatives","Amino acids, peptides, and analogues","Alpha amino acids"
"s__Bacteroides_uniformis","HMDB0002285",-0.304097779877185,0.0949610516066212,145,79,0.00413155234268269,0.0412827333288691,0.399058831483806,5,2,"2-Indolecarboxylic acid","OC(=O)C1=CC2=C(N1)C=CC=C2","Organic compounds","Organoheterocyclic compounds","Indoles and derivatives","Indolecarboxylic acids and derivatives","Indolecarboxylic acids and derivatives"
"s__Lentihominibacter_faecis","HMDB0002285",0.3467536842417,-0.00476513098464318,148,81,0.00927998550198606,0.0593071154670074,0.351518815226343,2,2,"2-Indolecarboxylic acid","OC(=O)C1=CC2=C(N1)C=CC=C2","Organic compounds","Organoheterocyclic compounds","Indoles and derivatives","Indolecarboxylic acids and derivatives","Indolecarboxylic acids and derivatives"
"s__Dorea_ammoniilytica","HMDB0001514",0.318331069050149,-0.0863572433192686,148,80,0.00326969602150548,0.0377664889089486,0.404688312369417,2,2,"Glucosamine","N[C@H]1C(O)O[C@H](CO)[C@@H](O)[C@@H]1O","Organic compounds","Organic oxygen compounds","Organooxygen compounds","Carbohydrates and carbohydrate conjugates","Hexoses"
"s__Bacteriophage_sp.","HMDB0001514",0.023550246544899,0.42854020979021,120,65,0.00603910720787255,0.0481793769548777,0.404989963245311,1,2,"Glucosamine","N[C@H]1C(O)O[C@H](CO)[C@@H](O)[C@@H]1O","Organic compounds","Organic oxygen compounds","Organooxygen compounds","Carbohydrates and carbohydrate conjugates","Hexoses"
"s__Senegalimassilia_faecalis","HMDB0033830",0.0782898052905707,0.431571815718157,137,81,0.00747359402323389,0.0547049702049504,0.353282010427587,1,1,"Cassiastearoptene","COC1=CC=CC=C1\C=C\C=O","Organic compounds","Phenylpropanoids and polyketides","Cinnamaldehydes",NA,"Cinnamaldehydes"
"s__Ellagibacter_isourolithinifaciens","HMDB0001886",0.0195272353545735,0.37018534843983,140,82,0.00940177335880691,0.0594815711494367,0.350658113085256,11,1,"3-Methylxanthine","CN1C2=C(NC=N2)C(=O)NC1=O","Organic compounds","Organoheterocyclic compounds","Imidazopyrimidines","Purines and purine derivatives","Xanthines"
"s__Ellagibacter_isourolithinifaciens","HMDB0059713",-0.0706435459535107,0.417964541091194,140,82,0.000280815702849112,0.0172019004932654,0.488608087044705,11,1,"3-Methoxysalicylic acid","COC1=CC=CC(C(O)=O)=C1O","Organic compounds","Benzenoids","Benzene and substituted derivatives","Benzoic acids and derivatives","M-methoxybenzoic acids and derivatives"
"s__Gallintestinimicrobium_propionicum","HMDB0000439",0.312904193057597,-0.16655238841545,148,82,0.000460867463250277,0.0182354130397927,0.479456581473047,6,2,"2-Furoylglycine","OC(=O)CNC(=O)C1=CC=CO1","Organic compounds","Organic acids and derivatives","Carboxylic acids and derivatives","Amino acids, peptides, and analogues","N-acyl-alpha amino acids"
"s__Terrisporobacter_glycolicus","HMDB0000439",-0.0876892460387435,0.430357142857143,106,64,0.000752459464874149,0.0206660911342108,0.518046388895886,3,2,"2-Furoylglycine","OC(=O)CNC(=O)C1=CC=CO1","Organic compounds","Organic acids and derivatives","Carboxylic acids and derivatives","Amino acids, peptides, and analogues","N-acyl-alpha amino acids"
"s__Slackia_isoflavoniconvertens","HMDB0240652",0.0532758086574134,0.401203730912811,147,82,0.00831909904477778,0.0569148392593475,0.347927922255398,11,2,"3-Hydroxypyridine sulfate","OS(=O)(=O)OC1=CN=CC=C1","Organic compounds","Organic acids and derivatives","Organic sulfuric acids and derivatives","Arylsulfates","Arylsulfates"
"s__Ellagibacter_isourolithinifaciens","HMDB0240652",0.0632656185082329,0.422992784144709,140,82,0.00634325773979652,0.0491866399663981,0.359727165636476,11,2,"3-Hydroxypyridine sulfate","OS(=O)(=O)OC1=CN=CC=C1","Organic compounds","Organic acids and derivatives","Organic sulfuric acids and derivatives","Arylsulfates","Arylsulfates"
"s__Dorea_sp._AF24_7LB","HMDB0003363",0.107885212581886,-0.381150495074546,147,78,0.000371618818768564,0.0172019004932654,0.489035707656431,1,1,"Pectic acid","O[C@H]1O[C@@H]([C@H](O)[C@H](O)[C@H]1O)C(O)=O","Organic compounds","Organic oxygen compounds","Organooxygen compounds","Carbohydrates and carbohydrate conjugates","Glucuronic acid derivatives"
"s__Collinsella_aerofaciens","HMDB0246328",-0.314478505350989,0.112286544552193,149,82,0.00177600330890089,0.0302454762710777,0.426765049903181,2,1,"4-Acetamidobenzoic acid","CC(=O)NC1=CC=C(C=C1)C(O)=O","Organic compounds","Benzenoids","Benzene and substituted derivatives","Benzoic acids and derivatives","Benzoic acids"
"s__Paraprevotella_clara","HMDB0031340",0.0652291105121294,-0.462013044244668,105,62,0.000602691018927998,0.0206660911342108,0.527242154756797,2,1,"Cyclamic acid","OS(=O)(=O)NC1CCCCC1","Organic compounds","Organic acids and derivatives","Sulfamic acid derivatives","Cyclamates","Cyclamates"
"s__Parabacteroides_merdae","HMDB0000122",-0.0245518848967125,0.406012658227848,144,79,0.00146658785900946,0.0293084780078239,0.430564543124561,2,1,"Glucose","OC[C@H]1O[C@@H](O)[C@H](O)[C@@H](O)[C@@H]1O","Organic compounds","Organic oxygen compounds","Organooxygen compounds","Carbohydrates and carbohydrate conjugates","Hexoses"
"s__Ellagibacter_isourolithinifaciens","HMDB0001889",0.007657825107695,0.361217226630098,140,82,0.00910915650333148,0.0590954055439842,0.353559401522403,11,1,"Theophylline","CN1C2=C(NC=N2)C(=O)N(C)C1=O","Organic compounds","Organoheterocyclic compounds","Imidazopyrimidines","Purines and purine derivatives","Xanthines"
"s__Parolsenella_massiliensis","HMDB0253675",0.00734426756360954,-0.400607182524991,118,74,0.00448358951356494,0.0422566825128552,0.4079514500886,2,1,"Isopropyl 4-hydroxybenzoate","CC(C)OC(=O)C1=CC=C(O)C=C1","Organic compounds","Benzenoids","Benzene and substituted derivatives","Benzoic acids and derivatives","p-Hydroxybenzoic acid alkyl esters"
"s__Dysosmobacter_welbionis","HMDB0000158",-0.303963942686191,0.0640412564463197,145,80,0.00779872876155235,0.055467529997384,0.368005199132511,1,1,"Tyrosine","N[C@@H](CC1=CC=C(O)C=C1)C(O)=O","Organic compounds","Organic acids and derivatives","Carboxylic acids and derivatives","Amino acids, peptides, and analogues","Tyrosine and derivatives"
"s__Blautia_schinkii","HMDB0033201",-0.137424269907491,0.373167466614425,149,82,0.000158281552747367,0.0156020745146739,0.510591736521917,2,1,"9-Hydroxydecanoic acid","CC(O)CCCCCCCC(O)=O","Organic compounds","Organic acids and derivatives","Hydroxy acids and derivatives","Medium-chain hydroxy acids and derivatives","Medium-chain hydroxy acids and derivatives"
"s__Subdoligranulum_sp._APC924_74","HMDB0245498",0.00230993903093615,0.377461607949413,148,81,0.00519361429396745,0.0441689875688138,0.375151668918477,3,1,"2,5-Dihydroxybenzenesulfonic Acid","OC1=CC(=C(O)C=C1)S(O)(=O)=O","Organic compounds","Benzenoids","Benzene and substituted derivatives","Benzenesulfonic acids and derivatives","Benzenesulfonic acids and derivatives"
"s__Subdoligranulum_sp._APC924_74","HMDB0000955",-0.0478053728293421,0.361585365853659,148,81,0.00252376135062139,0.0327568612415705,0.409390738683001,3,1,"Isoferulic acid","COC1=C(O)C=C(\C=C\C(O)=O)C=C1","Organic compounds","Phenylpropanoids and polyketides","Cinnamic acids and derivatives","Hydroxycinnamic acids and derivatives","Hydroxycinnamic acids"
"s__Suilimivivens_aceti","HMDB0002404",-0.0452363060224997,0.448416974129581,148,82,0.000173494077208447,0.0156020745146739,0.49365328015208,3,1,"Alpha-Hydroxyhippuric acid","OC(NC(=O)C1=CC=CC=C1)C(O)=O","Organic compounds","Benzenoids","Benzene and substituted derivatives","Benzoic acids and derivatives","Hippuric acids"
"s__Ellagibacter_isourolithinifaciens","HMDB0001229",-0.0042378255450351,0.37808687323821,140,82,0.00466332220411967,0.0430787171707458,0.382324698783245,11,1,"Dopaquinone","N[C@@H](CC1=CC(=O)C(=O)C=C1)C(O)=O","Organic compounds","Organic acids and derivatives","Carboxylic acids and derivatives","Amino acids, peptides, and analogues","L-alpha-amino acids"
"s__Anaerostipes_hadrus","HMDB0240662",-0.403297660076184,0.0440678703975795,149,82,0.000764339444534965,0.0206660911342108,0.447365530473763,2,5,"3-Methylcatechol 1-sulfate","CC1=CC=CC(OS(O)(=O)=O)=C1O","Organic compounds","Organic acids and derivatives","Organic sulfuric acids and derivatives","Arylsulfates","Phenylsulfates"
"s__Mogibacterium_kristiansenii","HMDB0240662",0.32124862226421,-0.0448663853727145,145,80,0.00780096574821194,0.055467529997384,0.366115007636925,2,5,"3-Methylcatechol 1-sulfate","CC1=CC=CC(OS(O)(=O)=O)=C1O","Organic compounds","Organic acids and derivatives","Organic sulfuric acids and derivatives","Arylsulfates","Phenylsulfates"
"s__Blautia_faecis","HMDB0240662",-0.392544893887176,-0.0163581153883828,149,82,0.00445506324269775,0.0422566825128552,0.376186778498793,2,5,"3-Methylcatechol 1-sulfate","CC1=CC=CC(OS(O)(=O)=O)=C1O","Organic compounds","Organic acids and derivatives","Organic sulfuric acids and derivatives","Arylsulfates","Phenylsulfates"
"s__Lentihominibacter_faecis","HMDB0240662",0.281416466459611,-0.104923215898826,148,81,0.00513867092239516,0.0440730919646669,0.386339682358437,2,5,"3-Methylcatechol 1-sulfate","CC1=CC=CC(OS(O)(=O)=O)=C1O","Organic compounds","Organic acids and derivatives","Organic sulfuric acids and derivatives","Arylsulfates","Phenylsulfates"
"s__Intestinimonas_sp._MSJ_38","HMDB0240662",0.367841842401529,-0.0324441397024412,147,82,0.00290325089716639,0.0356833718624322,0.40028598210397,3,5,"3-Methylcatechol 1-sulfate","CC1=CC=CC(OS(O)(=O)=O)=C1O","Organic compounds","Organic acids and derivatives","Organic sulfuric acids and derivatives","Arylsulfates","Phenylsulfates"
"s__Parabacteroides_merdae","HMDB0000512",-0.000454143557591833,0.373344693281402,144,79,0.00608460757412673,0.0481793769548777,0.373798836838994,2,2,"N-Acetylphenylalanine","CC(=O)N[C@@H](CC1=CC=CC=C1)C(O)=O","Organic compounds","Organic acids and derivatives","Carboxylic acids and derivatives","Amino acids, peptides, and analogues","Phenylalanine and derivatives"
"s__Kineothrix_sp._MSJ_39","HMDB0000512",0.0566157172101563,-0.417507428086329,148,82,0.000363340115442472,0.0172019004932654,0.474123145296485,1,2,"N-Acetylphenylalanine","CC(=O)N[C@@H](CC1=CC=CC=C1)C(O)=O","Organic compounds","Organic acids and derivatives","Carboxylic acids and derivatives","Amino acids, peptides, and analogues","Phenylalanine and derivatives"
"s__Mediterraneibacter_faecis","HMDB0303805",0.0150662071467441,0.384203480589023,149,82,0.0055188210984171,0.0454130442020074,0.369137273442279,2,1,"3-Oxo-alpha-ionol","CC(O)\C=C\C1C(C)=CC(=O)CC1(C)C","Organic compounds","Lipids and lipid-like molecules","Prenol lipids","Sesquiterpenoids","Sesquiterpenoids"
"s__Dorea_longicatena","HMDB0004186",0.0586323235987666,-0.365810123964693,149,82,0.00163822821035405,0.0296123978021645,0.42444244756346,2,1,"3-Methyldioxyindole","CC1(O)C(=O)NC2=CC=CC=C12","Organic compounds","Organoheterocyclic compounds","Indoles and derivatives","Indolines","Indolines"
"s__Roseburia_intestinalis","HMDB0002123",-0.0114892073281335,-0.38744680619497,149,82,0.00468767613375073,0.0430787171707458,0.375957598866836,2,1,"1,3,7-Trimethyluric acid","CN1C(=O)NC2=C1C(=O)N(C)C(=O)N2C","Organic compounds","Organoheterocyclic compounds","Imidazopyrimidines","Purines and purine derivatives","Xanthines"
"s__Mediterraneibacter_faecis","HMDB0304934",0.0621258842735353,0.403315157649568,149,82,0.00932711524378392,0.059307263090525,0.341189273376033,2,2,"4-Allylpyrocatechol sulfate","OC1=C(OS(O)(=O)=O)C=CC(CC=C)=C1","Organic compounds","Organic acids and derivatives","Organic sulfuric acids and derivatives","Arylsulfates","Phenylsulfates"
"s__Clostridium_saudiense","HMDB0304934",0.354091571439528,-0.167451512491021,118,67,0.000583023086047799,0.0206660911342108,0.521543083930548,2,2,"4-Allylpyrocatechol sulfate","OC1=C(OS(O)(=O)=O)C=CC(CC=C)=C1","Organic compounds","Organic acids and derivatives","Organic sulfuric acids and derivatives","Arylsulfates","Phenylsulfates"
"s__Dorea_sp._OM07_5","HMDB0041661",-0.0130864151436519,0.398955474904842,137,78,0.00268570886595422,0.0338130746223636,0.412041890048494,1,1,"3,4-Dihydroxyphenyllactic acid methyl ester","COC(=O)C(O)CC1=CC=C(O)C(O)=C1","Organic compounds","Benzenoids","Phenols","Benzenediols","Catechols"
"s__Bifidobacterium_longum","HMDB0304930",-0.010862862505027,0.384469328140214,139,79,0.00387311479352343,0.0395528565144385,0.395332190645241,2,3,"3- Acetylphenol sulfate","CC(=O)C1=CC(OS(O)(=O)=O)=CC=C1","Organic compounds","Organic oxygen compounds","Organooxygen compounds","Carbonyl compounds","Alkyl-phenylketones"
"s__Slackia_isoflavoniconvertens","HMDB0304930",0.0699967510143635,0.46681033075391,147,82,0.00197280903330356,0.0307504443519598,0.396813579739546,11,3,"3- Acetylphenol sulfate","CC(=O)C1=CC(OS(O)(=O)=O)=CC=C1","Organic compounds","Organic oxygen compounds","Organooxygen compounds","Carbonyl compounds","Alkyl-phenylketones"
"s__Blautia_sp._MSJ_19","HMDB0304930",0.00360927973583774,-0.38733796976524,148,82,0.00337841788637153,0.0383191722427185,0.390947249501078,2,3,"3- Acetylphenol sulfate","CC(=O)C1=CC(OS(O)(=O)=O)=CC=C1","Organic compounds","Organic oxygen compounds","Organooxygen compounds","Carbonyl compounds","Alkyl-phenylketones"
"s__Anthropogastromicrobium_aceti","HMDB0013067",-0.342940804110507,0.047898912724067,148,82,0.00387332961819068,0.0395528565144385,0.390839716834574,1,1,"Salsoline-1-carboxylate","COC1=C(O)C=C2CCN[C@@](C)(C(O)=O)C2=C1","Organic compounds","Organoheterocyclic compounds","Tetrahydroisoquinolines",NA,"Tetrahydroisoquinolines"
"s__Bifidobacterium_catenulatum","HMDB0304924",-0.341261078451852,0.122077922077922,93,56,0.00605506209956936,0.0481793769548777,0.463339000529774,1,1,"5-Methylpyrogallol sulfate","CC1=CC(O)=C(O)C(OS(O)(=O)=O)=C1","Organic compounds","Organic acids and derivatives","Organic sulfuric acids and derivatives","Arylsulfates","Phenylsulfates"
"s__Fusicatenibacter_sp._CLA_AA_H277","HMDB0010325",0.0289482743941037,-0.361108390200368,148,82,0.00379533869255695,0.0395528565144385,0.390056664594472,1,1,"Ethyl glucuronide","CCO[C@@H]1O[C@@H]([C@@H](O)[C@H](O)[C@H]1O)C(O)=O","Organic compounds","Organic oxygen compounds","Organooxygen compounds","Carbohydrates and carbohydrate conjugates","O-glucuronides"
"s__Roseburia_sp._BX1005","HMDB0304937",-0.085851623435516,-0.433649503161698,149,81,0.00735732409348562,0.0547049702049504,0.347797879726182,3,1,"6-Hydroxyindoxyl sulfate","CC1=CC2=C(C=C1)C(OS(O)(=O)=O)=CN2",NA,NA,NA,NA,NA
"s__Dorea_formicigenerans","HMDB0000933",-0.030400870669327,0.380503041978211,149,82,0.00214977075687709,0.0309964907299102,0.410903912647538,2,6,"Traumatic acid","OC(=O)CCCCCCCC\C=C\C(O)=O","Organic compounds","Lipids and lipid-like molecules","Fatty Acyls","Fatty acids and conjugates","Medium-chain fatty acids"
"s__Bacteroides_uniformis","HMDB0000933",0.0216265155093686,-0.418500486854917,145,79,0.00107577437281911,0.0260079886338492,0.440127002364286,5,6,"Traumatic acid","OC(=O)CCCCCCCC\C=C\C(O)=O","Organic compounds","Lipids and lipid-like molecules","Fatty Acyls","Fatty acids and conjugates","Medium-chain fatty acids"
"s__Agathobaculum_butyriciproducens","HMDB0000933",-0.0602757119535643,0.36469999238145,149,82,0.00162345989865027,0.0296123978021645,0.424975704335014,1,6,"Traumatic acid","OC(=O)CCCCCCCC\C=C\C(O)=O","Organic compounds","Lipids and lipid-like molecules","Fatty Acyls","Fatty acids and conjugates","Medium-chain fatty acids"
"s__Bacteroides_xylanisolvens","HMDB0000933",0.0608150470219436,-0.435277382645804,144,75,0.000296382183724502,0.0172019004932654,0.496092429667747,2,6,"Traumatic acid","OC(=O)CCCCCCCC\C=C\C(O)=O","Organic compounds","Lipids and lipid-like molecules","Fatty Acyls","Fatty acids and conjugates","Medium-chain fatty acids"
"s__Jingyaoa_shaoxingensis","HMDB0000933",-0.0287574823145293,0.438295186164713,149,82,0.000382568080866902,0.0172019004932654,0.467052668479242,2,6,"Traumatic acid","OC(=O)CCCCCCCC\C=C\C(O)=O","Organic compounds","Lipids and lipid-like molecules","Fatty Acyls","Fatty acids and conjugates","Medium-chain fatty acids"
"s__Dorea_sp._AM10_31","HMDB0000933",-0.0339604093123017,0.372380307136405,139,81,0.00291929094664854,0.0356833718624322,0.406340716448706,1,6,"Traumatic acid","OC(=O)CCCCCCCC\C=C\C(O)=O","Organic compounds","Lipids and lipid-like molecules","Fatty Acyls","Fatty acids and conjugates","Medium-chain fatty acids"
"s__Dorea_longicatena","HMDB0304928",-0.332972972972973,0.0509681000424462,149,82,0.00460539392074978,0.0429495625646221,0.383941073015419,2,2,"3- Hydroxyindolin-2-one-sulfate","OC1=NC2=CC=CC=C2C1OS(O)(=O)=O","Organic compounds","Organoheterocyclic compounds","Indoles and derivatives","Indolines","Indolines"
"s__Clostridium_sp._AF37_5","HMDB0304928",0.35113394068618,-0.0217639168343394,133,71,0.00971025372744435,0.0607282561587886,0.372897857520519,1,2,"3- Hydroxyindolin-2-one-sulfate","OC1=NC2=CC=CC=C2C1OS(O)(=O)=O","Organic compounds","Organoheterocyclic compounds","Indoles and derivatives","Indolines","Indolines"
"s__Roseburia_hominis","HMDB0062720",0.267767095955015,-0.130331624601387,149,82,0.00383662158849934,0.0395528565144385,0.398098720556402,3,1,"Thymol Sulfate","CC(C)C1=C(OS(O)(=O)=O)C=C(C)C=C1","Organic compounds","Organic acids and derivatives","Organic sulfuric acids and derivatives","Arylsulfates","Phenylsulfates"
"s__Anaerobutyricum_soehngenii","HMDB0240381",0.0105967712679122,0.411652028166868,149,82,0.0023713401054425,0.0321023354059367,0.401055256898956,1,1,"HPAA sulfate","CC(=O)NC1=CC=CC=C1OS(O)(=O)=O","Organic compounds","Organic acids and derivatives","Organic sulfuric acids and derivatives","Arylsulfates","Phenylsulfates"
"s__Collinsella_tanakaei","HMDB0034450",-0.089760005252963,0.36516553067186,143,79,0.000967032429465895,0.0243498765739512,0.454925535924823,1,1,"Neocnidilide","CCCCC1OC(=O)C2=CCCCC12","Organic compounds","Organoheterocyclic compounds","Isobenzofurans",NA,"Isobenzofurans"
"s__Gallintestinimicrobium_propionicum","HMDB0030987",-0.0392393489229539,0.38185261370686,148,82,0.00169348104984579,0.0296123978021645,0.421091962629814,6,1,"2-Carboxy-4-dodecanolide","CCCCCCCCC1CC(C(O)=O)C(=O)O1","Organic compounds","Organoheterocyclic compounds","Lactones","Gamma butyrolactones","Gamma butyrolactones"
"s__Clostridium_saudiense","HMDB0036563",-0.114188569821671,0.392848591268258,118,67,0.0007372154986352,0.0206660911342108,0.507037161089928,2,1,"Valerenolic acid","CC1CCC(\C=C(/C)C(O)=O)C2=C(C)CC(O)C12","Organic compounds","Lipids and lipid-like molecules","Prenol lipids","Sesquiterpenoids","Sesquiterpenoids"
"s__Prevotella_sp._P5_64","HMDB0000394",0.0932358780460046,-0.486776326398968,78,53,0.000683421999932836,0.0206660911342108,0.580012204444972,3,1,"3-Hydroxytetradecanedioic acid","OC(CCCCCCCCCCC(O)=O)CC(O)=O","Organic compounds","Lipids and lipid-like molecules","Fatty Acyls","Fatty acids and conjugates","Long-chain fatty acids"
"s__Bacteroides_uniformis","HMDB0304910",-0.373165643205794,0.0458373904576436,145,79,0.0021383060871607,0.0309964907299102,0.419003033663438,5,2,"Hippuric acid sulfate","OS(=O)(=O)OC(=O)CNC(=O)C1=CC=CC=C1",NA,NA,NA,NA,NA
"s__Roseburia_sp._BX1005","HMDB0304910",-0.00814438599673499,-0.428545618789521,149,81,0.00142541709460742,0.0293084780078239,0.420401232792786,3,2,"Hippuric acid sulfate","OS(=O)(=O)OC(=O)CNC(=O)C1=CC=CC=C1",NA,NA,NA,NA,NA
"s__Ellagibacter_isourolithinifaciens","HMDB0041706",-0.00218670048763421,0.393694017261458,140,82,0.00323919074469141,0.0377605661811711,0.395880717749092,11,1,"Caffeic acid 3-O-sulfate","OC(=O)\C=C\C1=CC(OS(O)(=O)=O)=C(O)C=C1","Organic compounds","Phenylpropanoids and polyketides","Cinnamic acids and derivatives","Hydroxycinnamic acids and derivatives","Hydroxycinnamic acids"
"s__Anaerostipes_hadrus","HMDB0029135",0.0995610375476147,-0.364068741089017,149,82,0.000606604834435835,0.0206660911342108,0.463629778636632,2,1,"Valylproline","CC(C)[C@H](N)C(=O)N1CCC[C@H]1C(O)=O","Organic compounds","Organic acids and derivatives","Carboxylic acids and derivatives","Amino acids, peptides, and analogues","Dipeptides"
"s__Ruthenibacterium_lactatiformans","HMDB0006344",0.340667513150735,-0.053754312643528,149,82,0.00355406099154016,0.0389211062239975,0.394421825794263,4,3,"Phenylacetylglutamine","NC(=O)CC[C@H](NC(=O)CC1=CC=CC=C1)C(O)=O","Organic compounds","Organic acids and derivatives","Carboxylic acids and derivatives","Amino acids, peptides, and analogues","N-acyl-alpha amino acids"
"s__Intestinibacter_bartlettii","HMDB0006344",-0.00567261730562872,-0.404078736270517,135,73,0.00449753411971612,0.0422566825128552,0.398406118964888,2,3,"Phenylacetylglutamine","NC(=O)CC[C@H](NC(=O)CC1=CC=CC=C1)C(O)=O","Organic compounds","Organic acids and derivatives","Carboxylic acids and derivatives","Amino acids, peptides, and analogues","N-acyl-alpha amino acids"
"s__Turicibacter_sanguinis","HMDB0006344",-0.0646034783202925,-0.507520994186225,112,58,0.00301918034709973,0.036201410066653,0.442917515865933,2,3,"Phenylacetylglutamine","NC(=O)CC[C@H](NC(=O)CC1=CC=CC=C1)C(O)=O","Organic compounds","Organic acids and derivatives","Carboxylic acids and derivatives","Amino acids, peptides, and analogues","N-acyl-alpha amino acids"
"s__Ruminococcus_gnavus","HMDB0059772",-0.411877380736441,-0.0716905562629924,149,82,0.00894674159327857,0.0590954055439842,0.340186824473449,3,6,"N-Phenylacetylglutamic acid","OC(=O)CC[C@H](NC(=O)CC1=CC=CC=C1)C(O)=O","Organic compounds","Organic acids and derivatives","Carboxylic acids and derivatives","Amino acids, peptides, and analogues","Glutamic acid and derivatives"
"s__Ruthenibacterium_lactatiformans","HMDB0059772",0.285818973335752,-0.0957434072332691,149,82,0.00541109036242289,0.0451163097105326,0.381562380569021,4,6,"N-Phenylacetylglutamic acid","OC(=O)CC[C@H](NC(=O)CC1=CC=CC=C1)C(O)=O","Organic compounds","Organic acids and derivatives","Carboxylic acids and derivatives","Amino acids, peptides, and analogues","Glutamic acid and derivatives"
"s__Oscillibacter_sp._MSJ_31","HMDB0059772",0.472274063272106,0.0788166214995483,147,81,0.00207608242249133,0.0307504443519598,0.393457441772558,1,6,"N-Phenylacetylglutamic acid","OC(=O)CC[C@H](NC(=O)CC1=CC=CC=C1)C(O)=O","Organic compounds","Organic acids and derivatives","Carboxylic acids and derivatives","Amino acids, peptides, and analogues","Glutamic acid and derivatives"
"s__Dysosmobacter_sp._BX15","HMDB0059772",0.484557469657679,0.15,146,81,0.00739178189547849,0.0547049702049504,0.334557469657679,1,6,"N-Phenylacetylglutamic acid","OC(=O)CC[C@H](NC(=O)CC1=CC=CC=C1)C(O)=O","Organic compounds","Organic acids and derivatives","Carboxylic acids and derivatives","Amino acids, peptides, and analogues","Glutamic acid and derivatives"
"s__Turicibacter_sanguinis","HMDB0059772",-0.0744268288516076,-0.469623796487127,112,58,0.00912604769728907,0.0590954055439842,0.395196967635519,2,6,"N-Phenylacetylglutamic acid","OC(=O)CC[C@H](NC(=O)CC1=CC=CC=C1)C(O)=O","Organic compounds","Organic acids and derivatives","Carboxylic acids and derivatives","Amino acids, peptides, and analogues","Glutamic acid and derivatives"
"s__Jingyaoa_shaoxingensis","HMDB0059772",-0.0133756575367314,0.363023911363612,149,82,0.0050673000353412,0.0439981430654798,0.376399568900343,2,6,"N-Phenylacetylglutamic acid","OC(=O)CC[C@H](NC(=O)CC1=CC=CC=C1)C(O)=O","Organic compounds","Organic acids and derivatives","Carboxylic acids and derivatives","Amino acids, peptides, and analogues","Glutamic acid and derivatives"
"s__Ruthenibacterium_lactatiformans","HMDB0303264",0.281432976600762,-0.208715621292759,149,82,0.0003549689078086,0.0172019004932654,0.490148597893521,4,1,"Monomenthyl glutarate","[H][C@@]1(C)CC[C@@]([H])(C(C)C)[C@@]([H])(C1)OC(=O)CCCC(O)=O","Organic compounds","Lipids and lipid-like molecules","Prenol lipids","Monoterpenoids","Menthane monoterpenoids"
"s__Subdoligranulum_sp._APC924_74","HMDB0240372",-0.0585924919577844,0.382204155374887,148,81,0.00108786452871026,0.0260079886338492,0.440796647332671,3,1,"3-Phenylpropionic acid sulfate","OS(=O)(=O)OC(=O)CCC1=CC=CC=C1","Organic compounds","Benzenoids","Benzene and substituted derivatives",NA,"Benzene and substituted derivatives"
"s__Clostridium_sp._OM08_29","HMDB0029156",-0.371283433547584,0.103559741399952,105,67,0.00206464669967806,0.0307504443519598,0.474843174947537,3,1,"Glutamylphenylalanine","N[C@@H](CCC(O)=O)C(=O)N[C@@H](CC1=CC=CC=C1)C(O)=O","Organic compounds","Organic acids and derivatives","Carboxylic acids and derivatives","Amino acids, peptides, and analogues","Dipeptides"
"s__Dorea_sp._AM58_8","HMDB0240516",0.268873571558135,-0.145895234052742,149,82,0.00258922164330924,0.0332635719278197,0.414768805610877,1,1,"Ethyl gallate 3-sulfate","CCOC(=O)C1=CC(O)=C(O)C(OS(O)(=O)=O)=C1","Organic compounds","Benzenoids","Benzene and substituted derivatives","Benzoic acids and derivatives","Gallic acid and derivatives"
"s__Oscillibacter_sp._ER4","HMDB0001518",-0.286840655014958,0.101294065149487,145,82,0.00487418215038495,0.0434682401921546,0.388134720164445,1,1,"alpha-CEHC","CC1=C(O)C(C)=C2CCC(C)(CCC(O)=O)OC2=C1C","Organic compounds","Organoheterocyclic compounds","Benzopyrans","1-benzopyrans","1-benzopyrans"
"s__Blautia_sp._Marseille_P3087","HMDB0012535",0.045373273561193,0.447742188265256,148,82,0.00191846495002701,0.030574017368152,0.402368914704063,2,1,"12-HHT","CCCCC[C@H](O)\C=C\C=C\C\C=C/CCCC(O)=O","Organic compounds","Lipids and lipid-like molecules","Fatty Acyls","Fatty acids and conjugates","Long-chain fatty acids"
"s__Butyricicoccus_faecihominis","HMDB0302991",-0.284135127579355,0.0989214309813781,147,82,0.00536334864546601,0.045016372964278,0.383056558560733,2,1,"Hexadecatrienoic acid","CCCCCCCCCC=CC=CC=CC(O)=O","Organic compounds","Lipids and lipid-like molecules","Fatty Acyls","Fatty acids and conjugates","Long-chain fatty acids"
"s__Blautia_sp._MCC270","HMDB0037830",-0.135809612922289,0.395304796421458,143,82,8.80297657137408e-05,0.0123143861148444,0.531114409343747,1,1,"xi-7-Hydroxyhexadecanedioic acid","OC(CCCCCCCCC(O)=O)CCCCCC(O)=O","Organic compounds","Lipids and lipid-like molecules","Fatty Acyls","Fatty acids and conjugates","Long-chain fatty acids"
"s__Ruminococcus_gnavus","HMDB0240502",-0.0216325049882097,-0.394347035839836,149,82,0.00490269269840028,0.0434682401921546,0.372714530851627,3,1,"Dihydroresveratrol 4'-sulfate","OC1=CC(CCC2=CC=C(OS(O)(=O)=O)C=C2)=CC(O)=C1","Organic compounds","Phenylpropanoids and polyketides","Stilbenes",NA,"Stilbenes"
"s__Prevotellamassilia_timonensis","HMDB0010314",-0.0925246239304066,0.392609146779472,118,67,0.00122189167529305,0.0269888003367359,0.485133770709878,1,2,"BetaGlucopyranuronic acid","O[C@@H]1[C@@H](O)[C@H](OC(=O)C2=CC=CC=C2O)O[C@@H]([C@H]1O)C(O)=O","Organic compounds","Organic oxygen compounds","Organooxygen compounds","Carbohydrates and carbohydrate conjugates","O-glucuronides"
"s__Suilimivivens_aceti","HMDB0010314",-0.120002073022207,0.40277097550092,148,82,9.82850605054738e-05,0.0123740891176391,0.522773048523127,3,2,"BetaGlucopyranuronic acid","O[C@@H]1[C@@H](O)[C@H](OC(=O)C2=CC=CC=C2O)O[C@@H]([C@H]1O)C(O)=O","Organic compounds","Organic oxygen compounds","Organooxygen compounds","Carbohydrates and carbohydrate conjugates","O-glucuronides"
"s__Streptococcus_thermophilus","HMDB0000782",0.00291959283516137,0.407577497129736,115,66,0.00674433817759357,0.0507983267064763,0.404657904294575,1,1,"Octadecanedioic acid","OC(=O)CCCCCCCCCCCCCCCCC(O)=O","Organic compounds","Lipids and lipid-like molecules","Fatty Acyls","Fatty acids and conjugates","Long-chain fatty acids"
"s__Gallintestinimicrobium_propionicum","HMDB0253873",0.303061039398527,-0.0490308115932565,148,82,0.00991273532891556,0.0613157200612955,0.352091850991784,6,1,"Ascorbic acid 2-glucoside","OCC(O)C1OC(=O)C(OC2OC(CO)C(O)C(O)C2O)=C1O","Organic compounds","Lipids and lipid-like molecules","Fatty Acyls","Fatty acyl glycosides","Fatty acyl glycosides of mono- and disaccharides"
"s__Clostridium_sp._1001271B_151109_B4","HMDB0011134",0.318266628685372,-0.216004445679355,119,60,0.000736873316683541,0.0206660911342108,0.534271074364728,1,1,"5-HETE","CCCCC\C=C/C\C=C/C\C=C/C=C/[C@@H](O)CCCC(O)=O","Organic compounds","Lipids and lipid-like molecules","Fatty Acyls","Eicosanoids","Hydroxyeicosatetraenoic acids"
"s__Prevotella_sp._P5_64","HMDB0060101",-0.399284260043754,0.139735526527979,78,53,0.00217962257316059,0.0309964907299102,0.539019786571733,3,1,"12 Hydroxy arachidonic acid","CCCCC\C=C/C\C(O)=C/C\C=C/C\C=C\CCCC(O)=O","Organic compounds","Lipids and lipid-like molecules","Fatty Acyls","Fatty acids and conjugates","Long-chain fatty acids"
"s__Slackia_isoflavoniconvertens","HMDB0005886",0.127934476271071,0.474733622838236,147,82,0.00595879746723016,0.0481793769548777,0.346799146567165,11,1,"19-Noretiocholanolone","[H][C@@]12CCC(=O)[C@@]1(C)CC[C@@]1([H])[C@@]2([H])CC[C@]2([H])C[C@H](O)CC[C@]12[H]","Organic compounds","Lipids and lipid-like molecules","Steroids and steroid derivatives","Estrane steroids","Estrogens and derivatives"
"s__Prevotella_sp._P5_64","HMDB0062747",-0.418556127416887,0.0763586518303499,78,53,0.00447392930727288,0.0422566825128552,0.494914779247237,3,1,"12-HETrE","[H]\C(CCCCC)=C(/[H])C[C@]([H])(O)C(\[H])=C(/[H])\C(\[H])=C(\[H])CCCCCCC(O)=O","Organic compounds","Lipids and lipid-like molecules","Fatty Acyls","Eicosanoids","Hydroxyeicosatrienoic acids"
"s__Butyricicoccus_faecihominis","HMDB0039056",-0.00182094311252824,-0.356559027437664,147,82,0.00841419965458592,0.0569541793823854,0.354738084325136,2,1,"p-Mentha-1,8-diene-6,7-diol 7-glucoside","CC(=C)C1CC=C(COC2OC(CO)C(O)C(O)C2O)C(O)C1","Organic compounds","Lipids and lipid-like molecules","Prenol lipids","Terpene glycosides","Terpene glycosides"
"s__Terrisporobacter_glycolicus","HMDB0001976",0.124487996574048,-0.427106227106227,106,64,0.000350863056825032,0.0172019004932654,0.551594223680276,3,1,"Docosapentaenoic acid (22n-6)","CCCCC\C=C/C\C=C/C\C=C/C\C=C/C\C=C/CCC(O)=O","Organic compounds","Lipids and lipid-like molecules","Fatty Acyls","Fatty acids and conjugates","Very long-chain fatty acids"
"s__Butyrivibrio_crossotus","HMDB0000153",0.073468632177047,0.443563685636856,147,81,0.00438550597049654,0.0422566825128552,0.370095053459809,2,1,"Estriol","[H][C@@]12C[C@@H](O)[C@H](O)[C@@]1(C)CC[C@]1([H])C3=C(CC[C@@]21[H])C=C(O)C=C3","Organic compounds","Lipids and lipid-like molecules","Steroids and steroid derivatives","Estrane steroids","Estrogens and derivatives"
"s__Bifidobacterium_adolescentis","HMDB0001193",-0.0106053354157745,0.406043956043956,106,64,0.00668257126708158,0.050682874850938,0.41664929145973,1,1,"5)-Hydroperoxyeicosatetraenoic acid","CCCCC\C=C/C\C=C/C\C=C/C=C/[C@H](CCCC(O)=O)OO","Organic compounds","Lipids and lipid-like molecules","Fatty Acyls","Eicosanoids","Hydroperoxyeicosatetraenoic acids"
"s__Clostridium_sp._AF15_41","HMDB0002689",-0.0451626854747488,0.430787439248571,113,62,0.00185269218828783,0.0302927203253816,0.47595012472332,2,1,"13,14-Dihydro PGE1","CCCCC[C@H](O)CC[C@H]1[C@H](O)CC(=O)[C@@H]1CCCCCCC(O)=O","Organic compounds","Lipids and lipid-like molecules","Fatty Acyls","Eicosanoids","Prostaglandins and related compounds"
"s__Bacteroides_uniformis","HMDB0010363",-0.324566997323256,0.0979795520934761,145,79,0.00229941275093258,0.0314669636241752,0.422546549416732,5,1,"5-Hydroxy-6-methoxyindole glucuronide","COC1=C(O[C@@H]2O[C@@H]([C@@H](O)[C@H](O)[C@H]2O)C(O)=O)C=C2C=CNC2=C1","Organic compounds","Organic oxygen compounds","Organooxygen compounds","Carbohydrates and carbohydrate conjugates","Phenolic glycosides"
"s__Anaeromassilibacillus_sp._An200","HMDB0240371",-0.294388478112076,0.100586029067042,146,80,0.0043923393314218,0.0422566825128552,0.394974507179118,1,3,"3-Hydroxyphenylpropionic acid glucuronide","O[C@@H]1[C@@H](O)[C@H](OC2=CC=CC(CCC(O)=O)=C2)O[C@@H]([C@H]1O)C(O)=O","Organic compounds","Organic oxygen compounds","Organooxygen compounds","Carbohydrates and carbohydrate conjugates","Phenolic glycosides"
"s__Clostridium_sp._AF43_10","HMDB0240371",0.016068798653482,-0.446237344744807,97,66,0.00248599596766757,0.032602801284307,0.462306143398289,1,3,"3-Hydroxyphenylpropionic acid glucuronide","O[C@@H]1[C@@H](O)[C@H](OC2=CC=CC(CCC(O)=O)=C2)O[C@@H]([C@H]1O)C(O)=O","Organic compounds","Organic oxygen compounds","Organooxygen compounds","Carbohydrates and carbohydrate conjugates","Phenolic glycosides"
"s__Clostridium_sp._OM08_29","HMDB0240371",-0.0261351855691478,-0.42517359725437,105,67,0.00773032179221321,0.055467529997384,0.399038411685222,3,3,"3-Hydroxyphenylpropionic acid glucuronide","O[C@@H]1[C@@H](O)[C@H](OC2=CC=CC(CCC(O)=O)=C2)O[C@@H]([C@H]1O)C(O)=O","Organic compounds","Organic oxygen compounds","Organooxygen compounds","Carbohydrates and carbohydrate conjugates","Phenolic glycosides"
"s__Phascolarctobacterium_succinatutens","HMDB0041273",0.340848123560493,-0.15988308366825,121,69,0.000831162248058359,0.0213557810266423,0.500731207228743,1,1,"Myzodendrone","CC(=O)CCC1=CC(OC2OC(CO)C(O)C(O)C2O)=C(O)C=C1","Organic compounds","Organic oxygen compounds","Organooxygen compounds","Carbohydrates and carbohydrate conjugates","Phenolic glycosides"
"s__Roseburia_sp._BX1005","HMDB0013622",0.0221694177398875,0.384304426377597,149,81,0.0066527795142361,0.050682874850938,0.36213500863771,3,1,"-Nonadecenoic acid","CCCCCCCC\C=C/CCCCCCCCC(O)=O","Organic compounds","Lipids and lipid-like molecules","Fatty Acyls","Fatty acids and conjugates","Long-chain fatty acids"
"s__Holdemanella_sp._MSK_7_32","HMDB0245603",0.30273631840796,-0.0948283649503162,135,81,0.00447926623628521,0.0422566825128552,0.397564683358276,1,1,"21-Deoxycortisone","CC(=O)C1(O)CCC2C3CCC4=CC(=O)CCC4(C)C3C(=O)CC12C","Organic compounds","Lipids and lipid-like molecules","Steroids and steroid derivatives","Pregnane steroids","Gluco/mineralocorticoids, progestogins and derivatives"
"s__Collinsella_sp._AM34_10","HMDB0011562",-0.296553799695983,0.115962984384037,133,77,0.00389559508164446,0.0395528565144385,0.41251678408002,2,2,"MG(14:1/0:0/0:0)","[H][C@](O)(CO)COC(=O)CCCCCCC\C=C/CCCC","Organic compounds","Lipids and lipid-like molecules","Glycerolipids","Monoradylglycerols","1-monoacylglycerols"
"s__Bacteroides_fragilis","HMDB0011562",-0.289519317975694,0.148757618377872,149,80,0.00154221312155797,0.0296123978021645,0.438276936353565,5,2,"MG(14:1/0:0/0:0)","[H][C@](O)(CO)COC(=O)CCCCCCC\C=C/CCCC","Organic compounds","Lipids and lipid-like molecules","Glycerolipids","Monoradylglycerols","1-monoacylglycerols"
"s__Roseburia_sp._CLA_AA_H209","HMDB0033236",0.0659665280950036,-0.407046070460705,148,81,0.000419086525811739,0.0181941357240338,0.473012598555708,1,1,"10-Hydroxylinalyl oxide 7-glucoside","CC(C)(OC1OC(CO)C(O)C(O)C1O)C1CCC(CO)(O1)C=C","Organic compounds","Organic oxygen compounds","Organooxygen compounds","Carbohydrates and carbohydrate conjugates","O-glycosyl compounds"
"s__Slackia_isoflavoniconvertens","HMDB0010410",0.132120378695721,0.523818852646358,147,82,0.00144826925542126,0.0293084780078239,0.391698473950637,11,1,"Resolvin E1","CCC(O)\C=C\C=C/CC(O)\C=C\C=C\C=C/C(O)CCCC(O)=O","Organic compounds","Lipids and lipid-like molecules","Fatty Acyls","Eicosanoids","Hydroxyeicosapentaenoic acids"
"s__Blautia_ammoniilytica","HMDB0002759",-0.035048882604012,-0.406884992544705,148,82,0.00479460868187022,0.0434274268379468,0.371836109940692,2,1,"Androsterone sulfate","[H][C@@]12CCC(=O)[C@@]1(C)CC[C@@]1([H])[C@@]2([H])CC[C@@]2([H])C[C@@H](CC[C@]12C)OS(O)(=O)=O","Organic compounds","Lipids and lipid-like molecules","Steroids and steroid derivatives","Sulfated steroids","Sulfated steroids"
"s__Butyricicoccus_sp._BIOML_A1","HMDB0002925",-0.312541332073689,0.0896056475170399,145,79,0.00378410552722534,0.0395528565144385,0.402146979590729,1,1,"Dihomo-gamma-linolenic acid","CCCCC\C=C/C\C=C/C\C=C/CCCCCCC(O)=O","Organic compounds","Lipids and lipid-like molecules","Fatty Acyls","Fatty acids and conjugates","Long-chain fatty acids"
"s__Blautia_faecicola","HMDB0252122",0.0964447669145656,-0.407864520412272,149,82,0.000161406412663209,0.0156020745146739,0.504309287326838,1,1,"Etretinate","CCOC(=O)C=C(C)C=CC=C(C)C=CC1=C(C)C(C)=C(OC)C=C1C","Organic compounds","Lipids and lipid-like molecules","Prenol lipids","Retinoids","Retinoid esters"
"s__Clostridium_spiroforme","HMDB0004025",-0.296105337850211,0.156850566313482,128,69,0.00244293274102788,0.0323752875889905,0.452955904163692,2,1,"Pregnanediol","[H][C@@]1(CC[C@@]2([H])[C@]3([H])CC[C@]4([H])C[C@H](O)CC[C@]4(C)[C@@]3([H])CC[C@]12C)[C@H](C)O","Organic compounds","Lipids and lipid-like molecules","Steroids and steroid derivatives","Pregnane steroids","Gluco/mineralocorticoids, progestogins and derivatives"
"s__Bacteroides_fragilis","HMDB0005099",-0.28144385996735,0.247444913267698,149,80,0.00012814766020761,0.0146670822001255,0.528888773235048,5,1,"Thromboxane B3","CC\C=C\CC(O)\C=C\C1OC(O)CC(O)C1C\C=C\CCCC(O)=O","Organic compounds","Lipids and lipid-like molecules","Fatty Acyls","Eicosanoids","Thromboxanes"
"s__Slackia_isoflavoniconvertens","HMDB0041734",0.116884147216828,0.483679977362023,147,82,0.00358605903255259,0.0389211062239975,0.366795830145194,11,3,"Feruloyl C1-glucuronide","COC1=CC(\C=C\C(=O)O[C@@H]2O[C@@H]([C@@H](O)[C@H](O)[C@H]2O)C(O)=O)=CC=C1O","Organic compounds","Phenylpropanoids and polyketides","Isoflavonoids","Isoflavonoid O-glycosides","Isoflavonoid O-glycosides"
"s__Ellagibacter_isourolithinifaciens","HMDB0041734",0.124383897137609,0.458146950947421,140,82,0.00927502820897057,0.0593071154670074,0.333763053809812,11,3,"Feruloyl C1-glucuronide","COC1=CC(\C=C\C(=O)O[C@@H]2O[C@@H]([C@@H](O)[C@H](O)[C@H]2O)C(O)=O)=CC=C1O","Organic compounds","Phenylpropanoids and polyketides","Isoflavonoids","Isoflavonoid O-glycosides","Isoflavonoid O-glycosides"
"s__Clostridium_sp._AM42_36","HMDB0041734",0.0052491601343785,-0.518819403857393,95,59,0.00068547818666979,0.0206660911342108,0.524068563991772,2,3,"Feruloyl C1-glucuronide","COC1=CC(\C=C\C(=O)O[C@@H]2O[C@@H]([C@@H](O)[C@H](O)[C@H]2O)C(O)=O)=CC=C1O","Organic compounds","Phenylpropanoids and polyketides","Isoflavonoids","Isoflavonoid O-glycosides","Isoflavonoid O-glycosides"
"s__Bacteroides_xylanisolvens","HMDB0240252",-0.0751547303271441,0.377638691322902,144,75,0.00118159774102569,0.026576252453009,0.452793421650046,2,2,"Salicyluric betaglucuronide","O[C@@H]1[C@@H](O)[C@H](OC(=O)CNC(=O)C2=C(O)C=CC=C2)O[C@@H]([C@H]1O)C(O)=O","Organic compounds","Organic oxygen compounds","Organooxygen compounds","Carbohydrates and carbohydrate conjugates","O-glucuronides"
"s__Suilimivivens_aceti","HMDB0240252",-0.0731887893920492,0.406645552399299,148,82,0.000329532207438447,0.0172019004932654,0.479834341791348,3,2,"Salicyluric betaglucuronide","O[C@@H]1[C@@H](O)[C@H](OC(=O)CNC(=O)C2=C(O)C=CC=C2)O[C@@H]([C@H]1O)C(O)=O","Organic compounds","Organic oxygen compounds","Organooxygen compounds","Carbohydrates and carbohydrate conjugates","O-glucuronides"
"s__Blautia_schinkii","HMDB0033581",0.294699800471613,-0.0620258813029897,149,82,0.00907408652306719,0.0590954055439842,0.356725681774602,2,1,"Melilotoside","OC[C@H]1O[C@@H](OC2=C(\C=C\C(O)=O)C=CC=C2)[C@H](O)[C@@H](O)[C@@H]1O","Organic compounds","Organic oxygen compounds","Organooxygen compounds","Carbohydrates and carbohydrate conjugates","Phenolic glycosides"
"s__Blautia_ammoniilytica","HMDB0034942",-0.0472612044999389,0.372514448036047,148,82,0.00181378968094963,0.0302454762710777,0.419775652535986,2,1,"Geniposidic acid","OCC1OC(OC2OC=C(C3CC=C(CO)C23)C(O)=O)C(O)C(O)C1O","Organic compounds","Lipids and lipid-like molecules","Prenol lipids","Terpene glycosides","Iridoid O-glycosides"
"s__Slackia_isoflavoniconvertens","HMDB0059990",0.0193805771105184,0.368574569279829,147,82,0.0091004740152896,0.0590954055439842,0.349193992169311,11,1,"5-(3',4'-Dihydroxyphenyl)-gamma-valerolactone-4'-O-methyl-3'-O-glucuronide","COC1=C(O[C@H]2O[C@H]([C@H](O)[C@@H](O)[C@@H]2O)C(O)=O)C=C(CC2CCC(=O)O2)C=C1","Organic compounds","Organic oxygen compounds","Organooxygen compounds","Carbohydrates and carbohydrate conjugates","Phenolic glycosides"
"s__Bacteroides_fragilis","HMDB0041360",-0.280322873208779,0.0782231598687295,149,80,0.00955923173853004,0.0601753637940466,0.358546033077509,5,1,"Prenyl arabinosyl-(1->6)-glucoside","CC(C)=CCOC1OC(COC2OCC(O)C(O)C2O)C(O)C(O)C1O","Organic compounds","Lipids and lipid-like molecules","Fatty Acyls","Fatty acyl glycosides","Fatty acyl glycosides of mono- and disaccharides"
"s__Clostridium_sp._1001270J_160509_D11","HMDB0241919",0.0891378985595844,-0.408828787993251,122,62,0.00109485575662749,0.0260079886338492,0.497966686552836,2,1,"N-Palmitoyl Alanine","CCCCCCCCCCCCCCCC(=O)NC(C)C(O)=O",NA,NA,NA,NA,NA
"s__Blautia_faecis","HMDB0000626",0.059767821512788,-0.365070036242531,149,82,0.00162678331525058,0.0296123978021645,0.424837857755319,2,1,"Deoxycholic acid","[H][C@@]1(CC[C@@]2([H])[C@]3([H])CC[C@]4([H])C[C@H](O)CC[C@]4(C)[C@@]3([H])C[C@H](O)[C@]12C)[C@H](C)CCC(O)=O","Organic compounds","Lipids and lipid-like molecules","Steroids and steroid derivatives","Bile acids, alcohols and derivatives","Dihydroxy bile acids, alcohols and derivatives"
"s__Ruthenibacterium_lactatiformans","HMDB0000518",0.422524941048431,0.055560997377042,149,82,0.00478191263314287,0.0434274268379468,0.366963943671389,4,2,"Chenodeoxycholic acid","[H][C@@]1(CC[C@@]2([H])[C@]3([H])[C@H](O)C[C@]4([H])C[C@H](O)CC[C@]4(C)[C@@]3([H])CC[C@]12C)[C@H](C)CCC(O)=O","Organic compounds","Lipids and lipid-like molecules","Steroids and steroid derivatives","Bile acids, alcohols and derivatives","Dihydroxy bile acids, alcohols and derivatives"
"s__Flavonifractor_plautii","HMDB0000518",0.290774532922184,-0.0672717972159641,149,82,0.0088942482819331,0.0590954055439842,0.358046330138148,1,2,"Chenodeoxycholic acid","[H][C@@]1(CC[C@@]2([H])[C@]3([H])[C@H](O)C[C@]4([H])C[C@H](O)CC[C@]4(C)[C@@]3([H])CC[C@]12C)[C@H](C)CCC(O)=O","Organic compounds","Lipids and lipid-like molecules","Steroids and steroid derivatives","Bile acids, alcohols and derivatives","Dihydroxy bile acids, alcohols and derivatives"
"s__Ruminococcus_gnavus","HMDB0040121",-0.32,0.0670105897846127,149,82,0.00445072644595176,0.0422566825128552,0.387010589784613,3,1,"Methyl 3,4-dihydroxy-5-prenylbenzoate 3-glucoside","COC(=O)C1=CC(OC2OC(CO)C(O)C(O)C2O)=C(O)C(CC=C(C)C)=C1","Organic compounds","Lipids and lipid-like molecules","Prenol lipids","Terpene glycosides","Triterpene saponins"
"s__Streptococcus_parasanguinis","HMDB0240579",-0.0627789142407553,-0.444149879970775,124,66,0.00810217660893096,0.0557412041018802,0.38137096573002,1,1,"5alpha-Pregnan-3beta,20beta-diol 3-sulfate","[H][C@@]1(CC[C@@]2([H])[C@]3([H])CC[C@@]4([H])C[C@H](CC[C@]4(C)[C@@]3([H])CC[C@]12C)OS(O)(=O)=O)[C@@H](C)O","Organic compounds","Lipids and lipid-like molecules","Steroids and steroid derivatives","Sulfated steroids","Sulfated steroids"
"s__Ellagibacter_isourolithinifaciens","HMDB0004242",0.0148345761081105,0.390537760799295,140,82,0.00514594481239558,0.0440730919646669,0.375703184691184,11,1,"11-Dehydro-thromboxane B2","CCCCC[C@H](O)\C=C\[C@H]1OC(=O)C[C@H](O)[C@@H]1C\C=C\CCCC(O)=O","Organic compounds","Lipids and lipid-like molecules","Fatty Acyls","Eicosanoids","Thromboxanes"
"s__Butyrivibrio_crossotus","HMDB0040668",0.0165131583918277,-0.396657633242999,147,81,0.00203836851737556,0.0307504443519598,0.413170791634827,2,1,"Blumenol C glucoside","CC(CCC1C(C)=CC(=O)CC1(C)C)OC1OC(CO)C(O)C(O)C1O","Organic compounds","Lipids and lipid-like molecules","Fatty Acyls","Fatty acyl glycosides","Fatty acyl glycosides of mono- and disaccharides"
"s__Faecalibacterium_sp._HTFF","HMDB0301778",0.295022673680392,-0.0597560975609756,149,81,0.00974353275939261,0.0607282561587886,0.354778771241367,1,1,"Neogitogenin","CC1C2C(CC3C4CCC5CC(O)C(O)CC5(C)C4CCC23C)OC11CCC(C)CO1","Organic compounds","Lipids and lipid-like molecules","Prenol lipids","Triterpenoids","Triterpenoids"
"s__Extibacter_muris","HMDB0030913",0.338062760747324,-0.137210086960307,149,82,0.000475959341064758,0.0182354130397927,0.475272847707632,1,1,"Cepagenin","CC1C2C(CC3C4CC=C5CC(O)CC(O)C5(C)C4CCC23C)OC11CC(O)C(C)CO1","Organic compounds","Lipids and lipid-like molecules","Prenol lipids","Terpene lactones","Eudesmanolides, secoeudesmanolides, and derivatives"
"s__Anaerotardibacter_sp._CLA_AA_M13","HMDB0000501",0.0189479644465957,-0.397069854664791,138,80,0.00223740508330364,0.0309964907299102,0.416017819111387,3,1,"7-Ketocholesterol","[H][C@@]12CCC([C@H](C)CCCC(C)C)[C@@]1(C)CC[C@@]1([H])[C@@]2([H])C(=O)C=C2CC(O)CC[C@]12C","Organic compounds","Lipids and lipid-like molecules","Steroids and steroid derivatives","Cholestane steroids","Cholesterols and derivatives"
"s__Anaerotardibacter_sp._CLA_AA_M13","HMDB0011587",0.0567251688969358,-0.38764650726676,138,80,0.00118210495422439,0.026576252453009,0.444371676163696,3,1,"MG(22:6/0:0/0:0)","[H][C@](O)(CO)COC(=O)CC\C=C/C\C=C/C\C=C/C\C=C/C\C=C/C\C=C/CC","Organic compounds","Lipids and lipid-like molecules","Glycerolipids","Monoradylglycerols","1-monoacylglycerols"
"s__Bacteroides_stercoris","HMDB0304944",0.035187372067391,0.411946192768111,145,73,0.00616183897817517,0.0484859704595159,0.37675882070072,4,1,"Glycohyodeoxycholic acid","CC(CCC(=O)NCC(O)=O)C1CCC2C3CC(O)C4CC(O)CCC4(C)C3CCC12C","Organic compounds","Lipids and lipid-like molecules","Steroids and steroid derivatives","Bile acids, alcohols and derivatives","Glycinated bile acids and derivatives"
"s__Blautia_sp._MCC283","HMDB0296921",0.0317380561998957,0.387359737051186,147,82,0.00745173774826129,0.0547049702049504,0.35562168085129,1,1,"DG(2:0/0:0/PGJ2)","CCCCC[C@H](O)\C=C\[C@@H]1[C@@H](C\C=C/CCCC(=O)OC[C@H](O)COC(C)=O)C=CC1=O",NA,NA,NA,NA,NA
"s__Slackia_isoflavoniconvertens","HMDB0002157",-0.000630907675917461,-0.394891217988485,147,82,0.00307018140729174,0.0364656452054746,0.394260310312568,11,4,"27-Norcholestanehexol","[H][C@@]1(CC[C@@]2([H])[C@]3([H])[C@H](O)C[C@]4([H])C[C@H](O)CC[C@]4(C)[C@@]3([H])C[C@H](O)[C@]12C)[C@H](C)CCC(O)C(O)CO","Organic compounds","Lipids and lipid-like molecules","Steroids and steroid derivatives","Bile acids, alcohols and derivatives","Pentahydroxy bile acids, alcohols and derivatives"
"s__Anaerotardibacter_sp._CLA_AA_M13","HMDB0002157",-0.0895890079431219,-0.488560712611346,138,80,0.00198777853775257,0.0307504443519598,0.398971704668224,3,4,"27-Norcholestanehexol","[H][C@@]1(CC[C@@]2([H])[C@]3([H])[C@H](O)C[C@]4([H])C[C@H](O)CC[C@]4(C)[C@@]3([H])C[C@H](O)[C@]12C)[C@H](C)CCC(O)C(O)CO","Organic compounds","Lipids and lipid-like molecules","Steroids and steroid derivatives","Bile acids, alcohols and derivatives","Pentahydroxy bile acids, alcohols and derivatives"
"s__Clostridium_spiroforme","HMDB0002157",-0.301175379967039,0.12820606503471,128,69,0.00402770424202242,0.0405670371256498,0.429381445001749,2,4,"27-Norcholestanehexol","[H][C@@]1(CC[C@@]2([H])[C@]3([H])[C@H](O)C[C@]4([H])C[C@H](O)CC[C@]4(C)[C@@]3([H])C[C@H](O)[C@]12C)[C@H](C)CCC(O)C(O)CO","Organic compounds","Lipids and lipid-like molecules","Steroids and steroid derivatives","Bile acids, alcohols and derivatives","Pentahydroxy bile acids, alcohols and derivatives"
"s__Clostridium_sp._AM42_36","HMDB0002157",-0.0518756998880179,0.44500292226768,95,59,0.00190290516665985,0.030574017368152,0.496878622155698,2,4,"27-Norcholestanehexol","[H][C@@]1(CC[C@@]2([H])[C@]3([H])[C@H](O)C[C@]4([H])C[C@H](O)CC[C@]4(C)[C@@]3([H])C[C@H](O)[C@]12C)[C@H](C)CCC(O)C(O)CO","Organic compounds","Lipids and lipid-like molecules","Steroids and steroid derivatives","Bile acids, alcohols and derivatives","Pentahydroxy bile acids, alcohols and derivatives"
"s__Phocaeicola_vulgatus","HMDB0000138",-0.193535132173675,0.359388774610638,148,82,4.67654394728221e-05,0.011505068610506,0.552923906784313,2,4,"Glycocholic acid","C[C@H](CCC(O)=NCC(O)=O)[C@H]1CC[C@H]2[C@@H]3[C@H](O)C[C@@H]4C[C@H](O)CC[C@]4(C)[C@H]3C[C@H](O)[C@]12C","Organic compounds","Lipids and lipid-like molecules","Steroids and steroid derivatives","Bile acids, alcohols and derivatives","Glycinated bile acids and derivatives"
"s__Bacteroides_fragilis","HMDB0000138",-0.19874478505351,0.365424285044538,149,80,3.63911302220499e-05,0.0114541082373902,0.564169070098048,5,4,"Glycocholic acid","C[C@H](CCC(O)=NCC(O)=O)[C@H]1CC[C@H]2[C@@H]3[C@H](O)C[C@@H]4C[C@H](O)CC[C@]4(C)[C@H]3C[C@H](O)[C@]12C","Organic compounds","Lipids and lipid-like molecules","Steroids and steroid derivatives","Bile acids, alcohols and derivatives","Glycinated bile acids and derivatives"
"s__Bacteroides_stercoris","HMDB0000138",0.0434419776413163,0.43968283351845,145,73,0.00357595358077189,0.0389211062239975,0.396240855877134,4,4,"Glycocholic acid","C[C@H](CCC(O)=NCC(O)=O)[C@H]1CC[C@H]2[C@@H]3[C@H](O)C[C@@H]4C[C@H](O)CC[C@]4(C)[C@H]3C[C@H](O)[C@]12C","Organic compounds","Lipids and lipid-like molecules","Steroids and steroid derivatives","Bile acids, alcohols and derivatives","Glycinated bile acids and derivatives"
"s__Bacteroides_thetaiotaomicron","HMDB0000138",-0.048787675010767,0.409511541090488,147,77,0.000771490296511443,0.0206660911342108,0.458299216101255,2,4,"Glycocholic acid","C[C@H](CCC(O)=NCC(O)=O)[C@H]1CC[C@H]2[C@@H]3[C@H](O)C[C@@H]4C[C@H](O)CC[C@]4(C)[C@H]3C[C@H](O)[C@]12C","Organic compounds","Lipids and lipid-like molecules","Steroids and steroid derivatives","Bile acids, alcohols and derivatives","Glycinated bile acids and derivatives"
"s__Blautia_massiliensis","HMDB0002421",-0.000336866108678189,-0.446849729541472,148,82,0.000635899120262555,0.0206660911342108,0.446512863432794,1,2,"7-Sulfocholic acid","[H][C@@]1(CC[C@@]2([H])[C@]3([H])[C@@H](C[C@]4([H])C[C@H](O)CC[C@]4(C)[C@@]3([H])C[C@H](O)[C@]12C)OS(O)(=O)=O)[C@H](C)CCC(O)=O","Organic compounds","Lipids and lipid-like molecules","Steroids and steroid derivatives","Bile acids, alcohols and derivatives","Dihydroxy bile acids, alcohols and derivatives"
"s__Slackia_isoflavoniconvertens","HMDB0002421",0.140012391480102,-0.396501997148486,147,82,6.83691792964803e-05,0.011505068610506,0.536514388628587,11,2,"7-Sulfocholic acid","[H][C@@]1(CC[C@@]2([H])[C@]3([H])[C@@H](C[C@]4([H])C[C@H](O)CC[C@]4(C)[C@@]3([H])C[C@H](O)[C@]12C)OS(O)(=O)=O)[C@H](C)CCC(O)=O","Organic compounds","Lipids and lipid-like molecules","Steroids and steroid derivatives","Bile acids, alcohols and derivatives","Dihydroxy bile acids, alcohols and derivatives"
"s__Senegalimassilia_anaerobia","HMDB0029888",-0.00404308335342818,-0.451084010840108,144,81,0.000683882834799928,0.0206660911342108,0.44704092748668,1,2,"Sorbitan stearate","CCCCCCCCCCCCCCCCCC(=O)OCC(O)C1OCC(O)C1O","Organic compounds","Lipids and lipid-like molecules","Fatty Acyls","Fatty acid esters","Fatty acid esters"
"s__Anaerotignum_faecicola","HMDB0029888",0.293897196049838,-0.0711607949412827,147,81,0.00803246909016234,0.0557412041018802,0.365057990991121,1,2,"Sorbitan stearate","CCCCCCCCCCCCCCCCCC(=O)OCC(O)C1OCC(O)C1O","Organic compounds","Lipids and lipid-like molecules","Fatty Acyls","Fatty acid esters","Fatty acid esters"
"s__Gemmiger_formicilis","HMDB0011505",-0.0914892073281335,0.378870495532265,149,82,0.000477973495085908,0.0182354130397927,0.470359702860398,2,1,"LysoPE(18:1/0:0)","[H][C@@](O)(COC(=O)CCCCCCCCC\C=C/CCCCCC)COP(O)(=O)OCCN","Organic compounds","Lipids and lipid-like molecules","Glycerophospholipids","Glycerophosphoethanolamines","1-acyl-sn-glycero-3-phosphoethanolamines"
"s__Blautia_obeum","HMDB0296866",0.0269036822056956,-0.364939432526855,149,82,0.00355666232819666,0.0389211062239975,0.391843114732551,1,2,"DG(20:4-OH(20)/0:0/2:0)","CC(=O)OC[C@H](O)COC(=O)CCC\C=C/C\C=C/C\C=C/C\C=C/CCCCCO",NA,NA,NA,NA,NA
"s__Intestinimonas_sp._MSJ_38","HMDB0296866",0.00625618629532524,0.363176282365233,147,82,0.00787427672741875,0.055467529997384,0.356920096069908,3,2,"DG(20:4-OH(20)/0:0/2:0)","CC(=O)OC[C@H](O)COC(=O)CCC\C=C/C\C=C/C\C=C/C\C=C/CCCCCO",NA,NA,NA,NA,NA
"s__Collinsella_sp._AM34_10","HMDB0061688",-0.0100539680272595,0.370182449129818,133,77,0.00651153948307454,0.04998797688531,0.380236417157077,2,1,"4-Hydroxyretinoic acid glucuronide","C\C(\C=C\C1=C(C)C(CCC1(C)C)OC1OC(C(O)C(O)C1O)C(O)=O)=C/C=C/C(/C)=C/C(O)=O","Organic compounds","Lipids and lipid-like molecules","Prenol lipids","Terpene glycosides","Diterpene glycosides"
"s__Clostridium_sp._OM08_29","HMDB0240481",0.0173750777524362,-0.427727671801421,105,67,0.00313002214110557,0.0368289521088963,0.445102749553857,3,1,"Atractyligenin 2-glucuronide","[H][C@]12C[C@@]3(CC[C@]4([H])[C@@]([H])(C[C@]([H])(C[C@@]4(C)[C@]3([H])CC1)O[C@]1([H])O[C@]([H])(C(O)=O)[C@@]([H])(O)[C@]([H])(O)[C@@]1([H])O)C(O)=O)[C@@]([H])(O)C2=C","Organic compounds","Lipids and lipid-like molecules","Prenol lipids","Terpene glycosides","Diterpene glycosides"
"s__Clostridium_sp._BIOML_A1","HMDB0296920",0.0580929936782254,0.47997655189436,134,73,0.00181851773317497,0.0302454762710777,0.421883558216135,1,3,"DG(PGJ2/2:0/0:0)","CCCCC[C@H](O)\C=C\[C@@H]1[C@@H](C\C=C/CCCC(=O)OC[C@H](CO)OC(C)=O)C=CC1=O",NA,NA,NA,NA,NA
"s__Clostridium_sp._AF36_4","HMDB0296920",0.0597590436883326,0.467456497593484,132,74,0.00265858655470071,0.0338097017410929,0.407697453905151,2,3,"DG(PGJ2/2:0/0:0)","CCCCC[C@H](O)\C=C\[C@@H]1[C@@H](C\C=C/CCCC(=O)OC[C@H](CO)OC(C)=O)C=CC1=O",NA,NA,NA,NA,NA
"s__Ruminococcus_champanellensis","HMDB0296920",0.159028565081906,0.56938584153774,142,80,0.00067078840485822,0.0206660911342108,0.410357276455834,1,3,"DG(PGJ2/2:0/0:0)","CCCCC[C@H](O)\C=C\[C@@H]1[C@@H](C\C=C/CCCC(=O)OC[C@H](CO)OC(C)=O)C=CC1=O",NA,NA,NA,NA,NA
"s__Intestinimonas_sp._MSJ_38","HMDB0002829",0.284380690447227,-0.0977677648262426,147,82,0.00546958895711505,0.0453040295855779,0.382148455273469,3,1,"Androsterone glucuronide","[H][C@@]12CCC(=O)[C@@]1(C)CC[C@@]1([H])[C@@]2([H])CC[C@@]2([H])C[C@@H](CC[C@]12C)O[C@@H]1O[C@@H]([C@@H](O)[C@H](O)[C@H]1O)C(O)=O","Organic compounds","Lipids and lipid-like molecules","Steroids and steroid derivatives","Steroidal glycosides","Steroid glucuronide conjugates"
"s__Intestinibacter_bartlettii","HMDB0247360",0.037757291971515,-0.415000617055412,135,73,0.00127308775469181,0.0271663980196099,0.452757909026927,2,1,"Pregnanetriol 3a-O-bglucuronide","CC(O)C1(O)CCC2C3CCC4CC(CCC4(C)C3CCC12C)OC1OC(C(O)C(O)C1O)C(O)=O","Organic compounds","Lipids and lipid-like molecules","Steroids and steroid derivatives","Steroidal glycosides","Steroid glucuronide conjugates"
"s__Bacteroides_stercoris","HMDB0114767",0.016265155093686,0.434622979143527,145,73,0.00224041354759478,0.0309964907299102,0.418357824049841,4,1,"LysoPA(i-20:0/0:0)","CC(C)CCCCCCCCCCCCCCCCC(=O)OCC(O)COP(O)(O)=O","Organic compounds","Lipids and lipid-like molecules","Glycerophospholipids","Glycerophosphates","1-acylglycerol-3-phosphates"
"s__Phocaeicola_vulgatus","HMDB0000036",-0.189503844345647,0.439840663466876,148,82,2.32069889449451e-06,0.00292175990816858,0.629344507812522,2,5,"Taurocholic acid","[H][C@@]1(CC[C@@]2([H])[C@]3([H])[C@H](O)C[C@]4([H])C[C@H](O)CC[C@]4(C)[C@@]3([H])C[C@H](O)[C@]12C)[C@H](C)CCC(=O)NCCS(O)(=O)=O","Organic compounds","Lipids and lipid-like molecules","Steroids and steroid derivatives","Bile acids, alcohols and derivatives","Trihydroxy bile acids, alcohols and derivatives"
"s__Bacteroides_stercoris","HMDB0000036",0.0956581640686506,0.494631617919289,145,73,0.00241164520712926,0.0323006522954866,0.398973453850639,4,5,"Taurocholic acid","[H][C@@]1(CC[C@@]2([H])[C@]3([H])[C@H](O)C[C@]4([H])C[C@H](O)CC[C@]4(C)[C@@]3([H])C[C@H](O)[C@]12C)[C@H](C)CCC(=O)NCCS(O)(=O)=O","Organic compounds","Lipids and lipid-like molecules","Steroids and steroid derivatives","Bile acids, alcohols and derivatives","Trihydroxy bile acids, alcohols and derivatives"
"s__Bacteroides_thetaiotaomicron","HMDB0000036",-0.0251494155603745,0.462721489037278,147,77,0.000257086613477283,0.0172019004932654,0.487870904597653,2,5,"Taurocholic acid","[H][C@@]1(CC[C@@]2([H])[C@]3([H])[C@H](O)C[C@]4([H])C[C@H](O)CC[C@]4(C)[C@@]3([H])C[C@H](O)[C@]12C)[C@H](C)CCC(=O)NCCS(O)(=O)=O","Organic compounds","Lipids and lipid-like molecules","Steroids and steroid derivatives","Bile acids, alcohols and derivatives","Trihydroxy bile acids, alcohols and derivatives"
"s__Phocaeicola_massiliensis","HMDB0000036",-0.0405812347676297,0.407715660866346,142,74,0.00125680383975358,0.0271663980196099,0.448296895633976,1,5,"Taurocholic acid","[H][C@@]1(CC[C@@]2([H])[C@]3([H])[C@H](O)C[C@]4([H])C[C@H](O)CC[C@]4(C)[C@@]3([H])C[C@H](O)[C@]12C)[C@H](C)CCC(=O)NCCS(O)(=O)=O","Organic compounds","Lipids and lipid-like molecules","Steroids and steroid derivatives","Bile acids, alcohols and derivatives","Trihydroxy bile acids, alcohols and derivatives"
"s__Prevotella_sp._Marseille_P4119","HMDB0000036",-0.0605300105300105,0.417526223776224,111,65,0.00163805946223968,0.0296123978021645,0.478056234306234,1,5,"Taurocholic acid","[H][C@@]1(CC[C@@]2([H])[C@]3([H])[C@H](O)C[C@]4([H])C[C@H](O)CC[C@]4(C)[C@@]3([H])C[C@H](O)[C@]12C)[C@H](C)CCC(=O)NCCS(O)(=O)=O","Organic compounds","Lipids and lipid-like molecules","Steroids and steroid derivatives","Bile acids, alcohols and derivatives","Trihydroxy bile acids, alcohols and derivatives"
"s__Blautia_sp._Marseille_P3087","HMDB0255516",0.109699893017247,0.458342856520935,148,82,0.0062171783405873,0.0486175623031019,0.348642963503688,2,1,"Neoandrographolide","CC1(COC2OC(CO)C(O)C(O)C2O)CCCC2(C)C(CCC3=CCOC3=O)C(=C)CCC12","Organic compounds","Lipids and lipid-like molecules","Prenol lipids","Terpene glycosides","Diterpene glycosides"
"s__Blautia_sp._MSJ_19","HMDB0010357",-0.312293391871532,0.0722565056975871,148,82,0.00484375783086024,0.0434682401921546,0.384549897569119,2,1,"Tetrahydroaldosterone-3-glucuronide","[H][C@@]12CC3(C(O)O1)C(CC[C@@H]3C(=O)CO)C1CCC3CC(CC[C@]3(C)C21)O[C@@H]1O[C@@H]([C@@H](O)[C@@H](O)[C@H]1O)C(O)=O","Organic compounds","Lipids and lipid-like molecules","Steroids and steroid derivatives","Steroidal glycosides","Steroid glucuronide conjugates"
"s__Roseburia_hominis","HMDB0071529",0.0103537094141121,0.367029091977667,149,82,0.00766910938447462,0.055467529997384,0.356675382563555,3,1,"TG(8:0/8:0/i-13:0)","[H][C@](COC(=O)CCCCCCC)(COC(=O)CCCCCCCCCC(C)C)OC(=O)CCCCCCC","Organic compounds","Lipids and lipid-like molecules","Glycerolipids","Triradylcglycerols","Triacylglycerols"
"s__Blautia_sp._MSK20_18","HMDB0004309",-0.292302353156662,0.13224714576463,146,82,0.00204433835351196,0.0307504443519598,0.424549498921292,2,1,"Triterpenoid","[H][C@@]12CC(C)(C)CC[C@@]1(CC[C@]1(C)C2=CC[C@]2([H])[C@@]3(C)CC[C@H](O)[C@@](C)(COS(O)(=O)=O)[C@]3([H])CC[C@@]12C)C(O)=O","Organic compounds","Lipids and lipid-like molecules","Prenol lipids","Triterpenoids","Triterpenoids"
"s__Akkermansia_muciniphila","HMDB0002596",0.448140982377203,-0.142482517482517,126,65,6.34954623453639e-05,0.011505068610506,0.59062349985972,1,2,"Deoxycholic acid 3-glucuronide","[H][C@@]12CCC([C@H](C)CCC(O)=O)[C@@]1(C)[C@@H](O)C[C@@]1([H])[C@@]2([H])CC[C@]2([H])C[C@@H](CC[C@]12C)OC1O[C@@H]([C@@H](O)[C@H](O)[C@H]1O)C(O)=O","Organic compounds","Lipids and lipid-like molecules","Steroids and steroid derivatives","Steroidal glycosides","Steroid glucuronide conjugates"
"s__Parolsenella_massiliensis","HMDB0002596",-0.3243054718628,0.0652054794520548,118,74,0.00805712374394677,0.0557412041018802,0.389510951314855,2,2,"Deoxycholic acid 3-glucuronide","[H][C@@]12CCC([C@H](C)CCC(O)=O)[C@@]1(C)[C@@H](O)C[C@@]1([H])[C@@]2([H])CC[C@]2([H])C[C@@H](CC[C@]12C)OC1O[C@@H]([C@@H](O)[C@H](O)[C@H]1O)C(O)=O","Organic compounds","Lipids and lipid-like molecules","Steroids and steroid derivatives","Steroidal glycosides","Steroid glucuronide conjugates"
"s__Fusicatenibacter_saccharivorans","HMDB0010394",-0.123235987665518,0.434638282125793,149,82,2.6898240168905e-05,0.0112882947908838,0.557874269791311,1,1,"LysoPC(20:3/0:0)","CCCCC\C=C/C\C=C/C\C=C/CCCCCCC(=O)OC[C@@H](O)COP([O-])(=O)OCC[N+](C)(C)C","Organic compounds","Lipids and lipid-like molecules","Glycerophospholipids","Glycerophosphocholines","1-acyl-sn-glycero-3-phosphocholines"
"s__Mogibacterium_kristiansenii","HMDB0001898",-0.28260903794678,0.096882325363338,145,80,0.00636808762074891,0.0491866399663981,0.379491363310118,2,2,"Mesobilirubinogen","CCC1=C(C)C(=O)NC1CC1=C(C)C(CCC(O)=O)=C(CC2=C(CCC(O)=O)C(C)=C(CC3NC(=O)C(CC)=C3C)N2)N1","Organic compounds","Organoheterocyclic compounds","Tetrapyrroles and derivatives","Bilirubins","Bilirubins"
"s__Clostridium_sp._AF23_8","HMDB0001898",-0.320916464844501,0.200437062937063,116,65,0.000746871121767609,0.0206660911342108,0.521353527781564,1,2,"Mesobilirubinogen","CCC1=C(C)C(=O)NC1CC1=C(C)C(CCC(O)=O)=C(CC2=C(CCC(O)=O)C(C)=C(CC3NC(=O)C(CC)=C3C)N2)N1","Organic compounds","Organoheterocyclic compounds","Tetrapyrroles and derivatives","Bilirubins","Bilirubins"
"s__Cyclospora_cayetanensis","HMDB0240259",0.325514239071286,-0.0906280950359704,149,82,0.00223289241688935,0.0309964907299102,0.416142334107257,1,1,"Stercobilin","CC[C@H]1[C@H](CC2=C(C)C(CCC(O)=O)=C(N2)\C=C2/N=C(C[C@@H]3NC(=O)[C@H](CC)[C@H]3C)C(C)=C2CCC(O)=O)NC(=O)[C@@H]1C","Organic compounds","Organoheterocyclic compounds","Tetrapyrroles and derivatives","Bilirubins","Bilirubins"
"s__Gallintestinimicrobium_propionicum","HMDB0010401",-0.0241766214920577,-0.410171852722543,148,82,0.00343196115500453,0.0385789204834884,0.385995231230486,6,1,"LysoPC(22:4/0:0)","CCCCC\C=C/C\C=C/C\C=C/C\C=C/CCCCCC(=O)OC[C@](O)([H])COP([O-])(=O)OCC[N+](C)(C)C","Organic compounds","Lipids and lipid-like molecules","Glycerophospholipids","Glycerophosphocholines","1-acyl-sn-glycero-3-phosphocholines"
"s__Bacteroides_uniformis","HMDB0034091",-0.0290623523854511,-0.382278481012658,145,79,0.00898866378647781,0.0590954055439842,0.353216128627207,5,2,"Ponasteroside A","[H][C@@]1(CC[C@@]2(O)C3=CC(=O)[C@]4([H])C[C@@H](O[C@]5([H])O[C@H](CO)[C@@H](O)[C@H](O)[C@H]5O)[C@@H](O)C[C@]4(C)[C@@]3([H])CC[C@]12C)[C@@](C)(O)[C@H](O)CCC(C)C","Organic compounds","Lipids and lipid-like molecules","Steroids and steroid derivatives","Steroidal glycosides","Steroidal glycosides"
"s__Bacteroides_fragilis","HMDB0034091",0.0141882822419735,-0.37822315986873,149,80,0.00362388229327629,0.0389954513438876,0.392411442110703,5,2,"Ponasteroside A","[H][C@@]1(CC[C@@]2(O)C3=CC(=O)[C@]4([H])C[C@@H](O[C@]5([H])O[C@H](CO)[C@@H](O)[C@H](O)[C@H]5O)[C@@H](O)C[C@]4(C)[C@@]3([H])CC[C@]12C)[C@@](C)(O)[C@H](O)CCC(C)C","Organic compounds","Lipids and lipid-like molecules","Steroids and steroid derivatives","Steroidal glycosides","Steroidal glycosides"
"s__Dorea_formicigenerans","HMDB0060012",0.169911119172864,-0.367203230265234,149,82,7.31060753646134e-05,0.011505068610506,0.537114349438099,2,1,"Neomenthol-glucuronide","CC(C)C1CCC(C)CC1O[C@@H]1O[C@@H]([C@@H](O)[C@H](O)[C@H]1O)C(O)=O","Organic compounds","Lipids and lipid-like molecules","Prenol lipids","Terpene glycosides","Terpene glycosides"
