"t1","t2","r1","r2","n1","n2","p","BH_p","Metabolites","smiles","kingdom","super_class","class","sub_class","direct_parent"
"s__Rothia_sp._HMSC065C12","HMDB0302405",-0.309580440536389,-0.199405857300594,142,77,0.411495108204867,0.449201831267465,"4-Methylpyridine","CC1=CC=NC=C1","Organic compounds","Organoheterocyclic compounds","Pyridines and derivatives","Methylpyridines","Methylpyridines"
"s__Streptococcus_parasanguinis","HMDB0013751",0.324728389230042,0.0901898734177215,145,79,0.0835564335976879,0.133107341893991,"2-Hydroxypyridine","OC1=CC=CC=N1","Organic compounds","Organoheterocyclic compounds","Pyridines and derivatives","Hydropyridines","Pyridinones"
"s__Rothia_sp._HMSC062F03","HMDB0013751",0.309794263590969,0.13226173541963,132,75,0.203696351536113,0.253694546913159,"2-Hydroxypyridine","OC1=CC=CC=N1","Organic compounds","Organoheterocyclic compounds","Pyridines and derivatives","Hydropyridines","Pyridinones"
"s__Neisseria_flavescens","HMDB0013751",-0.307672478440195,-0.0411468812877264,127,71,0.0675171043948746,0.12012783509218,"2-Hydroxypyridine","OC1=CC=CC=N1","Organic compounds","Organoheterocyclic compounds","Pyridines and derivatives","Hydropyridines","Pyridinones"
"s__Peptostreptococcus_stomatis","HMDB0001470",0.0758765288293535,0.478528131136344,101,52,0.011767793843177,0.0414693917460925,"Tiglic acid","C\C=C(/C)C(O)=O","Organic compounds","Lipids and lipid-like molecules","Fatty Acyls","Fatty acids and conjugates","Methyl-branched fatty acids"
"s__Neisseria_subflava","HMDB0041965",-0.297824632317798,-0.172669349429913,130,71,0.376847749783188,0.419740989595908,"O-Toluidine","CC1=CC=CC=C1N","Organic compounds","Benzenoids","Benzene and substituted derivatives","Toluenes","Aminotoluenes"
"s__Actinomyces_oris","HMDB0041965",-0.0075187969924812,0.379603554340396,134,76,0.00560768688939006,0.0288570182650535,"O-Toluidine","CC1=CC=CC=C1N","Organic compounds","Benzenoids","Benzene and substituted derivatives","Toluenes","Aminotoluenes"
"s__Neisseria_flavescens","HMDB0040582",-0.337387514060742,-0.0386988598256204,127,71,0.0390767418738514,0.087049002223051,"1-Methyl-2-pyrrolecarboxaldehyde","CN1C=CC=C1C=O","Organic compounds","Organic oxygen compounds","Organooxygen compounds","Carbonyl compounds","Aryl-aldehydes"
"s__Campylobacter_concisus","HMDB0040582",0.0779555946216555,-0.415468113975577,122,66,0.000910305224811422,0.0123334885006498,"1-Methyl-2-pyrrolecarboxaldehyde","CN1C=CC=C1C=O","Organic compounds","Organic oxygen compounds","Organooxygen compounds","Carbonyl compounds","Aryl-aldehydes"
"s__Neisseria_mucosa","HMDB0000300",0.287901133160341,-0.114698259903739,137,74,0.00526035262473872,0.0281508871140048,"Uracil","O=C1NC=CC(=O)N1","Organic compounds","Organoheterocyclic compounds","Diazines","Pyrimidines and pyrimidine derivatives","Pyrimidones"
"s__Gemella_sanguinis","HMDB0000300",0.0475126281953161,0.368037974683544,140,79,0.0186685992194501,0.0527339813003022,"Uracil","O=C1NC=CC(=O)N1","Organic compounds","Organoheterocyclic compounds","Diazines","Pyrimidines and pyrimidine derivatives","Pyrimidones"
"s__Fusobacterium_periodonticum","HMDB0000300",0.315631518195257,0.0483253588516746,114,56,0.0965445632112043,0.145349006458257,"Uracil","O=C1NC=CC(=O)N1","Organic compounds","Organoheterocyclic compounds","Diazines","Pyrimidines and pyrimidine derivatives","Pyrimidones"
"s__Schaalia_odontolytica","HMDB0250651",0.2946658675457,0.170066775329933,141,77,0.359596876188011,0.403809606866865,"Cyclohexanecarboxamide","NC(=O)C1CCCCC1","Organic compounds","Organic acids and derivatives","Carboxylic acids and derivatives","Carboxylic acid derivatives","Primary carboxylic acid amides"
"s__Actinomyces_sp._ICM47","HMDB0250651",0.293449215782653,0.175748462064252,139,76,0.389508877294437,0.43208677076387,"Cyclohexanecarboxamide","NC(=O)C1CCCCC1","Organic compounds","Organic acids and derivatives","Carboxylic acids and derivatives","Carboxylic acid derivatives","Primary carboxylic acid amides"
"s__Haemophilus_parahaemolyticus","HMDB0250651",-0.0859235241502683,-0.421859926683388,129,72,0.0158796638732928,0.0488879539469912,"Cyclohexanecarboxamide","NC(=O)C1CCCCC1","Organic compounds","Organic acids and derivatives","Carboxylic acids and derivatives","Carboxylic acid derivatives","Primary carboxylic acid amides"
"s__Haemophilus_paraphrohaemolyticus","HMDB0250651",0.0423966196648151,-0.42565465387607,118,57,0.00280274183273677,0.0178593316783692,"Cyclohexanecarboxamide","NC(=O)C1CCCCC1","Organic compounds","Organic acids and derivatives","Carboxylic acids and derivatives","Carboxylic acid derivatives","Primary carboxylic acid amides"
"s__Schaalia_sp._ORNL0103","HMDB0250651",0.382982682123944,0.143642677985723,136,72,0.0814468158132983,0.131273103134375,"Cyclohexanecarboxamide","NC(=O)C1CCCCC1","Organic compounds","Organic acids and derivatives","Carboxylic acids and derivatives","Carboxylic acid derivatives","Primary carboxylic acid amides"
"s__Mogibacterium_diversum","HMDB0247034",0.00617549345319523,-0.459075119409466,85,48,0.00733823222285649,0.0314168067041043,"6-Aminonicotinamide","OC(=N)C1=CNC(=N)C=C1","Organic compounds","Organoheterocyclic compounds","Pyridines and derivatives","Pyridinecarboxylic acids and derivatives","Nicotinamides"
"s__Actinomyces_sp._ICM47","HMDB0000500",0.291563519370839,-0.0575256322624744,139,76,0.0140281631149056,0.0463098396805316,"4-Hydroxybenzoic acid","OC(=O)C1=CC=C(O)C=C1","Organic compounds","Benzenoids","Benzene and substituted derivatives","Benzoic acids and derivatives","Hydroxybenzoic acid derivatives"
"s__Actinomyces_sp._ICM58","HMDB0000500",0.281587052207634,-0.0470769824426008,134,72,0.0242614499405459,0.0634890540519882,"4-Hydroxybenzoic acid","OC(=O)C1=CC=C(O)C=C1","Organic compounds","Benzenoids","Benzene and substituted derivatives","Benzoic acids and derivatives","Hydroxybenzoic acid derivatives"
"s__Candidatus_Nanosynbacter_sp._TM7_057","HMDB0000500",0.338291904150876,-0.174675324675325,93,55,0.00256924932357692,0.0167612932061923,"4-Hydroxybenzoic acid","OC(=O)C1=CC=C(O)C=C1","Organic compounds","Benzenoids","Benzene and substituted derivatives","Benzoic acids and derivatives","Hydroxybenzoic acid derivatives"
"s__Candidatus_Nanosynbacter_sp._TM7_053","HMDB0000500",0.348293176317596,-0.0183185235816815,94,56,0.0279550672211415,0.0683900751660069,"4-Hydroxybenzoic acid","OC(=O)C1=CC=C(O)C=C1","Organic compounds","Benzenoids","Benzene and substituted derivatives","Benzoic acids and derivatives","Hydroxybenzoic acid derivatives"
"s__Streptococcus_salivarius","HMDB0000883",-0.280892772791686,-0.0226874391431353,145,79,0.062119733704595,0.115005452939588,"Valine","CC(C)[C@H](N)C(O)=O","Organic compounds","Organic acids and derivatives","Carboxylic acids and derivatives","Amino acids, peptides, and analogues","Valine and derivatives"
"s__Streptococcus_parasanguinis","HMDB0000883",-0.299992127224059,-0.0782619279454723,145,79,0.104775733674321,0.153521663244727,"Valine","CC(C)[C@H](N)C(O)=O","Organic compounds","Organic acids and derivatives","Carboxylic acids and derivatives","Amino acids, peptides, and analogues","Valine and derivatives"
"s__Neisseria_meningitidis","HMDB0000883",0.31079406887133,0.245661450924609,135,75,0.627301023982819,0.671408127231611,"Valine","CC(C)[C@H](N)C(O)=O","Organic compounds","Organic acids and derivatives","Carboxylic acids and derivatives","Amino acids, peptides, and analogues","Valine and derivatives"
"s__Haemophilus_parahaemolyticus","HMDB0030352",-0.0691972271914132,0.401215512251592,129,72,0.00103603230405767,0.0123334885006498,"Arecaidine","CN1CCC=C(C1)C(O)=O","Organic compounds","Alkaloids and derivatives",NA,NA,"Alkaloids and derivatives"
"s__Schaalia_sp._ORNL0103","HMDB0039620",0.293048995754019,0.0543764872339057,136,72,0.0962607192936744,0.145349006458257,"Butyl butyrate","CCCCOC(=O)CCC","Organic compounds","Lipids and lipid-like molecules","Fatty Acyls","Fatty acid esters","Fatty acid esters"
"s__Streptococcus_sp._XMC","HMDB0001218",-0.0225096977321348,-0.37647226173542,138,75,0.0110204075170126,0.0406912159547999,"Coumarin","O=C1OC2=CC=CC=C2C=C1","Organic compounds","Phenylpropanoids and polyketides","Coumarins and derivatives",NA,"Coumarins and derivatives"
"s__Peptostreptococcus_stomatis","HMDB0000448",0.0647524752475248,0.46461196960642,101,52,0.0130976802174204,0.0443057330811504,"Adipic acid","OC(=O)CCCCC(O)=O","Organic compounds","Lipids and lipid-like molecules","Fatty Acyls","Fatty acids and conjugates","Medium-chain fatty acids"
"s__Veillonella_rogosae","HMDB0059611",0.277206309486572,-0.030744888023369,139,79,0.0282402250402643,0.0684762978852426,"Thiomorpholine 3-carboxylate","OC(=O)C1CSCCN1","Organic compounds","Organic acids and derivatives","Carboxylic acids and derivatives","Amino acids, peptides, and analogues","Alpha amino acids"
"s__Lautropia_mirabilis","HMDB0059611",0.378574845389005,0.394412756028001,112,57,0.91956880957917,0.941708079166413,"Thiomorpholine 3-carboxylate","OC(=O)C1CSCCN1","Organic compounds","Organic acids and derivatives","Carboxylic acids and derivatives","Amino acids, peptides, and analogues","Alpha amino acids"
"s__Megasphaera_micronuciformis","HMDB0059611",-0.397268930228257,-0.145906258003927,92,52,0.125286592979287,0.178794408730858,"Thiomorpholine 3-carboxylate","OC(=O)C1CSCCN1","Organic compounds","Organic acids and derivatives","Carboxylic acids and derivatives","Amino acids, peptides, and analogues","Alpha amino acids"
"s__Rothia_aeria","HMDB0059611",0.130633487131268,0.385752190546711,140,73,0.0629445525358373,0.11575038520013,"Thiomorpholine 3-carboxylate","OC(=O)C1CSCCN1","Organic compounds","Organic acids and derivatives","Carboxylic acids and derivatives","Amino acids, peptides, and analogues","Alpha amino acids"
"s__Rothia_sp._HMSC062F03","HMDB0059611",-0.290817258274068,-0.289359886201991,132,75,0.986785934141733,0.986785934141733,"Thiomorpholine 3-carboxylate","OC(=O)C1CSCCN1","Organic compounds","Organic acids and derivatives","Carboxylic acids and derivatives","Amino acids, peptides, and analogues","Alpha amino acids"
"s__Rothia_sp._HMSC072E10","HMDB0059611",-0.303482587064677,-0.214365049981488,135,74,0.514457788327066,0.557159818188206,"Thiomorpholine 3-carboxylate","OC(=O)C1CSCCN1","Organic compounds","Organic acids and derivatives","Carboxylic acids and derivatives","Amino acids, peptides, and analogues","Alpha amino acids"
"s__Streptococcus_sp._1001283B150225_161107_H12","HMDB0059611",0.313886878437586,0.101844995680612,138,73,0.131369410071167,0.185520132052441,"Thiomorpholine 3-carboxylate","OC(=O)C1CSCCN1","Organic compounds","Organic acids and derivatives","Carboxylic acids and derivatives","Amino acids, peptides, and analogues","Alpha amino acids"
"s__Streptococcus_sp._A12","HMDB0059611",0.297214905862843,-0.138378378378378,135,75,0.00245827955295276,0.0167612932061923,"Thiomorpholine 3-carboxylate","OC(=O)C1CSCCN1","Organic compounds","Organic acids and derivatives","Carboxylic acids and derivatives","Amino acids, peptides, and analogues","Alpha amino acids"
"s__Veillonella_sp._CLA_AA_H247","HMDB0059611",-0.201735682489807,-0.434165124028138,134,74,0.0796943880727392,0.12920865285166,"Thiomorpholine 3-carboxylate","OC(=O)C1CSCCN1","Organic compounds","Organic acids and derivatives","Carboxylic acids and derivatives","Amino acids, peptides, and analogues","Alpha amino acids"
"s__Actinomyces_sp._oral_taxon_172","HMDB0004058",-0.299138207288042,-0.168761417610522,128,69,0.363577293227661,0.406612972834201,"5,6-Dihydroxyindole","OC1=C(O)C=C2C=CNC2=C1","Organic compounds","Organoheterocyclic compounds","Indoles and derivatives","Hydroxyindoles","Hydroxyindoles"
"s__Schaalia_sp._ORNL0103","HMDB0004058",-0.284867134201613,-0.244871052800823,136,72,0.768384749380094,0.800380100813193,"5,6-Dihydroxyindole","OC1=C(O)C=C2C=CNC2=C1","Organic compounds","Organoheterocyclic compounds","Indoles and derivatives","Hydroxyindoles","Hydroxyindoles"
"s__Streptococcus_australis","HMDB0259193",-0.274672453982799,-0.0285053554040896,144,79,0.0758603746000536,0.126234810764556,"TRIETHYLENE GLYCOL","OCCOCCOCCO","Organic compounds","Organic oxygen compounds","Organooxygen compounds","Ethers","Polyethylene glycols"
"s__Schaalia_sp._ORNL0103","HMDB0249030",0.281193645341348,0.0163997684738568,136,72,0.0671025024136308,0.12012783509218,"2(3H)-Benzothiazolone","OC1=NC2=CC=CC=C2S1","Organic compounds","Organoheterocyclic compounds","Benzothiazoles",NA,"Benzothiazoles"
"s__Candidatus_Nanosynbacter_sp._HMT_352","HMDB0032572",0.14267862721471,-0.420591220892676,98,58,0.000523836958236473,0.0110408712735995,"Methylparaben","COC(=O)C1=CC=C(O)C=C1","Organic compounds","Benzenoids","Benzene and substituted derivatives","Benzoic acids and derivatives","p-Hydroxybenzoic acid alkyl esters"
"s__Neisseria_mucosa","HMDB0000991",0.286902383930405,-0.086945575712699,137,74,0.00949970335065693,0.0373230354235842,"2-Aminooctanoic acid","CCCCCCC(N)C(O)=O","Organic compounds","Organic acids and derivatives","Carboxylic acids and derivatives","Amino acids, peptides, and analogues","Alpha amino acids"
"s__Streptococcus_gordonii","HMDB0000991",-0.314387498031806,-0.0967624148003895,145,79,0.108873595766264,0.158677474680619,"2-Aminooctanoic acid","CCCCCCC(N)C(O)=O","Organic compounds","Organic acids and derivatives","Carboxylic acids and derivatives","Amino acids, peptides, and analogues","Alpha amino acids"
"s__Campylobacter_concisus","HMDB0000991",0.140747006982331,0.400939359148314,122,66,0.0717373344610463,0.12211761478637,"2-Aminooctanoic acid","CCCCCCC(N)C(O)=O","Organic compounds","Organic acids and derivatives","Carboxylic acids and derivatives","Amino acids, peptides, and analogues","Alpha amino acids"
"s__Haemophilus_parahaemolyticus","HMDB0032394",0.301229874776386,0.296546401697858,129,72,0.9677522229241,0.97486804809266,"6-Methylcoumarin","CC1=CC2=C(OC(=O)C=C2)C=C1","Organic compounds","Phenylpropanoids and polyketides","Coumarins and derivatives",NA,"Coumarins and derivatives"
"s__Haemophilus_parahaemolyticus","HMDB0029171",0.132189177101968,0.435044054280018,129,72,0.0272871500293956,0.0673574694419315,"3-Hydroxyadipic acid 3,6-lactone","[H]OC(=O)CC1([H])CCC(=O)O1","Organic compounds","Organoheterocyclic compounds","Lactones","Gamma butyrolactones","Gamma butyrolactones"
"s__Actinomyces_sp._oral_taxon_181","HMDB0029171",0.0667973124300112,-0.456565656565657,95,55,0.00137164789341423,0.0125277174265166,"3-Hydroxyadipic acid 3,6-lactone","[H]OC(=O)CC1([H])CCC(=O)O1","Organic compounds","Organoheterocyclic compounds","Lactones","Gamma butyrolactones","Gamma butyrolactones"
"s__Streptococcus_australis","HMDB0001934",-0.273410497548429,0.0064508276533593,144,79,0.0444527018787486,0.0932124876598293,"Nicotine","[H][C@]1(CCCN1C)C1=CC=CN=C1","Organic compounds","Organoheterocyclic compounds","Pyridines and derivatives","Pyrrolidinylpyridines","Pyrrolidinylpyridines"
"s__Lautropia_mirabilis","HMDB0001934",-0.267229302627533,-0.466230230749287,112,57,0.169896619290804,0.227551837021025,"Nicotine","[H][C@]1(CCCN1C)C1=CC=CN=C1","Organic compounds","Organoheterocyclic compounds","Pyridines and derivatives","Pyrrolidinylpyridines","Pyrrolidinylpyridines"
"s__Megasphaera_micronuciformis","HMDB0001934",0.4031102137694,0.0641167933065824,92,52,0.0420981321114158,0.092154347306782,"Nicotine","[H][C@]1(CCCN1C)C1=CC=CN=C1","Organic compounds","Organoheterocyclic compounds","Pyridines and derivatives","Pyrrolidinylpyridines","Pyrrolidinylpyridines"
"s__Rothia_sp._HMSC062F03","HMDB0001934",0.310676065597721,0.444068278805121,132,75,0.294609011119758,0.344065849946959,"Nicotine","[H][C@]1(CCCN1C)C1=CC=CN=C1","Organic compounds","Organoheterocyclic compounds","Pyridines and derivatives","Pyrrolidinylpyridines","Pyrrolidinylpyridines"
"s__Rothia_sp._HMSC072E10","HMDB0001934",0.340220466295971,0.463043317289893,135,74,0.324731699350461,0.375428209375638,"Nicotine","[H][C@]1(CCCN1C)C1=CC=CN=C1","Organic compounds","Organoheterocyclic compounds","Pyridines and derivatives","Pyrrolidinylpyridines","Pyrrolidinylpyridines"
"s__Streptococcus_sp._1001283B150225_161107_H12","HMDB0001934",-0.368897392400266,-0.0808651116870295,138,73,0.0381749395095746,0.0864457307902764,"Nicotine","[H][C@]1(CCCN1C)C1=CC=CN=C1","Organic compounds","Organoheterocyclic compounds","Pyridines and derivatives","Pyrrolidinylpyridines","Pyrrolidinylpyridines"
"s__Veillonella_sp._CLA_AA_H247","HMDB0001934",0.329019065075624,0.383665309144761,134,74,0.67777934366155,0.717032973603339,"Nicotine","[H][C@]1(CCCN1C)C1=CC=CN=C1","Organic compounds","Organoheterocyclic compounds","Pyridines and derivatives","Pyrrolidinylpyridines","Pyrrolidinylpyridines"
"s__Actinomyces_sp._oral_taxon_181","HMDB0001934",0.356117021276596,0.348051948051948,95,55,0.951580876788753,0.962114982435861,"Nicotine","[H][C@]1(CCCN1C)C1=CC=CN=C1","Organic compounds","Organoheterocyclic compounds","Pyridines and derivatives","Pyrrolidinylpyridines","Pyrrolidinylpyridines"
"s__Streptococcus_parasanguinis","HMDB0001046",0.224574870099197,0.395593962999026,145,79,0.185472064640228,0.239880003085669,"Cotinine","CN1C(CCC1=O)C1=CN=CC=C1","Organic compounds","Organoheterocyclic compounds","Pyridines and derivatives","Pyrrolidinylpyridines","Pyrrolidinylpyridines"
"s__Rothia_mucilaginosa","HMDB0001046",0.202613761612345,0.508693837807762,145,78,0.0134231239479594,0.0448528775822057,"Cotinine","CN1C(CCC1=O)C1=CN=CC=C1","Organic compounds","Organoheterocyclic compounds","Pyridines and derivatives","Pyrrolidinylpyridines","Pyrrolidinylpyridines"
"s__Streptococcus_cristatus","HMDB0001046",0.0177035608070091,0.3662852969815,144,79,0.0105012808754779,0.0396469593002438,"Cotinine","CN1C(CCC1=O)C1=CN=CC=C1","Organic compounds","Organoheterocyclic compounds","Pyridines and derivatives","Pyrrolidinylpyridines","Pyrrolidinylpyridines"
"s__Streptococcus_australis","HMDB0001046",-0.345522867936661,-0.0134615384615385,144,79,0.0151074259952239,0.048699232031663,"Cotinine","CN1C(CCC1=O)C1=CN=CC=C1","Organic compounds","Organoheterocyclic compounds","Pyridines and derivatives","Pyrrolidinylpyridines","Pyrrolidinylpyridines"
"s__Streptococcus_rubneri","HMDB0001046",-0.303180786848752,-0.0562854866652335,141,78,0.0743893723327089,0.125047165761731,"Cotinine","CN1C(CCC1=O)C1=CN=CC=C1","Organic compounds","Organoheterocyclic compounds","Pyridines and derivatives","Pyrrolidinylpyridines","Pyrrolidinylpyridines"
"s__Streptococcus_sp._HSISS2","HMDB0001046",0.129626449119794,0.377744360902256,136,76,0.0688395785365628,0.120910541788578,"Cotinine","CN1C(CCC1=O)C1=CN=CC=C1","Organic compounds","Organoheterocyclic compounds","Pyridines and derivatives","Pyrrolidinylpyridines","Pyrrolidinylpyridines"
"s__Rothia_dentocariosa","HMDB0001046",0.105877582176423,0.473883746760459,136,74,0.00574760450218228,0.0288570182650535,"Cotinine","CN1C(CCC1=O)C1=CN=CC=C1","Organic compounds","Organoheterocyclic compounds","Pyridines and derivatives","Pyrrolidinylpyridines","Pyrrolidinylpyridines"
"s__Lautropia_mirabilis","HMDB0001046",-0.257610961150784,-0.495527612133783,112,57,0.0965456904211782,0.145349006458257,"Cotinine","CN1C(CCC1=O)C1=CN=CC=C1","Organic compounds","Organoheterocyclic compounds","Pyridines and derivatives","Pyrrolidinylpyridines","Pyrrolidinylpyridines"
"s__Megasphaera_micronuciformis","HMDB0001046",0.410354021854723,0.0388457269700333,92,52,0.0262716361532818,0.0659751977035324,"Cotinine","CN1C(CCC1=O)C1=CN=CC=C1","Organic compounds","Organoheterocyclic compounds","Pyridines and derivatives","Pyrrolidinylpyridines","Pyrrolidinylpyridines"
"s__Streptococcus_sp._HPH0090","HMDB0001046",-0.00818723529991136,0.411772438088228,143,77,0.00204472925823161,0.015142049101499,"Cotinine","CN1C(CCC1=O)C1=CN=CC=C1","Organic compounds","Organoheterocyclic compounds","Pyridines and derivatives","Pyrrolidinylpyridines","Pyrrolidinylpyridines"
"s__Rothia_sp._HMSC062F03","HMDB0001046",0.339958153537904,0.584950213371266,132,75,0.0332197000041126,0.0784672224235073,"Cotinine","CN1C(CCC1=O)C1=CN=CC=C1","Organic compounds","Organoheterocyclic compounds","Pyridines and derivatives","Pyrrolidinylpyridines","Pyrrolidinylpyridines"
"s__Rothia_sp._HMSC072E10","HMDB0001046",0.287898741586187,0.551395779340985,135,74,0.0289722239728061,0.0696349944609551,"Cotinine","CN1C(CCC1=O)C1=CN=CC=C1","Organic compounds","Organoheterocyclic compounds","Pyridines and derivatives","Pyrrolidinylpyridines","Pyrrolidinylpyridines"
"s__Streptococcus_sp._SK140","HMDB0001046",0.0433023673958646,0.412219359587781,141,77,0.00646141239818799,0.0305246033983363,"Cotinine","CN1C(CCC1=O)C1=CN=CC=C1","Organic compounds","Organoheterocyclic compounds","Pyridines and derivatives","Pyrrolidinylpyridines","Pyrrolidinylpyridines"
"s__Streptococcus_sp._1001283B150225_161107_H12","HMDB0001046",-0.389861389212971,-0.104498333950389,138,73,0.0377104926134929,0.0864457307902764,"Cotinine","CN1C(CCC1=O)C1=CN=CC=C1","Organic compounds","Organoheterocyclic compounds","Pyridines and derivatives","Pyrrolidinylpyridines","Pyrrolidinylpyridines"
"s__Streptococcus_sp._343_SSPC","HMDB0001046",-0.300023853823768,-0.118108651911469,136,71,0.201031348963835,0.25230191112288,"Cotinine","CN1C(CCC1=O)C1=CN=CC=C1","Organic compounds","Organoheterocyclic compounds","Pyridines and derivatives","Pyrrolidinylpyridines","Pyrrolidinylpyridines"
"s__Streptococcus_sp._A12","HMDB0001046",-0.294732221246708,-0.0429587482219061,135,75,0.0760173130516489,0.126234810764556,"Cotinine","CN1C(CCC1=O)C1=CN=CC=C1","Organic compounds","Organoheterocyclic compounds","Pyridines and derivatives","Pyrrolidinylpyridines","Pyrrolidinylpyridines"
"s__Veillonella_sp._CLA_AA_H247","HMDB0001046",0.271970972206636,0.409552017771196,134,74,0.295092973494655,0.344065849946959,"Cotinine","CN1C(CCC1=O)C1=CN=CC=C1","Organic compounds","Organoheterocyclic compounds","Pyridines and derivatives","Pyrrolidinylpyridines","Pyrrolidinylpyridines"
"s__Actinomyces_sp._oral_taxon_181","HMDB0001046",0.414011758118701,0.288961038961039,95,55,0.408222740299058,0.449182735180725,"Cotinine","CN1C(CCC1=O)C1=CN=CC=C1","Organic compounds","Organoheterocyclic compounds","Pyridines and derivatives","Pyrrolidinylpyridines","Pyrrolidinylpyridines"
"s__Actinomyces_sp._ph3","HMDB0001046",0.363064295485636,0.283663925173359,85,53,0.618644670232916,0.664739763309094,"Cotinine","CN1C(CCC1=O)C1=CN=CC=C1","Organic compounds","Organoheterocyclic compounds","Pyridines and derivatives","Pyrrolidinylpyridines","Pyrrolidinylpyridines"
"s__Leptotrichia_wadei","HMDB0303178",0.0885219798480018,-0.399712666613457,118,67,0.00110771183031859,0.0123334885006498,"Butyl benzoate","CCCCOC(=O)C1=CC=CC=C1","Organic compounds","Benzenoids","Benzene and substituted derivatives","Benzoic acids and derivatives","Benzoic acid esters"
"s__Megasphaera_micronuciformis","HMDB0251324",0.337823466855725,-0.111500042687612,92,52,0.00961012765765568,0.0373230354235842,"Dihydroperillic acid","CC(=C)C1CCC(CC1)C(O)=O","Organic compounds","Lipids and lipid-like molecules","Prenol lipids","Monoterpenoids","Menthane monoterpenoids"
"s__Prevotella_nanceiensis","HMDB0251324",0.299673588443642,0.0399382596951572,120,72,0.0772136666712271,0.127449064264556,"Dihydroperillic acid","CC(=C)C1CCC(CC1)C(O)=O","Organic compounds","Lipids and lipid-like molecules","Prenol lipids","Monoterpenoids","Menthane monoterpenoids"
"s__Streptococcus_parasanguinis","HMDB0256638",-0.283136513934813,-0.0311343719571568,145,79,0.0682365343145893,0.120624583239984,"5-Hydroxytryptoline","OC1=CC2=C(NC3=C2CCNC3)C=C1","Organic compounds","Organoheterocyclic compounds","Indoles and derivatives","Pyridoindoles","Beta carbolines"
"s__Streptococcus_parasanguinis","HMDB0002302",-0.28735632183908,-0.11475170399221,145,79,0.2049403497744,0.254088940444279,"Indole-3-propionic acid","OC(=O)CCC1=CNC2=C1C=CC=C2","Organic compounds","Organoheterocyclic compounds","Indoles and derivatives","Indolyl carboxylic acids and derivatives","Indolyl carboxylic acids and derivatives"
"s__Neisseria_flavescens","HMDB0002302",0.289868063367079,0.0891348088531187,127,71,0.166982465037202,0.225967701909236,"Indole-3-propionic acid","OC(=O)CCC1=CNC2=C1C=CC=C2","Organic compounds","Organoheterocyclic compounds","Indoles and derivatives","Indolyl carboxylic acids and derivatives","Indolyl carboxylic acids and derivatives"
"s__Veillonella_rogosae","HMDB0059906",0.281312837928415,-0.26404576436222,139,79,0.000101004623420442,0.00492801863692883,"Megastigmatrienone","[H]\C(C=C)=C(\[H])C1C(C)=CC(=O)CC1(C)C","Organic compounds","Organic oxygen compounds","Organooxygen compounds","Carbonyl compounds","Cyclohexenones"
"s__Streptococcus_parasanguinis","HMDB0001390",0.274043457723193,0.366893865628043,145,79,0.472102586400439,0.513317891562383,"Hydroxycotinine","CN1[C@@H](CC(O)C1=O)C1=CN=CC=C1","Organic compounds","Organoheterocyclic compounds","Pyridines and derivatives","Pyrrolidinylpyridines","Pyrrolidinylpyridines"
"s__Rothia_mucilaginosa","HMDB0001390",0.245075578649032,0.428723175558619,145,78,0.148521604550866,0.205529897206754,"Hydroxycotinine","CN1[C@@H](CC(O)C1=O)C1=CN=CC=C1","Organic compounds","Organoheterocyclic compounds","Pyridines and derivatives","Pyrrolidinylpyridines","Pyrrolidinylpyridines"
"s__Haemophilus_parainfluenzae","HMDB0001390",-0.314775599986868,-0.0527447236307996,143,78,0.0570697236048421,0.109350379494593,"Hydroxycotinine","CN1[C@@H](CC(O)C1=O)C1=CN=CC=C1","Organic compounds","Organoheterocyclic compounds","Pyridines and derivatives","Pyrrolidinylpyridines","Pyrrolidinylpyridines"
"s__Streptococcus_australis","HMDB0001390",-0.285057471264368,0.0244888023369036,144,79,0.026131041434117,0.0659751977035324,"Hydroxycotinine","CN1[C@@H](CC(O)C1=O)C1=CN=CC=C1","Organic compounds","Organoheterocyclic compounds","Pyridines and derivatives","Pyrrolidinylpyridines","Pyrrolidinylpyridines"
"s__Streptococcus_rubneri","HMDB0001390",-0.285080696947643,-0.0279340912252305,141,78,0.0652929051425387,0.117699052691155,"Hydroxycotinine","CN1[C@@H](CC(O)C1=O)C1=CN=CC=C1","Organic compounds","Organoheterocyclic compounds","Pyridines and derivatives","Pyrrolidinylpyridines","Pyrrolidinylpyridines"
"s__Rothia_dentocariosa","HMDB0001390",0.235795047946186,0.48836727138097,136,74,0.0476242409525939,0.0970816075521573,"Hydroxycotinine","CN1[C@@H](CC(O)C1=O)C1=CN=CC=C1","Organic compounds","Organoheterocyclic compounds","Pyridines and derivatives","Pyrrolidinylpyridines","Pyrrolidinylpyridines"
"s__Lautropia_mirabilis","HMDB0001390",-0.307846721563536,-0.475563909774436,112,57,0.23836876121675,0.286460704269253,"Hydroxycotinine","CN1[C@@H](CC(O)C1=O)C1=CN=CC=C1","Organic compounds","Organoheterocyclic compounds","Pyridines and derivatives","Pyrrolidinylpyridines","Pyrrolidinylpyridines"
"s__Megasphaera_micronuciformis","HMDB0001390",0.414006750612641,0.0776914539400666,92,52,0.0423775465717319,0.092154347306782,"Hydroxycotinine","CN1[C@@H](CC(O)C1=O)C1=CN=CC=C1","Organic compounds","Organoheterocyclic compounds","Pyridines and derivatives","Pyrrolidinylpyridines","Pyrrolidinylpyridines"
"s__Streptococcus_sp._HPH0090","HMDB0001390",0.0417118093174431,0.387296913612703,143,77,0.0112134084827453,0.0406912159547999,"Hydroxycotinine","CN1[C@@H](CC(O)C1=O)C1=CN=CC=C1","Organic compounds","Organoheterocyclic compounds","Pyridines and derivatives","Pyrrolidinylpyridines","Pyrrolidinylpyridines"
"s__Rothia_sp._HMSC062F03","HMDB0001390",0.411519777931992,0.560967283072546,132,75,0.185925274153613,0.239880003085669,"Hydroxycotinine","CN1[C@@H](CC(O)C1=O)C1=CN=CC=C1","Organic compounds","Organoheterocyclic compounds","Pyridines and derivatives","Pyrrolidinylpyridines","Pyrrolidinylpyridines"
"s__Neisseria_flavescens","HMDB0001390",-0.308398950131234,-0.278370221327968,127,71,0.823665764839675,0.851639319117249,"Hydroxycotinine","CN1[C@@H](CC(O)C1=O)C1=CN=CC=C1","Organic compounds","Organoheterocyclic compounds","Pyridines and derivatives","Pyrrolidinylpyridines","Pyrrolidinylpyridines"
"s__Rothia_sp._HMSC072E10","HMDB0001390",0.362706077455858,0.520088855979267,135,74,0.186870755448824,0.239880003085669,"Hydroxycotinine","CN1[C@@H](CC(O)C1=O)C1=CN=CC=C1","Organic compounds","Organoheterocyclic compounds","Pyridines and derivatives","Pyrrolidinylpyridines","Pyrrolidinylpyridines"
"s__Streptococcus_sp._1001283B150225_161107_H12","HMDB0001390",-0.335987890106829,-0.105423917067753,138,73,0.0986238646872214,0.147309031071057,"Hydroxycotinine","CN1[C@@H](CC(O)C1=O)C1=CN=CC=C1","Organic compounds","Organoheterocyclic compounds","Pyridines and derivatives","Pyrrolidinylpyridines","Pyrrolidinylpyridines"
"s__Streptococcus_sp._A12","HMDB0001390",-0.284221051604721,-0.074651493598862,135,75,0.138710732662635,0.192927618018081,"Hydroxycotinine","CN1[C@@H](CC(O)C1=O)C1=CN=CC=C1","Organic compounds","Organoheterocyclic compounds","Pyridines and derivatives","Pyrrolidinylpyridines","Pyrrolidinylpyridines"
"s__Veillonella_sp._CLA_AA_H247","HMDB0001390",0.238095238095238,0.500688633839319,134,74,0.0385290384815459,0.0865324306880621,"Hydroxycotinine","CN1[C@@H](CC(O)C1=O)C1=CN=CC=C1","Organic compounds","Organoheterocyclic compounds","Pyridines and derivatives","Pyrrolidinylpyridines","Pyrrolidinylpyridines"
"s__Actinomyces_sp._oral_taxon_181","HMDB0001390",0.442049272116461,0.29992784992785,95,55,0.339364520800187,0.38744116124688,"Hydroxycotinine","CN1[C@@H](CC(O)C1=O)C1=CN=CC=C1","Organic compounds","Organoheterocyclic compounds","Pyridines and derivatives","Pyrrolidinylpyridines","Pyrrolidinylpyridines"
"s__Actinomyces_sp._ph3","HMDB0001390",0.403380887238616,0.255684567005322,85,53,0.354156613632624,0.399337086976703,"Hydroxycotinine","CN1[C@@H](CC(O)C1=O)C1=CN=CC=C1","Organic compounds","Organoheterocyclic compounds","Pyridines and derivatives","Pyrrolidinylpyridines","Pyrrolidinylpyridines"
"s__Mogibacterium_diversum","HMDB0001847",-0.0174125464139144,-0.478723404255319,85,48,0.00715941953518609,0.0311377928990633,"Caffeine","CN1C=NC2=C1C(=O)N(C)C(=O)N2C","Organic compounds","Organoheterocyclic compounds","Imidazopyrimidines","Purines and purine derivatives","Xanthines"
"s__Megasphaera_micronuciformis","HMDB0249592",0.0325046622381826,-0.469478357380688,92,52,0.00253177418680704,0.0167612932061923,"Cantharidin","CC12C3CCC(O3)C1(C)C(=O)OC2=O","Organic compounds","Organoheterocyclic compounds","Furofurans",NA,"Furofurans"
"s__Lachnoanaerobaculum_saburreum","HMDB0038108",0.032476069657479,-0.442898889538282,116,59,0.0020270294850217,0.015142049101499,"Quinceoxepane","CC1CCCOC(C1)\C=C/C(C)=C","Organic compounds","Organoheterocyclic compounds","Oxepanes",NA,"Oxepanes"
"s__Fusobacterium_nucleatum","HMDB0256646",-0.0146327187591454,-0.38134285163033,135,72,0.00967129750027181,0.0373230354235842,"Plumbagin","CC1=CC(=O)C2=C(C=CC=C2O)C1=O","Organic compounds","Benzenoids","Naphthalenes","Naphthoquinones","Naphthoquinones"
"s__Rothia_sp._HMSC065C12","HMDB0030818",-0.334652162341704,-0.00544192649455807,142,77,0.0176489448411759,0.0525223341949018,"Scoparone","COC1=C(OC)C=C2C=CC(=O)OC2=C1","Organic compounds","Phenylpropanoids and polyketides","Coumarins and derivatives",NA,"Coumarins and derivatives"
"s__Leptotrichia_wadei","HMDB0032797",0.307067807566312,-0.0104956500917871,118,67,0.0363468854157568,0.0851200564437381,"Jasmonic acid","CC\C=C/C[C@@H]1[C@@H](CC(O)=O)CCC1=O","Organic compounds","Lipids and lipid-like molecules","Fatty Acyls","Lineolic acids and derivatives","Jasmonic acids"
"s__Rothia_sp._HMSC065C12","HMDB0034276",-0.277308247640882,-0.131736684368263,142,77,0.290397652885341,0.341771446244447,"L,L-Cyclo(leucylprolyl)","[H][C@@]12CCCN1C(=O)[C@H](CC(C)C)NC2=O","Organic compounds","Organic acids and derivatives","Carboxylic acids and derivatives","Amino acids, peptides, and analogues","Alpha amino acids and derivatives"
"s__Rothia_aeria","HMDB0034276",-0.282171830924318,-0.292885351104529,140,73,0.942156721581206,0.956114598937965,"L,L-Cyclo(leucylprolyl)","[H][C@@]12CCCN1C(=O)[C@H](CC(C)C)NC2=O","Organic compounds","Organic acids and derivatives","Carboxylic acids and derivatives","Amino acids, peptides, and analogues","Alpha amino acids and derivatives"
"s__Neisseria_sp._HMSC071A01","HMDB0060426",0.0238992006503184,0.424514257357713,121,68,0.00579246716999249,0.0288570182650535,"8-Methoxykynurenate","COC1=CC=CC2=C(O)C=C(N=C12)C(O)=O","Organic compounds","Organoheterocyclic compounds","Quinolines and derivatives","Quinoline carboxylic acids","Quinoline carboxylic acids"
"s__Abiotrophia_defectiva","HMDB0060426",0.441085349802572,0.106192358366271,84,45,0.0545569663877043,0.106775777073078,"8-Methoxykynurenate","COC1=CC=CC2=C(O)C=C(N=C12)C(O)=O","Organic compounds","Organoheterocyclic compounds","Quinolines and derivatives","Quinoline carboxylic acids","Quinoline carboxylic acids"
"s__Streptococcus_intermedius","HMDB0029467",0.278319674426419,-0.0955373740183867,137,78,0.00840393131728993,0.0338628997196683,"Eugenitin","COC1=CC2=C(C(=O)C=C(C)O2)C(O)=C1C","Organic compounds","Organoheterocyclic compounds","Benzopyrans","1-benzopyrans","Chromones"
"s__Schaalia_odontolytica","HMDB0061174",-0.27637313241149,0.106787948893212,141,77,0.00690015186263538,0.0311377928990633,"p-Hydroxyl-ethotoin","CCN1C(=O)NC(C1=O)C1=CC=C(O)C=C1","Organic compounds","Organoheterocyclic compounds","Azolidines","Imidazolidines","Phenylhydantoins"
"s__Actinomyces_sp._oral_taxon_181","HMDB0032616",-0.367455207166853,-0.0718614718614719,95,55,0.0719397750996009,0.12211761478637,"Sinapic acid","COC1=CC(\C=C\C(O)=O)=CC(OC)=C1O","Organic compounds","Phenylpropanoids and polyketides","Cinnamic acids and derivatives","Hydroxycinnamic acids and derivatives","Hydroxycinnamic acids"
"s__Veillonella_tobetsuensis","HMDB0029668",-0.318711596072686,0.019203413940256,140,75,0.0167697763563136,0.0508517713614076,"Eremopetasinorol","CC1C(O)CCC2CC(=CC12C)C(C)=O","Organic compounds","Organic oxygen compounds","Organooxygen compounds","Alcohols and polyols","Cyclic alcohols and derivatives"
"s__Actinomyces_sp._ph3","HMDB0303805",0.0564784053156146,0.43807450411224,85,53,0.0224986699052828,0.0610359955846285,"3-Oxo-alpha-ionol","CC(O)\C=C\C1C(C)=CC(=O)CC1(C)C","Organic compounds","Lipids and lipid-like molecules","Prenol lipids","Sesquiterpenoids","Sesquiterpenoids"
"s__Rothia_sp._HMSC065C12","HMDB0015440",-0.316659367003988,-0.191729323308271,142,77,0.351984046979696,0.399337086976703,"Amobarbital","CCC1(CCC(C)C)C(=O)NC(=O)NC1=O","Organic compounds","Organoheterocyclic compounds","Diazines","Pyrimidines and pyrimidine derivatives","Pyrimidones"
"s__Neisseria_mucosa","HMDB0013267",-0.292115481546474,-0.00436875231395779,137,74,0.0441309563576158,0.0932124876598293,"N-Decanoylglycine","CCCCCCCCCC(=O)NCC(O)=O","Organic compounds","Organic acids and derivatives","Carboxylic acids and derivatives","Amino acids, peptides, and analogues","N-acyl-alpha amino acids"
"s__Haemophilus_haemolyticus","HMDB0035712",-0.0285436929452835,0.389445997040934,137,78,0.00243917464432216,0.0167612932061923,"Aloesol","CC(O)CC1=CC(=O)C2=C(O1)C=C(O)C=C2C","Organic compounds","Organoheterocyclic compounds","Benzopyrans","1-benzopyrans","Chromones"
"s__Streptococcus_timonensis","HMDB0035712",0.126760563380282,0.401777020447907,142,79,0.037874484350304,0.0864457307902764,"Aloesol","CC(O)CC1=CC(=O)C2=C(O1)C=C(O)C=C2C","Organic compounds","Organoheterocyclic compounds","Benzopyrans","1-benzopyrans","Chromones"
"s__Leptotrichia_wadei","HMDB0035639",0.0844389907201473,-0.397717295873573,118,67,0.00128077476779807,0.0125277174265166,"Petasalbin","CC1CCCC2CC3=C(C(O)C12C)C(C)=CO3","Organic compounds","Lipids and lipid-like molecules","Prenol lipids","Sesquiterpenoids","Eremophilane, 8,9-secoeremophilane and furoeremophilane sesquiterpenoids"
"s__Porphyromonas_sp._KLE_1280","HMDB0302978",-0.052512784341386,0.475487824544428,106,53,0.00104817886232968,0.0123334885006498,"Oxyglutinosone","CC1C(O)C(=O)C=C2CCC(CC12O)C(C)=C","Organic compounds","Organic oxygen compounds","Organooxygen compounds","Carbonyl compounds","Cyclohexenones"
"s__Prevotella_melaninogenica","HMDB0038213",0.0616780739542105,-0.388421052631579,140,75,0.00127757484938882,0.0125277174265166,"Humulol","C\C1=C/CC(C)(C)\C=C\CC(C)(O)CCC1","Organic compounds","Lipids and lipid-like molecules","Prenol lipids","Sesquiterpenoids","Sesquiterpenoids"
"s__Neisseria_mucosa","HMDB0061784",-0.30580861351205,-0.171447611995557,137,74,0.330617661237323,0.379034473552412,"3-Allyl-1-cyclohexene","C=CCC1CCCC=C1","Organic compounds","Hydrocarbons","Unsaturated hydrocarbons","Olefins","Cycloalkenes"
"s__Veillonella_rogosae","HMDB0041920",0.139005317485142,0.365993184031159,139,79,0.091028041534891,0.140913465426893,"Loxoprofen","CC(C(O)=O)C1=CC=C(CC2CCCC2=O)C=C1","Organic compounds","Phenylpropanoids and polyketides","Phenylpropanoic acids",NA,"Phenylpropanoic acids"
"s__Actinomyces_sp._oral_taxon_181","HMDB0002012",-0.206816909294513,-0.45952380952381,95,55,0.101994076419699,0.151061496967554,"Ubiquinone-1","COC1=C(OC)C(=O)C(CC=C(C)C)=C(C)C1=O","Organic compounds","Lipids and lipid-like molecules","Prenol lipids","Quinone and hydroquinone lipids","Ubiquinones"
"s__Veillonella_sp._S13053_19","HMDB0015150",0.0712049846000699,-0.373424470266576,138,76,0.00150864986012465,0.0133345181185211,"Sulfamethoxazole","CC1=CC(NS(=O)(=O)C2=CC=C(N)C=C2)=NO1","Organic compounds","Benzenoids","Benzene and substituted derivatives","Benzenesulfonamides","Aminobenzenesulfonamides"
"s__Neisseria_mucosa","HMDB0301955",0.280405846883342,-0.0793039614957423,137,74,0.0126492203431374,0.0438719794179701,"Arctiol","[H][C@@]12C[C@@H]([C@@H](O)C[C@@]1(C)CCCC2=C)C(C)(C)C","Organic compounds","Lipids and lipid-like molecules","Prenol lipids","Sesquiterpenoids","Eudesmane, isoeudesmane or cycloeudesmane sesquiterpenoids"
"s__Schaalia_sp._ORNL0103","HMDB0241923",0.299871189351653,0.0418033314039488,136,72,0.0722009255306277,0.12211761478637,"N-Palmitoyl Cysteine","CCCCCCCCCCCCCCCC(=O)NC(CS)C(O)=O","Organic compounds","Lipids and lipid-like molecules","Fatty Acyls","Fatty acids and conjugates","Long-chain fatty acids"
"s__Lachnoanaerobaculum_saburreum","HMDB0012273",-0.0606312228501134,-0.428930450029223,116,59,0.0157929993031527,0.0488879539469912,"Palmitic amide","CCCCCCCCCCCCCCCC(N)=O","Organic compounds","Lipids and lipid-like molecules","Fatty Acyls","Fatty amides","Fatty amides"
"s__Porphyromonas_bobii","HMDB0251246",0.0637856726849156,-0.435858585858586,101,55,0.00214405166687928,0.0154597409664453,"Diethylene glycol dimethacrylate","CC(=C)C(=O)OCCOCCOC(=O)C(C)=C","Organic compounds","Organic acids and derivatives","Carboxylic acids and derivatives","Dicarboxylic acids and derivatives","Dicarboxylic acids and derivatives"
"s__Porphyromonas_pasteri","HMDB0251246",0.0632615026208503,-0.435895773917553,101,57,0.00190040019091026,0.015142049101499,"Diethylene glycol dimethacrylate","CC(=C)C(=O)OCCOCCOC(=O)C(C)=C","Organic compounds","Organic acids and derivatives","Carboxylic acids and derivatives","Dicarboxylic acids and derivatives","Dicarboxylic acids and derivatives"
"s__Veillonella_tobetsuensis","HMDB0038256",-0.315632721786097,-0.319487908961593,140,75,0.982108810056622,0.985706278225327,"Geranyl acetoacetate","CC(=O)CC(=O)OC\C=C(\C)CCC=C(C)C","Organic compounds","Lipids and lipid-like molecules","Fatty Acyls","Fatty alcohol esters","Fatty alcohol esters"
"s__Schaalia_odontolytica","HMDB0039082",0.282079712316452,0.0514748409485252,141,77,0.0989228529820239,0.147309031071057,"Camelinin","CS(=O)CCCCCCCCCCN=C=S","Organic compounds","Organosulfur compounds","Sulfoxides",NA,"Sulfoxides"
"s__Schaalia_sp._ORNL0103","HMDB0039082",0.305204904346167,0.0392951315197119,136,72,0.0637243926122046,0.116403223838294,"Camelinin","CS(=O)CCCCCCCCCCN=C=S","Organic compounds","Organosulfur compounds","Sulfoxides",NA,"Sulfoxides"
"s__Streptococcus_australis","HMDB0037528",0.208781448436621,0.377604673807205,144,79,0.196794750521465,0.24963778538371,"Blennin B","CC1=C2CC(C)(C)CC2C(O)C2=C(C1)C(=O)OC2O","Organic compounds","Lipids and lipid-like molecules","Prenol lipids","Terpene lactones","Terpene lactones"
"s__Veillonella_rogosae","HMDB0037528",0.103900978596005,0.413851022395326,139,79,0.0198053693878521,0.0548736075079001,"Blennin B","CC1=C2CC(C)(C)CC2C(O)C2=C(C1)C(=O)OC2O","Organic compounds","Lipids and lipid-like molecules","Prenol lipids","Terpene lactones","Terpene lactones"
"s__Veillonella_sp._oral_taxon_158","HMDB0037528",0.12147121208808,0.37735948262264,140,77,0.0585783550015904,0.110692891520247,"Blennin B","CC1=C2CC(C)(C)CC2C(O)C2=C(C1)C(=O)OC2O","Organic compounds","Lipids and lipid-like molecules","Prenol lipids","Terpene lactones","Terpene lactones"
"s__Streptococcus_sp._A12","HMDB0037528",0.153399668325041,0.424466571834993,135,75,0.0431958650042704,0.0924661485247663,"Blennin B","CC1=C2CC(C)(C)CC2C(O)C2=C(C1)C(=O)OC2O","Organic compounds","Lipids and lipid-like molecules","Prenol lipids","Terpene lactones","Terpene lactones"
"s__Actinomyces_bouchesdurhonensis","HMDB0003040",-0.023484608060933,-0.409581636430952,137,74,0.00534250412382572,0.0281508871140048,"Arabinosylhypoxanthine","OC[C@H]1OC([C@@H](O)[C@@H]1O)N1C=NC2=C1NC=NC2=O","Organic compounds","Nucleosides, nucleotides, and analogues","Purine nucleosides",NA,"Purine nucleosides"
"s__Actinomyces_sp._oral_taxon_181","HMDB0003040",0.00628499440089586,-0.439105339105339,95,55,0.00637031199265061,0.0305246033983363,"Arabinosylhypoxanthine","OC[C@H]1OC([C@@H](O)[C@@H]1O)N1C=NC2=C1NC=NC2=O","Organic compounds","Nucleosides, nucleotides, and analogues","Purine nucleosides",NA,"Purine nucleosides"
"s__Rothia_sp._HMSC072B04","HMDB0062447",0.156136966481794,-0.389321205110679,144,77,8.20934045947227e-05,0.00492801863692883,"anhydroretinol","[H]/C(=C(/[H])\C(\C)=C(/[H])\C(\[H])=C1\C(C)=CCCC1(C)C)/C(/[H])=C(\C)C=C","Organic compounds","Lipids and lipid-like molecules","Prenol lipids","Sesquiterpenoids","Sesquiterpenoids"
"s__Rothia_sp._HMSC072E10","HMDB0040940",-0.280328748414789,-0.26945575712699,135,74,0.93198202818586,0.94930511421162,"Capsiamide","CC(C)CCCCCCCCCCCC\N=C(\C)O","Organic compounds","Organic acids and derivatives","Carboxylic acids and derivatives","Carboxylic acid derivatives","Acetamides"
"s__Veillonella_rogosae","HMDB0241682",-0.0499530810134501,0.379454722492697,139,79,0.00180980819498079,0.0150268922855981,"Hept-4-enoylcarnitine","CCC=CCCC(=O)OC(CC([O-])=O)C[N+](C)(C)C","Organic compounds","Lipids and lipid-like molecules","Fatty Acyls","Fatty acid esters","Acyl carnitines"
"s__Veillonella_sp._S13053_19","HMDB0241682",-0.0766343446981545,0.37326042378674,138,76,0.00133127598139138,0.0125277174265166,"Hept-4-enoylcarnitine","CCC=CCCC(=O)OC(CC([O-])=O)C[N+](C)(C)C","Organic compounds","Lipids and lipid-like molecules","Fatty Acyls","Fatty acid esters","Acyl carnitines"
"s__Streptococcus_sanguinis","HMDB0001920",0.0179932294126909,0.382765335929893,145,79,0.00705724285285275,0.0311377928990633,"Dextromethorphan","[H][C@@]12CCCC[C@@]11CCN(C)[C@@H]2CC2=C1C=C(OC)C=C2","Organic compounds","Alkaloids and derivatives","Morphinans",NA,"Morphinans"
"s__Mogibacterium_diversum","HMDB0034146",-0.385264803595857,0.0896656534954407,85,48,0.00788858675491008,0.0327495874370509,"Octadecanamide","CCCCCCCCCCCCCCCCCC(N)=O","Organic compounds","Organic acids and derivatives","Carboximidic acids and derivatives","Carboximidic acids","Carboximidic acids"
"s__Porphyromonas_sp._KLE_1280","HMDB0014967",0.0856034461042396,-0.450814384776649,106,53,0.00100764701756573,0.0123334885006498,"Diazepam","CN1C2=C(C=C(Cl)C=C2)C(=NCC1=O)C1=CC=CC=C1","Organic compounds","Organoheterocyclic compounds","Benzodiazepines","1,4-benzodiazepines","1,4-benzodiazepines"
"s__Streptococcus_parasanguinis","HMDB0003422",0.286391906786333,0.0723709834469328,145,79,0.118951812441647,0.170642914183305,"Boldione","[H][C@@]12CCC(=O)[C@@]1(C)CC[C@@]1([H])[C@@]2([H])CCC2=CC(=O)C=C[C@]12C","Organic compounds","Lipids and lipid-like molecules","Steroids and steroid derivatives","Androstane steroids","Androgens and derivatives"
"s__Veillonella_parvula","HMDB0001358",-0.276777799665124,0.000736105999263894,143,77,0.0481951928188802,0.0970991384733321,"Retinal","C\C(\C=C\C=C(/C)\C=C\C1=C(C)CCCC1(C)C)=C/C=O","Organic compounds","Lipids and lipid-like molecules","Prenol lipids","Retinoids","Retinoids"
"s__Veillonella_tobetsuensis","HMDB0001358",-0.307546303382826,-0.247908961593172,140,75,0.65411986937908,0.697388498871081,"Retinal","C\C(\C=C\C=C(/C)\C=C\C1=C(C)CCCC1(C)C)=C/C=O","Organic compounds","Lipids and lipid-like molecules","Prenol lipids","Retinoids","Retinoids"
"s__Streptococcus_sp._SK140","HMDB0001358",0.275118797893745,-0.00373310899626689,141,77,0.0478321789034352,0.0970816075521573,"Retinal","C\C(\C=C\C=C(/C)\C=C\C1=C(C)CCCC1(C)C)=C/C=O","Organic compounds","Lipids and lipid-like molecules","Prenol lipids","Retinoids","Retinoids"
"s__Streptococcus_intermedius","HMDB0029377",-0.127648552280322,-0.390862302254707,137,78,0.050197329494403,0.0996671614599017,"Piperine","O=C(\C=C\C=C\C1=CC2=C(OCO2)C=C1)N1CCCCC1","Organic compounds","Alkaloids and derivatives",NA,NA,"Alkaloids and derivatives"
"s__Schaalia_sp._ORNL0103","HMDB0013250",0.325709651257096,0.17933629172294,136,72,0.290630463412249,0.341771446244447,"Myristoylglycine","CCCCCCCCCCCCCC(=O)NCC(O)=O","Organic compounds","Organic acids and derivatives","Carboxylic acids and derivatives","Amino acids, peptides, and analogues","N-acyl-alpha amino acids"
"s__Schaalia_odontolytica","HMDB0060038",0.288912196583758,0.0510542089489458,141,77,0.0882941300238052,0.138243380722986,"10-Heptadecenoic acid","CCCCCC\C=C/CCCCCCCCC(O)=O","Organic compounds","Lipids and lipid-like molecules","Fatty Acyls","Fatty acids and conjugates","Long-chain fatty acids"
"s__Peptostreptococcus_stomatis","HMDB0060038",0.121199767035527,0.44249978656194,101,52,0.0455761432506973,0.0938937086518125,"10-Heptadecenoic acid","CCCCCC\C=C/CCCCCCCCC(O)=O","Organic compounds","Lipids and lipid-like molecules","Fatty Acyls","Fatty acids and conjugates","Long-chain fatty acids"
"s__Streptococcus_sp._HMSC074B11","HMDB0000305",0.303683430743664,0.0424006373373462,142,78,0.0591737661973607,0.11105213656217,"Vitamin A","C\C(=C/CO)\C=C\C=C(/C)\C=C\C1=C(C)CCCC1(C)C","Organic compounds","Lipids and lipid-like molecules","Prenol lipids","Retinoids","Retinoids"
"s__Actinomyces_sp._S6_Spd3","HMDB0000305",0.2069060051387,0.417692830701821,98,62,0.160540271106119,0.219940171415383,"Vitamin A","C\C(=C/CO)\C=C\C=C(/C)\C=C\C1=C(C)CCCC1(C)C","Organic compounds","Lipids and lipid-like molecules","Prenol lipids","Retinoids","Retinoids"
"s__Rothia_mucilaginosa","HMDB0032358",-0.0398086915446386,-0.381302242061736,145,78,0.0118051553145811,0.0414693917460925,"Lauroyl diethanolamide","CCCCCCCCCCCC(=O)N(CCO)CCO","Organic compounds","Lipids and lipid-like molecules","Fatty Acyls","Fatty amides","N-acyl amines"
"s__Prevotella_pallens","HMDB0032358",0.310502884087164,-0.0162190534511416,128,70,0.0264863932386444,0.0659751977035324,"Lauroyl diethanolamide","CCCCCCCCCCCC(=O)N(CCO)CCO","Organic compounds","Lipids and lipid-like molecules","Fatty Acyls","Fatty amides","N-acyl amines"
"s__Rothia_sp._HMSC065C12","HMDB0032358",-0.0866717938938496,-0.545585992954414,142,77,0.000286958557559695,0.00859070405938332,"Lauroyl diethanolamide","CCCCCCCCCCCC(=O)N(CCO)CCO","Organic compounds","Lipids and lipid-like molecules","Fatty Acyls","Fatty amides","N-acyl amines"
"s__Rothia_sp._HMSC072B04","HMDB0032358",-0.0751426734185355,-0.483016983016983,144,77,0.00177265832147262,0.0150268922855981,"Lauroyl diethanolamide","CCCCCCCCCCCC(=O)N(CCO)CCO","Organic compounds","Lipids and lipid-like molecules","Fatty Acyls","Fatty amides","N-acyl amines"
"s__Streptococcus_pseudopneumoniae","HMDB0000628",0.0360421188007395,0.372784810126582,144,79,0.0130295950538645,0.0443057330811504,"Epitestosterone","[H][C@@]12CC[C@@H](O)[C@@]1(C)CC[C@@]1([H])[C@@]2([H])CCC2=CC(=O)CC[C@]12C","Organic compounds","Lipids and lipid-like molecules","Steroids and steroid derivatives","Androstane steroids","Androgens and derivatives"
"s__Actinomyces_sp._ICM58","HMDB0000628",0.115594957543112,-0.443565502604669,134,72,7.45926713835883e-05,0.00492801863692883,"Epitestosterone","[H][C@@]12CC[C@@H](O)[C@@]1(C)CC[C@@]1([H])[C@@]2([H])CCC2=CC(=O)CC[C@]12C","Organic compounds","Lipids and lipid-like molecules","Steroids and steroid derivatives","Androstane steroids","Androgens and derivatives"
"s__Actinomyces_sp._oral_taxon_172","HMDB0000628",0.135792437282549,-0.445780051150895,128,69,5.72678845986623e-05,0.00492801863692883,"Epitestosterone","[H][C@@]12CC[C@@H](O)[C@@]1(C)CC[C@@]1([H])[C@@]2([H])CCC2=CC(=O)CC[C@]12C","Organic compounds","Lipids and lipid-like molecules","Steroids and steroid derivatives","Androstane steroids","Androgens and derivatives"
"s__Rothia_sp._HMSC065C12","HMDB0301804",-0.0815920669082191,0.409827015090173,142,77,0.000352632983055534,0.00878376703247422,"12-oxo-PDA","CC\C=C/C[C@H]1[C@@H](CCCCCCCC(O)=O)C=CC1=O","Organic compounds","Lipids and lipid-like molecules","Fatty Acyls","Eicosanoids","Prostaglandins and related compounds"
"s__Rothia_sp._HMSC072B04","HMDB0301804",-0.0584961015995499,0.4316998790683,144,77,0.000312020917853032,0.00859070405938332,"12-oxo-PDA","CC\C=C/C[C@H]1[C@@H](CCCCCCCC(O)=O)C=CC1=O","Organic compounds","Lipids and lipid-like molecules","Fatty Acyls","Eicosanoids","Prostaglandins and related compounds"
"s__Actinomyces_naeslundii","HMDB0301804",-0.318699686940966,-0.138985380005344,129,68,0.213195641241244,0.263133359009463,"12-oxo-PDA","CC\C=C/C[C@H]1[C@@H](CCCCCCCC(O)=O)C=CC1=O","Organic compounds","Lipids and lipid-like molecules","Fatty Acyls","Eicosanoids","Prostaglandins and related compounds"
"s__Prevotella_melaninogenica","HMDB0013317",0.0847608843016772,0.448534850640114,140,75,0.00663107439805805,0.0307951590689476,"Tridecanoylglycine","CCCCCCCCCCCCC(=O)NCC(O)=O","Organic compounds","Organic acids and derivatives","Carboxylic acids and derivatives","Amino acids, peptides, and analogues","N-acyl-alpha amino acids"
"s__Prevotella_melaninogenica","HMDB0002697",-0.0654042115851392,0.40827880512091,140,75,0.00065483592906033,0.0123334885006498,"19-Norandrosterone","[H][C@@]12CCC(=O)[C@@]1(C)CC[C@@]1([H])[C@@]2([H])CC[C@@]2([H])C[C@H](O)CC[C@]12[H]","Organic compounds","Lipids and lipid-like molecules","Steroids and steroid derivatives","Estrane steroids","Estrogens and derivatives"
"s__Candidatus_Nanosynbacter_sp._TM7_008","HMDB0002697",-0.0181557572861921,0.462121212121212,91,55,0.00331007573941221,0.0201546833910877,"19-Norandrosterone","[H][C@@]12CCC(=O)[C@@]1(C)CC[C@@]1([H])[C@@]2([H])CC[C@@]2([H])C[C@H](O)CC[C@]12[H]","Organic compounds","Lipids and lipid-like molecules","Steroids and steroid derivatives","Estrane steroids","Estrogens and derivatives"
"s__Schaalia_odontolytica","HMDB0000086",-0.168269189605719,-0.440191387559809,141,77,0.0371479056927041,0.0862586962694993,"Glycerophosphocholine","C[N+](C)(C)CCOP([O-])(=O)OC[C@H](O)CO","Organic compounds","Lipids and lipid-like molecules","Glycerophospholipids","Glycerophosphocholines","Glycerophosphocholines"
"s__Neisseria_meningitidis","HMDB0000086",0.303341137450005,0.0543669985775249,135,75,0.0782278197093627,0.128349835930332,"Glycerophosphocholine","C[N+](C)(C)CCOP([O-])(=O)OC[C@H](O)CO","Organic compounds","Lipids and lipid-like molecules","Glycerophospholipids","Glycerophosphocholines","Glycerophosphocholines"
"s__Schaalia_sp._ORNL0103","HMDB0000086",-0.185802204093316,-0.398192809826999,136,72,0.118837177551778,0.170642914183305,"Glycerophosphocholine","C[N+](C)(C)CCOP([O-])(=O)OC[C@H](O)CO","Organic compounds","Lipids and lipid-like molecules","Glycerophospholipids","Glycerophosphocholines","Glycerophosphocholines"
"s__Prevotella_melaninogenica","HMDB0030964",-0.0325249830530712,0.417382645803698,140,75,0.00112531829385491,0.0123334885006498,"Linolenelaidic acid","CCC=CCC=CCC=CCCCCCCCC(O)=O","Organic compounds","Lipids and lipid-like molecules","Fatty Acyls","Lineolic acids and derivatives","Lineolic acids and derivatives"
"s__Neisseria_sicca","HMDB0033609",0.0145565366736984,0.398278415401703,137,73,0.0061117803027637,0.029904067909951,"2-Pentadecylfuran","CCCCCCCCCCCCCCCC1=CC=CO1","Organic compounds","Organoheterocyclic compounds","Heteroaromatic compounds",NA,"Heteroaromatic compounds"
"s__Mogibacterium_diversum","HMDB0062652",-0.353566542896228,-0.0578593139383413,85,48,0.0946168467399218,0.145349006458257,"9-HODE","[H]\C(CCCCC)=C(/[H])\C(\[H])=C(/[H])C(O)CCCCCCCC(O)=O","Organic compounds","Lipids and lipid-like molecules","Fatty Acyls","Lineolic acids and derivatives","Lineolic acids and derivatives"
"s__Schaalia_odontolytica","HMDB0031810",0.278175435592277,0.0874651664125348,141,77,0.170248637187263,0.227551837021025,"Tridemorph","CCCCCCCCCCCCCN1CC(C)OC(C)C1","Organic compounds","Organoheterocyclic compounds","Oxazinanes","Morpholines","Morpholines"
"s__Parvimonas_micra","HMDB0031810",0.152370034018193,0.430957102598894,117,66,0.0521537836471308,0.102806738987869,"Tridemorph","CCCCCCCCCCCCCN1CC(C)OC(C)C1","Organic compounds","Organoheterocyclic compounds","Oxazinanes","Morpholines","Morpholines"
"s__Schaalia_sp._ORNL0103","HMDB0031810",0.282333858117456,0.0682037430059811,136,72,0.135728027450264,0.189742242455981,"Tridemorph","CCCCCCCCCCCCCN1CC(C)OC(C)C1","Organic compounds","Organoheterocyclic compounds","Oxazinanes","Morpholines","Morpholines"
"s__Streptococcus_parasanguinis","HMDB0255736",0.272649976381672,0.0327896786757546,145,79,0.0832458998500075,0.133107341893991,"Norethynodrel","CC12CCC3C(CCC4=C3CCC(=O)C4)C1CCC2(O)C#C","Organic compounds","Lipids and lipid-like molecules","Steroids and steroid derivatives","Oxosteroids","Oxosteroids"
"s__Rothia_sp._HMSC065C12","HMDB0255736",-0.321961227265393,-0.00922761449077238,142,77,0.0245614588668275,0.0634890540519882,"Norethynodrel","CC12CCC3C(CCC4=C3CCC(=O)C4)C1CCC2(O)C#C","Organic compounds","Lipids and lipid-like molecules","Steroids and steroid derivatives","Oxosteroids","Oxosteroids"
"s__Rothia_sp._HMSC072B04","HMDB0255736",-0.272124427296841,-0.0623324044376676,144,77,0.132030750913234,0.185520132052441,"Norethynodrel","CC12CCC3C(CCC4=C3CCC(=O)C4)C1CCC2(O)C#C","Organic compounds","Lipids and lipid-like molecules","Steroids and steroid derivatives","Oxosteroids","Oxosteroids"
"s__Schaalia_sp._ORNL0103","HMDB0014493",0.359119316826487,0.106694964306386,136,72,0.0706558062878684,0.12211761478637,"Clobazam","CN1C2=C(C=C(Cl)C=C2)N(C2=CC=CC=C2)C(=O)CC1=O","Organic compounds","Organoheterocyclic compounds","Benzodiazepines",NA,"Benzodiazepines"
"s__Rothia_sp._HMSC065C12","HMDB0038665",-0.0716757021821451,0.385693254114307,142,77,0.000946422481306432,0.0123334885006498,"Indole-3-acetylglutamic acid","OC(=O)CC[C@H](NC(=O)CC1=CNC2=C1C=CC=C2)C(O)=O","Organic compounds","Organic acids and derivatives","Carboxylic acids and derivatives","Amino acids, peptides, and analogues","Glutamic acid and derivatives"
"s__Neisseria_sicca","HMDB0033608",-0.017160751955495,0.377514500802172,137,73,0.00525043686754979,0.0281508871140048,"2-Heptadecylfuran","CCCCCCCCCCCCCCCCCC1=CC=CO1","Organic compounds","Organoheterocyclic compounds","Heteroaromatic compounds",NA,"Heteroaromatic compounds"
"s__Veillonella_atypica","HMDB0241124",-0.279396073410158,-0.100519733431126,143,78,0.194051847096817,0.247303284207106,"Decatrienoylcarnitine","CCC=CC=CC=CCC(=O)OC(CC([O-])=O)C[N+](C)(C)C","Organic compounds","Lipids and lipid-like molecules","Fatty Acyls","Fatty acid esters","Acyl carnitines"
"s__Veillonella_rogosae","HMDB0241124",-0.0977925733947004,0.397711781888997,139,79,0.000313529345232968,0.00859070405938332,"Decatrienoylcarnitine","CCC=CC=CC=CCC(=O)OC(CC([O-])=O)C[N+](C)(C)C","Organic compounds","Lipids and lipid-like molecules","Fatty Acyls","Fatty acid esters","Acyl carnitines"
"s__Porphyromonas_somerae","HMDB0241124",0.0600664970895615,0.427235534774985,108,58,0.0182506882262889,0.0525223341949018,"Decatrienoylcarnitine","CCC=CC=CC=CCC(=O)OC(CC([O-])=O)C[N+](C)(C)C","Organic compounds","Lipids and lipid-like molecules","Fatty Acyls","Fatty acid esters","Acyl carnitines"
"s__Porphyromonas_sp._KLE_1280","HMDB0241124",0.0845655843010807,0.439283986453798,106,53,0.0263755323353363,0.0659751977035324,"Decatrienoylcarnitine","CCC=CC=CC=CCC(=O)OC(CC([O-])=O)C[N+](C)(C)C","Organic compounds","Lipids and lipid-like molecules","Fatty Acyls","Fatty acid esters","Acyl carnitines"
"s__Schaalia_odontolytica","HMDB0032740",0.27639025643221,0.098164992901835,141,77,0.199278933492031,0.251624091137404,"N-Hexadecanoylpyrrolidine","CCCCCCCCCCCCCCCC(=O)N1CCCC1","Organic compounds","Organoheterocyclic compounds","Pyrrolidines","N-acylpyrrolidines","N-acylpyrrolidines"
"s__Actinomyces_sp._ICM47","HMDB0032740",0.276701371821797,0.081367053998633,139,76,0.163648188660613,0.223082605437851,"N-Hexadecanoylpyrrolidine","CCCCCCCCCCCCCCCC(=O)N1CCCC1","Organic compounds","Organoheterocyclic compounds","Pyrrolidines","N-acylpyrrolidines","N-acylpyrrolidines"
"s__Schaalia_sp._ORNL0103","HMDB0032740",0.31487047373694,0.124123737860956,136,72,0.175735993922809,0.230390728874878,"N-Hexadecanoylpyrrolidine","CCCCCCCCCCCCCCCC(=O)N1CCCC1","Organic compounds","Organoheterocyclic compounds","Pyrrolidines","N-acylpyrrolidines","N-acylpyrrolidines"
"s__Streptococcus_intermedius","HMDB0254026",-0.12715384471783,-0.38469125810898,137,78,0.0559192452053877,0.108665767278555,"Lethidrone","OC1C=CC2C3CC4=C5C(OC1C25CCN3CC=C)=C(O)C=C4","Organic compounds","Alkaloids and derivatives","Morphinans",NA,"Morphinans"
"s__Actinomyces_oris","HMDB0032959",0.320799511215851,0.15053998632946,134,76,0.21615805376134,0.265593303724696,"1-Octen-3-yl glucoside","CCCCCC(OC1OC(CO)C(O)C(O)C1O)C=C","Organic compounds","Lipids and lipid-like molecules","Fatty Acyls","Fatty acyl glycosides","Fatty acyl glycosides of mono- and disaccharides"
"s__Streptococcus_oralis","HMDB0004626",0.298330971500551,-0.165701071080818,145,79,0.000878434122843213,0.0123334885006498,"Tetrahydrogestrinone","[H][C@@]12CC[C@@](O)(CC)[C@@]1(CC)C=CC1=C3CCC(=O)C=C3CC[C@@]21[H]","Organic compounds","Lipids and lipid-like molecules","Steroids and steroid derivatives","Estrane steroids","Estrogens and derivatives"
"s__Schaalia_sp._ORNL0103","HMDB0029856",0.307924240255713,0.0384912213004052,136,72,0.0601552245639537,0.112126064833492,"alpha-Terpinyl glucoside","CC1=CCC(CC1)C(C)(C)OC1OC(CO)C(O)C(O)C1O","Organic compounds","Organic oxygen compounds","Organooxygen compounds","Carbohydrates and carbohydrate conjugates","O-glycosyl compounds"
"s__Fusobacterium_periodonticum","HMDB0029856",-0.304169619894291,-0.0848257006151743,114,56,0.171131056448033,0.227620919741559,"alpha-Terpinyl glucoside","CC1=CCC(CC1)C(C)(C)OC1OC(CO)C(O)C(O)C1O","Organic compounds","Organic oxygen compounds","Organooxygen compounds","Carbohydrates and carbohydrate conjugates","O-glycosyl compounds"
"s__Rothia_sp._HMSC065C12","HMDB0035710",-0.300711874280948,-0.0203743624796256,142,77,0.0446155712072653,0.0932124876598293,"Cafestol","CC12CCC3=C(C=CO3)C1CCC13CC(CCC21)C(O)(CO)C3","Organic compounds","Organoheterocyclic compounds","Naphthofurans",NA,"Naphthofurans"
"s__Schaalia_odontolytica","HMDB0341367",-0.018947728926752,-0.459040959040959,141,77,0.000997918300781343,0.0123334885006498,"omega-3 Arachidonic acid methyl ester",NA,NA,NA,NA,NA,NA
"s__Schaalia_sp._ORNL0103","HMDB0029391",0.282748914651019,0.128207601775034,136,72,0.276038812431814,0.328846237418769,"N-Jasmonoylisoleucine","CC\C=C/C[C@@H]1[C@@H](CC(=O)N[C@@H]([C@@H](C)CC)C(O)=O)CCC1=O","Organic compounds","Organic acids and derivatives","Carboxylic acids and derivatives","Amino acids, peptides, and analogues","Isoleucine and derivatives"
"s__Peptostreptococcus_stomatis","HMDB0002088",0.126278392545137,0.450354307180056,101,52,0.0428066648588124,0.0923545367820046,"Oleoylethanolamide","CCCCCCCC\C=C/CCCCCCCC(=O)NCCO","Organic compounds","Organic nitrogen compounds","Organonitrogen compounds","Amines","N-acylethanolamines"
"s__Parvimonas_micra","HMDB0002088",0.0945615849181016,0.437386494102912,117,66,0.0180554810994282,0.0525223341949018,"Oleoylethanolamide","CCCCCCCC\C=C/CCCCCCCC(=O)NCCO","Organic compounds","Organic nitrogen compounds","Organonitrogen compounds","Amines","N-acylethanolamines"
"s__Streptococcus_intermedius","HMDB0002088",0.175126477122109,0.403634340343201,137,78,0.0841580097755232,0.133290720684933,"Oleoylethanolamide","CCCCCCCC\C=C/CCCCCCCC(=O)NCCO","Organic compounds","Organic nitrogen compounds","Organonitrogen compounds","Amines","N-acylethanolamines"
"s__Veillonella_tobetsuensis","HMDB0060719",-0.335772233277208,-0.255647226173542,140,75,0.543678237512247,0.586487547552582,"2-Hydroxydesogestrel","CC[C@]12CC(=C)C3[C@@H](CCC4=CCC(O)C[C@H]34)C1CCC2(O)C#C","Organic compounds","Lipids and lipid-like molecules","Steroids and steroid derivatives","Estrane steroids","Estrane steroids"
"s__Neisseria_mucosa","HMDB0015240",-0.289931300987548,-0.0457460199925953,137,74,0.0860751735307671,0.135543664065691,"Trilostane","[H][C@]12O[C@]11CC[C@@]3([H])[C@]4([H])CC[C@H](O)[C@@]4(C)CC[C@]3([H])[C@@]1(C)CC(C#N)=C2O","Organic compounds","Lipids and lipid-like molecules","Steroids and steroid derivatives","Estrane steroids","Estrane steroids"
"s__Granulicatella_sp._HMSC30F09","HMDB0241076",-0.0200496574383482,-0.399157502090167,137,72,0.00696385102632575,0.0311377928990633,"5-Hydroxydec-8-enoylcarnitine","CC=CCCC(O)CCCC(=O)OC(CC([O-])=O)C[N+](C)(C)C","Organic compounds","Lipids and lipid-like molecules","Fatty Acyls","Fatty acid esters","Acyl carnitines"
"s__Candidatus_Nanosynbacter_sp._TM7_087","HMDB0241076",0.0829749960184743,-0.430808080808081,91,55,0.00203554100943744,0.015142049101499,"5-Hydroxydec-8-enoylcarnitine","CC=CCCC(O)CCCC(=O)OC(CC([O-])=O)C[N+](C)(C)C","Organic compounds","Lipids and lipid-like molecules","Fatty Acyls","Fatty acid esters","Acyl carnitines"
"s__Prevotella_histicola","HMDB0006070",-0.288964754400579,0.0415931721194879,130,75,0.0220898598742745,0.0605262160555122,"Pregnanetriol","[H][C@@]12CC[C@](O)(C(C)O)[C@@]1(C)CC[C@@]1([H])[C@@]2([H])CC[C@]2([H])C[C@H](O)CC[C@]12C","Organic compounds","Lipids and lipid-like molecules","Steroids and steroid derivatives","Pregnane steroids","Gluco/mineralocorticoids, progestogins and derivatives"
"s__Lancefieldella_parvula","HMDB0006070",-0.327550069864928,-0.148910856443006,113,70,0.220985796802812,0.267808232755515,"Pregnanetriol","[H][C@@]12CC[C@](O)(C(C)O)[C@@]1(C)CC[C@@]1([H])[C@@]2([H])CC[C@]2([H])C[C@H](O)CC[C@]12C","Organic compounds","Lipids and lipid-like molecules","Steroids and steroid derivatives","Pregnane steroids","Gluco/mineralocorticoids, progestogins and derivatives"
"s__Prevotella_intermedia","HMDB0006070",-0.281866357435878,0.128477951635846,134,75,0.00447972001381731,0.0261158145486371,"Pregnanetriol","[H][C@@]12CC[C@](O)(C(C)O)[C@@]1(C)CC[C@@]1([H])[C@@]2([H])CC[C@]2([H])C[C@H](O)CC[C@]12C","Organic compounds","Lipids and lipid-like molecules","Steroids and steroid derivatives","Pregnane steroids","Gluco/mineralocorticoids, progestogins and derivatives"
"s__Parvimonas_micra","HMDB0244507",0.140044058805017,0.41505062102077,117,66,0.0575480776884098,0.109501203379335,"13-Docosenamide","CCCCCCCCC=CCCCCCCCCCCCC(N)=O","Organic compounds","Lipids and lipid-like molecules","Fatty Acyls","Fatty amides","Fatty amides"
"s__Schaalia_sp._ORNL0103","HMDB0013631",0.32986021659272,0.190494565566917,136,72,0.312190659492798,0.362458647038248,"Oleoyl glycine","CCCCCCCC\C=C/CCCCCCCC(=O)NCC(O)=O","Organic compounds","Organic acids and derivatives","Carboxylic acids and derivatives","Amino acids, peptides, and analogues","N-acyl-alpha amino acids"
"s__Schaalia_odontolytica","HMDB0248927",0.0179202876835481,-0.389321205110679,141,77,0.0030895051726144,0.0192391913021897,"Becocalcidiol","CCC(C)C1CCC2C(CCCC12C)=CC=C1CC(O)C(=C)C(O)C1","Organic compounds","Lipids and lipid-like molecules","Steroids and steroid derivatives","Vitamin D and derivatives","Vitamin D and derivatives"
"s__Schaalia_odontolytica","HMDB0256842",-0.0166702341709833,-0.402387086597613,141,77,0.00470760448618551,0.0263241556982618,"Rosterolone","CCCC1(O)CCC2C3CCC4CC(=O)CC(C)C4(C)C3CCC12C","Organic compounds","Lipids and lipid-like molecules","Steroids and steroid derivatives","Androstane steroids","Androgens and derivatives"
"s__Peptostreptococcus_stomatis","HMDB0062737",-0.00785090273733256,0.456330572867754,101,52,0.00458394329244778,0.0261666762943894,"10-nitrooctadecenoic Acid","[H]\C(CCCCCCCC(O)=O)=C(\CCCCCCCC)N(=O)=O","Organic compounds","Lipids and lipid-like molecules","Fatty Acyls","Fatty acids and conjugates","Long-chain fatty acids"
"s__Abiotrophia_defectiva","HMDB0035919",0.368978434747393,0.199341238471673,84,45,0.329966147117476,0.379034473552412,"Corchorifatty acid F","CC\C=C/CC(O)C(O)\C=C\C(O)CCCCCCCC(O)=O","Organic compounds","Lipids and lipid-like molecules","Fatty Acyls","Lineolic acids and derivatives","Lineolic acids and derivatives"
"s__Actinomyces_naeslundii","HMDB0241225",-0.0713495080500894,0.417070656945452,129,68,0.000796100758359338,0.0123334885006498,"8-Hydroxydodec-10-enoylcarnitine","CC=CCC(O)CCCCCCC(=O)OC(CC([O-])=O)C[N+](C)(C)C","Organic compounds","Lipids and lipid-like molecules","Fatty Acyls","Fatty acid esters","Acyl carnitines"
"s__Haemophilus_paraphrohaemolyticus","HMDB0002995",0.0552883474119765,-0.452553798288826,118,57,0.00108630302696285,0.0123334885006498,"12-Keto-tetrahydro-leukotriene B4","CCCCCCCCC(=O)CC\C=C\C=C/[C@@H](O)CCCC(O)=O","Organic compounds","Lipids and lipid-like molecules","Fatty Acyls","Eicosanoids","Other hydroxyeicosapolyenoic acids"
"s__Lachnoanaerobaculum_orale","HMDB0031923",0.161410873770424,0.459745581832152,90,52,0.0642167167144783,0.116525697879252,"10,20-Dihydroxyeicosanoic acid","OCCCCCCCCCCC(O)CCCCCCCCC(O)=O","Organic compounds","Lipids and lipid-like molecules","Fatty Acyls","Fatty acids and conjugates","Long-chain fatty acids"
"s__Porphyromonas_sp._KLE_1280","HMDB0241396",0.0870745900193969,0.467908401870666,106,53,0.0157969335783624,0.0488879539469912,"Tetradeca-8,10,12-trienoylcarnitine","CC=CC=CC=CCCCCCCC(=O)OC(CC([O-])=O)C[N+](C)(C)C","Organic compounds","Lipids and lipid-like molecules","Fatty Acyls","Fatty acid esters","Acyl carnitines"
"s__Fusobacterium_periodonticum","HMDB0029885",-0.306162289139548,-0.110457963089542,114,56,0.219418730800137,0.267808232755515,"Sorbitan laurate","CCCCCCCCCCCC(=O)OCC(O)C1OCC(O)C1O","Organic compounds","Lipids and lipid-like molecules","Fatty Acyls","Fatty acid esters","Fatty acid esters"
"s__Solobacterium_moorei","HMDB0094680",0.161305734938274,0.516476799110864,92,60,0.016888726984993,0.0508517713614076,"Octaethylene glycol","OCCOCCOCCOCCOCCOCCOCCOCCO","Organic compounds","Organic oxygen compounds","Organooxygen compounds","Ethers","Polyethylene glycols"
"s__Parvimonas_micra","HMDB0013654",0.188194038573933,0.412002922450684,117,66,0.118310324866379,0.170642914183305,"Palmitoyl Serinol","CCCCCCCCCCCCCCCC(=O)NC(CO)CO","Organic compounds","Lipids and lipid-like molecules","Fatty Acyls","Fatty amides","N-acyl amines"
"s__Lachnoanaerobaculum_orale","HMDB0247433",-0.388780507881631,-0.0683001792879706,90,52,0.0566458619822322,0.109302578754448,"8-Epiloganic acid","CC1C(O)CC2C1C(OC1OC(CO)C(O)C(O)C1O)OC=C2C(O)=O","Organic compounds","Lipids and lipid-like molecules","Prenol lipids","Terpene glycosides","Iridoid O-glycosides"
"s__Rothia_mucilaginosa","HMDB0001442",0.186297433475043,0.366026378684607,145,78,0.175012831808958,0.230390728874878,"Prostaglandin E1","CCCCC[C@H](O)\C=C\[C@H]1[C@H](O)CC(=O)[C@@H]1CCCCCCC(O)=O","Organic compounds","Lipids and lipid-like molecules","Fatty Acyls","Eicosanoids","Prostaglandins and related compounds"
"s__Neisseria_sicca","HMDB0001442",-0.316659510519536,-0.154973466617302,137,73,0.244559742779817,0.292617334155763,"Prostaglandin E1","CCCCC[C@H](O)\C=C\[C@H]1[C@H](O)CC(=O)[C@@H]1CCCCCCC(O)=O","Organic compounds","Lipids and lipid-like molecules","Fatty Acyls","Eicosanoids","Prostaglandins and related compounds"
"s__Lautropia_mirabilis","HMDB0001442",-0.235111217412102,-0.458387347679544,112,57,0.128971585748302,0.183099556969091,"Prostaglandin E1","CCCCC[C@H](O)\C=C\[C@H]1[C@H](O)CC(=O)[C@@H]1CCCCCCC(O)=O","Organic compounds","Lipids and lipid-like molecules","Fatty Acyls","Eicosanoids","Prostaglandins and related compounds"
"s__Neisseria_meningitidis","HMDB0001442",-0.293776216954443,-0.178748221906117,135,75,0.404555500972935,0.44696857768784,"Prostaglandin E1","CCCCC[C@H](O)\C=C\[C@H]1[C@H](O)CC(=O)[C@@H]1CCCCCCC(O)=O","Organic compounds","Lipids and lipid-like molecules","Fatty Acyls","Eicosanoids","Prostaglandins and related compounds"
"s__Rothia_aeria","HMDB0001442",-0.172933021364064,-0.446038504257682,140,73,0.0394452303126866,0.0871612347231946,"Prostaglandin E1","CCCCC[C@H](O)\C=C\[C@H]1[C@H](O)CC(=O)[C@@H]1CCCCCCC(O)=O","Organic compounds","Lipids and lipid-like molecules","Fatty Acyls","Eicosanoids","Prostaglandins and related compounds"
"s__Rothia_sp._HMSC062F03","HMDB0001442",0.40514367111394,0.459345661450925,132,75,0.657923525724718,0.69872498468439,"Prostaglandin E1","CCCCC[C@H](O)\C=C\[C@H]1[C@H](O)CC(=O)[C@@H]1CCCCCCC(O)=O","Organic compounds","Lipids and lipid-like molecules","Fatty Acyls","Eicosanoids","Prostaglandins and related compounds"
"s__Neisseria_flavescens","HMDB0001442",-0.306483173978253,-0.257243460764588,127,71,0.7198245671278,0.755677898057537,"Prostaglandin E1","CCCCC[C@H](O)\C=C\[C@H]1[C@H](O)CC(=O)[C@@H]1CCCCCCC(O)=O","Organic compounds","Lipids and lipid-like molecules","Fatty Acyls","Eicosanoids","Prostaglandins and related compounds"
"s__Rothia_sp._HMSC072E10","HMDB0001442",0.397717295873573,0.373802295446131,135,74,0.84286208774128,0.868211323462823,"Prostaglandin E1","CCCCC[C@H](O)\C=C\[C@H]1[C@H](O)CC(=O)[C@@H]1CCCCCCC(O)=O","Organic compounds","Lipids and lipid-like molecules","Fatty Acyls","Eicosanoids","Prostaglandins and related compounds"
"s__Streptococcus_sp._HMSC056C01","HMDB0001442",0.29995326818821,0.287685998212314,142,77,0.921086734367148,0.941708079166413,"Prostaglandin E1","CCCCC[C@H](O)\C=C\[C@H]1[C@H](O)CC(=O)[C@@H]1CCCCCCC(O)=O","Organic compounds","Lipids and lipid-like molecules","Fatty Acyls","Eicosanoids","Prostaglandins and related compounds"
"s__Veillonella_sp._CLA_AA_H247","HMDB0001442",0.320644895821644,0.366042206590152,134,74,0.733489522070765,0.767084462012937,"Prostaglandin E1","CCCCC[C@H](O)\C=C\[C@H]1[C@H](O)CC(=O)[C@@H]1CCCCCCC(O)=O","Organic compounds","Lipids and lipid-like molecules","Fatty Acyls","Eicosanoids","Prostaglandins and related compounds"
"s__Actinomyces_sp._ICM58","HMDB0246913",0.296978765321263,0.435558556820374,134,72,0.286375310081017,0.339683268234626,"Tetraethylene glycol monododecyl ether","CCCCCCCCCCCCOCCOCCOCCOCCO","Organic compounds","Organic oxygen compounds","Organooxygen compounds","Ethers","Polyethylene glycols"
"s__Actinomyces_sp._oral_taxon_172","HMDB0246913",0.211694286760667,0.408841797588601,128,69,0.153626035942642,0.21152529572002,"Tetraethylene glycol monododecyl ether","CCCCCCCCCCCCOCCOCCOCCOCCO","Organic compounds","Organic oxygen compounds","Organooxygen compounds","Ethers","Polyethylene glycols"
"s__Streptococcus_gordonii","HMDB0006753",0.282081561958747,0.244157740993184,145,79,0.77116914822877,0.800380100813193,"3a,11b,21-Trihydroxy-20-oxo-5b-pregnan-18-al","CC12CC[C@@H](O)CC1CCC1C3CCC(C(=O)CO)C3(CC(O)C21)C=O","Organic compounds","Lipids and lipid-like molecules","Steroids and steroid derivatives","Hydroxysteroids","21-hydroxysteroids"
"s__Neisseria_sp._oral_taxon_014","HMDB0006753",-0.299156370509647,0.0781135531135531,122,64,0.0144863610800694,0.04725313018975,"3a,11b,21-Trihydroxy-20-oxo-5b-pregnan-18-al","CC12CC[C@@H](O)CC1CCC1C3CCC(C(=O)CO)C3(CC(O)C21)C=O","Organic compounds","Lipids and lipid-like molecules","Steroids and steroid derivatives","Hydroxysteroids","21-hydroxysteroids"
"s__Actinomyces_sp._ICM47","HMDB0000385",-0.28007507037848,-0.0241421736158578,139,76,0.0701387526651408,0.12211761478637,"12a-Hydroxy-3-oxocholadienic acid","C[C@H](CCC(O)=O)C1CCC2C3C=CC4=CC(=O)CC[C@]4(C)C3C[C@H](O)[C@]12C","Organic compounds","Lipids and lipid-like molecules","Steroids and steroid derivatives","Bile acids, alcohols and derivatives","Monohydroxy bile acids, alcohols and derivatives"
"s__Streptococcus_infantis","HMDB0030366",-0.114452214452214,0.408958130477118,144,79,0.000123560647911848,0.00492801863692883,"Cavipetin C","C\C(CC\C=C(/C)CC\C=C(/C)C=O)=C/CC\C(C)=C\COC(=O)C(\C)=C\O","Organic compounds","Lipids and lipid-like molecules","Prenol lipids","Diterpenoids","Acyclic diterpenoids"
"s__Actinomyces_sp._ICM47","HMDB0030366",-0.294870190803879,-0.167600820232399,139,76,0.353054599469239,0.399337086976703,"Cavipetin C","C\C(CC\C=C(/C)CC\C=C(/C)C=O)=C/CC\C(C)=C\COC(=O)C(\C)=C\O","Organic compounds","Lipids and lipid-like molecules","Prenol lipids","Diterpenoids","Acyclic diterpenoids"
"s__Streptococcus_sp._oral_taxon_431","HMDB0030366",-0.0897234948959087,0.393330087633885,144,79,0.000409694251362391,0.00935468540610793,"Cavipetin C","C\C(CC\C=C(/C)CC\C=C(/C)C=O)=C/CC\C(C)=C\COC(=O)C(\C)=C\O","Organic compounds","Lipids and lipid-like molecules","Prenol lipids","Diterpenoids","Acyclic diterpenoids"
"s__Lachnoanaerobaculum_orale","HMDB0072839",0.142922994608388,0.460940834969692,90,52,0.0494742547547825,0.0989485095095649,"MG(19:0/0:0/0:0)","[H][C@@](O)(CO)COC(=O)CCCCCCCCCCCCCCCCCC","Organic compounds","Lipids and lipid-like molecules","Glycerolipids","Monoradylglycerols","1-monoacylglycerols"
"s__Streptococcus_parasanguinis","HMDB0041734",0.286738308927728,0.11277994157741,145,79,0.201657366919382,0.25230191112288,"Feruloyl C1-glucuronide","COC1=CC(\C=C\C(=O)O[C@@H]2O[C@@H]([C@@H](O)[C@H](O)[C@H]2O)C(O)=O)=CC=C1O","Organic compounds","Phenylpropanoids and polyketides","Isoflavonoids","Isoflavonoid O-glycosides","Isoflavonoid O-glycosides"
"s__Rothia_sp._HMSC065C12","HMDB0041734",-0.304639022948882,-0.137783269362217,142,77,0.22187032421716,0.267808232755515,"Feruloyl C1-glucuronide","COC1=CC(\C=C\C(=O)O[C@@H]2O[C@@H]([C@@H](O)[C@H](O)[C@H]2O)C(O)=O)=CC=C1O","Organic compounds","Phenylpropanoids and polyketides","Isoflavonoids","Isoflavonoid O-glycosides","Isoflavonoid O-glycosides"
"s__Rothia_aeria","HMDB0041734",-0.29352955325709,-0.239756880167839,140,73,0.690410811057418,0.727586777806664,"Feruloyl C1-glucuronide","COC1=CC(\C=C\C(=O)O[C@@H]2O[C@@H]([C@@H](O)[C@H](O)[C@H]2O)C(O)=O)=CC=C1O","Organic compounds","Phenylpropanoids and polyketides","Isoflavonoids","Isoflavonoid O-glycosides","Isoflavonoid O-glycosides"
"s__Streptococcus_intermedius","HMDB0041734",0.298896708794594,-0.0289204466419656,137,78,0.0198265954134384,0.0548736075079001,"Feruloyl C1-glucuronide","COC1=CC(\C=C\C(=O)O[C@@H]2O[C@@H]([C@@H](O)[C@H](O)[C@H]2O)C(O)=O)=CC=C1O","Organic compounds","Phenylpropanoids and polyketides","Isoflavonoids","Isoflavonoid O-glycosides","Isoflavonoid O-glycosides"
"s__Schaalia_odontolytica","HMDB0260512",0.283423947942977,0.171065776328934,141,77,0.409838262026209,0.449182735180725,"MG(20:3(6,8,11)-OH(5)/0:0/0:0)","CCCCCCCC\C=C\C\C=C\C=C\C(O)CCCC(=O)OC[C@@H](O)CO",NA,NA,NA,NA,NA
"s__Actinomyces_sp._ICM47","HMDB0260512",0.292372313329461,-0.0264388243335612,139,76,0.0244876138045157,0.0634890540519882,"MG(20:3(6,8,11)-OH(5)/0:0/0:0)","CCCCCCCC\C=C\C\C=C\C=C\C(O)CCCC(=O)OC[C@@H](O)CO",NA,NA,NA,NA,NA
"s__Schaalia_sp._ORNL0103","HMDB0260512",0.326873717856972,0.0916457650009647,136,72,0.096140455199002,0.145349006458257,"MG(20:3(6,8,11)-OH(5)/0:0/0:0)","CCCCCCCC\C=C\C\C=C\C=C\C(O)CCCC(=O)OC[C@@H](O)CO",NA,NA,NA,NA,NA
"s__Megasphaera_micronuciformis","HMDB0245686",0.374335342077278,-0.0834969691795441,92,52,0.00767305846734929,0.0323448926162108,"25-Hydroxy-24-oxocholecalciferol","CC(CCC(=O)C(C)(C)O)C1CCC2C(CCCC12C)=CC=C1CC(O)CCC1=C","Organic compounds","Lipids and lipid-like molecules","Steroids and steroid derivatives","Vitamin D and derivatives","Vitamin D and derivatives"
"s__Porphyromonas_somerae","HMDB0006319",0.0612573475473244,0.42877357039589,108,58,0.0180506949646032,0.0525223341949018,"Alpha-linolenyl carnitine","CC\C=C/C\C=C/C\C=C/CCCCCCCC(=O)O[C@@H](CC([O-])=O)C[N+](C)(C)C","Organic compounds","Lipids and lipid-like molecules","Fatty Acyls","Fatty acid esters","Acyl carnitines"
"s__Actinomyces_sp._ICM58","HMDB0257271",-0.0777989750495642,-0.394784230497138,134,72,0.0234740460426794,0.063031367804986,"1,25-Dihydroxy-16-ene-23-yne-vitamin D3","CC(CC#CC(C)(C)O)C1=CCC2C(CCCC12C)=CC=C1CC(O)CC(O)C1=C","Organic compounds","Lipids and lipid-like molecules","Steroids and steroid derivatives","Vitamin D and derivatives","Vitamin D and derivatives"
"s__Actinomyces_sp._oral_taxon_172","HMDB0257271",-0.095346548251236,-0.399378881987578,128,69,0.0328373715371571,0.0782386069667918,"1,25-Dihydroxy-16-ene-23-yne-vitamin D3","CC(CC#CC(C)(C)O)C1=CCC2C(CCCC12C)=CC=C1CC(O)CC(O)C1=C","Organic compounds","Lipids and lipid-like molecules","Steroids and steroid derivatives","Vitamin D and derivatives","Vitamin D and derivatives"
"s__Aggregatibacter_sp._2125159857","HMDB0260499",-0.310740932759281,-0.00436974789915966,110,50,0.0712956765876136,0.12211761478637,"MG(20:4-2OH/0:0/0:0)","CCCCC[C@H](O)\C=C\C=C/C\C=C/C=C/[C@H](O)CCCC(=O)OC[C@@H](O)CO",NA,NA,NA,NA,NA
"s__Actinomyces_sp._ICM47","HMDB0303184",0.287014611912954,-0.034149008885851,139,76,0.0236942732989546,0.063031367804986,"Acetolein","CCCCCCCCC=CCCCCCCCC(=O)OCC(COC(C)=O)OC(C)=O","Organic compounds","Lipids and lipid-like molecules","Glycerolipids","Triradylcglycerols","Triacylglycerols"
"s__Schaalia_sp._ORNL0103","HMDB0303184",0.308740041028577,0.0675284584217635,136,72,0.0908739931810409,0.140913465426893,"Acetolein","CCCCCCCCC=CCCCCCCCC(=O)OCC(COC(C)=O)OC(C)=O","Organic compounds","Lipids and lipid-like molecules","Glycerolipids","Triradylcglycerols","Triacylglycerols"
"s__Lancefieldella_parvula","HMDB0000969",-0.31641326768248,0.0703875426471875,113,70,0.0105628760179482,0.0396469593002438,"1,25-Dihydroxyvitamin D3-26,23-lactone","[H][C@@]1(CC[C@@]2([H])\C(CCC[C@]12C)=C\C=C1\C[C@@H](O)C[C@H](O)C1=C)[C@H](C)C[C@H]1C[C@@](C)(O)C(=O)O1","Organic compounds","Lipids and lipid-like molecules","Steroids and steroid derivatives","Vitamin D and derivatives","Vitamin D and derivatives"
"s__Actinomyces_sp._ph3","HMDB0000969",-0.393081883916357,0.0626511852926947,85,53,0.00808354992507104,0.0330580996935741,"1,25-Dihydroxyvitamin D3-26,23-lactone","[H][C@@]1(CC[C@@]2([H])\C(CCC[C@]12C)=C\C=C1\C[C@@H](O)C[C@H](O)C1=C)[C@H](C)C[C@H]1C[C@@](C)(O)C(=O)O1","Organic compounds","Lipids and lipid-like molecules","Steroids and steroid derivatives","Vitamin D and derivatives","Vitamin D and derivatives"
"s__Streptococcus_sp._XMC","HMDB0006351",-0.111068999449758,0.422958748221906,138,75,0.000125898286344897,0.00492801863692883,"Vaccenyl carnitine","CCCCCC\C=C\CCCCCCCCCC(=O)O[C@@H](CC([O-])=O)C[N+](C)(C)C","Organic compounds","Lipids and lipid-like molecules","Fatty Acyls","Fatty acid esters","Acyl carnitines"
"s__Streptococcus_sp._M334","HMDB0000631",0.286994096703416,-0.069082815918259,142,78,0.011286614644397,0.0406912159547999,"Deoxycholic acid glycine conjugate","[H][C@]12CCC3C4CC[C@H]([C@H](C)CCC(=O)NCC(O)=O)[C@@]4(C)[C@@H](O)CC3[C@@]1(C)CC[C@@H](O)C2","Organic compounds","Lipids and lipid-like molecules","Steroids and steroid derivatives","Bile acids, alcohols and derivatives","Glycinated bile acids and derivatives"
"s__Streptococcus_pneumoniae","HMDB0003323",-0.32499606361203,-0.104844206426485,145,79,0.103297273825718,0.152169102302401,"Biotripyrrin-a","CC1=C(CCC(O)=O)\C(NC1=O)=C/C1=C(CCC(O)=O)C(C)=C(N1)\C=C1\NC(=O)C(C)=C1C=C","Organic compounds","Organoheterocyclic compounds","Pyrroles","Substituted pyrroles","Substituted pyrroles"
"s__Lancefieldella_parvula","HMDB0011507",-0.332182779958746,-0.13956784183361,113,70,0.18735153525669,0.239880003085669,"LysoPE(18:2/0:0)","[H][C@@](O)(COC(=O)CCCCCCC\C=C/C\C=C/CCCCC)COP(O)(=O)OCCN","Organic compounds","Lipids and lipid-like molecules","Glycerophospholipids","Glycerophosphoethanolamines","1-acyl-sn-glycero-3-phosphoethanolamines"
"s__Mogibacterium_diversum","HMDB0010381",-0.495524721516514,0.206578376031264,85,48,5.55699154208341e-05,0.00492801863692883,"LysoPC(15:0/0:0)","[H][C@@](O)(COC(=O)CCCCCCCCCCCCCC)COP([O-])(=O)OCC[N+](C)(C)C","Organic compounds","Lipids and lipid-like molecules","Glycerophospholipids","Glycerophosphocholines","1-acyl-sn-glycero-3-phosphocholines"
"s__Actinomyces_sp._S6_Spd3","HMDB0010381",-0.341035008192593,-0.129107803883055,98,62,0.175167563394602,0.230390728874878,"LysoPC(15:0/0:0)","[H][C@@](O)(COC(=O)CCCCCCCCCCCCCC)COP([O-])(=O)OCC[N+](C)(C)C","Organic compounds","Lipids and lipid-like molecules","Glycerophospholipids","Glycerophosphocholines","1-acyl-sn-glycero-3-phosphocholines"
"s__Actinomyces_sp._oral_taxon_181","HMDB0010381",-0.338591825307951,-0.138528138528139,95,55,0.22051559563703,0.267808232755515,"LysoPC(15:0/0:0)","[H][C@@](O)(COC(=O)CCCCCCCCCCCCCC)COP([O-])(=O)OCC[N+](C)(C)C","Organic compounds","Lipids and lipid-like molecules","Glycerophospholipids","Glycerophosphocholines","1-acyl-sn-glycero-3-phosphocholines"
"s__Rothia_sp._HMSC072B04","HMDB0010383",-0.0697090266055783,-0.396761133603239,144,77,0.0154532129611681,0.0488879539469912,"LysoPC(16:1/0:0)","CCCCCC\C=C/CCCCCCCC(=O)OC[C@@H](O)COP([O-])(=O)OCC[N+](C)(C)C","Organic compounds","Lipids and lipid-like molecules","Glycerophospholipids","Glycerophosphocholines","1-acyl-sn-glycero-3-phosphocholines"
"s__Actinomyces_sp._ICM58","HMDB0251574",0.205236973029589,0.387195318026883,134,72,0.182388841852654,0.237974012702987,"Heptaethylene glycol monododecyl ether","CCCCCCCCCCCCOCCOCCOCCOCCOCCOCCOCCO","Organic compounds","Organic oxygen compounds","Organooxygen compounds","Ethers","Polyethylene glycols"
"s__Candidatus_Nanosynbacter_sp._TM7_075","HMDB0245965",-0.0493217580032556,0.484162895927602,96,51,0.00127200123274463,0.0125277174265166,"3-Palmitoylcatechin","CCCCCCCCCCCCCCCC(=O)OC1CC2=C(O)C=C(O)C=C2OC1C1=CC(O)=C(O)C=C1","Organic compounds","Phenylpropanoids and polyketides","Flavonoids","Flavans","Catechins"
"s__Neisseria_subflava","HMDB0010388",0.29175053598984,0.0354795439302482,130,71,0.0788166296391782,0.12854616976866,"LysoPC(18:3/0:0)","CC\C=C/C\C=C/C\C=C/CCCCCCCC(=O)OC[C@](O)([H])COP([O-])(=O)OCC[N+](C)(C)C","Organic compounds","Lipids and lipid-like molecules","Glycerophospholipids","Glycerophosphocholines","1-acyl-sn-glycero-3-phosphocholines"
"s__Actinomyces_sp._ICM58","HMDB0010394",0.0113742066609309,-0.393176410058525,134,72,0.00435536898825286,0.0259428500604627,"LysoPC(20:3/0:0)","CCCCC\C=C/C\C=C/C\C=C/CCCCCCC(=O)OC[C@@H](O)COP([O-])(=O)OCC[N+](C)(C)C","Organic compounds","Lipids and lipid-like molecules","Glycerophospholipids","Glycerophosphocholines","1-acyl-sn-glycero-3-phosphocholines"
"s__Actinomyces_sp._ph3","HMDB0010404",-0.355735782685167,-0.122722141590066,85,53,0.167414027326915,0.225967701909236,"LysoPC(22:6/0:0)","[H][C@@](O)(COC(=O)CC\C=C/C\C=C/C\C=C/C\C=C/C\C=C/C\C=C/CC)COP([O-])(=O)OCC[N+](C)(C)C","Organic compounds","Lipids and lipid-like molecules","Glycerophospholipids","Glycerophosphocholines","1-acyl-sn-glycero-3-phosphocholines"
"s__Actinomyces_sp._ICM58","HMDB0256665",0.146747465679123,0.463052286320664,134,72,0.0184019857033232,0.0525223341949018,"Polidocanol","CCCCCCCCCCCCOCCOCCOCCOCCOCCOCCOCCOCCOCCO","Organic compounds","Organic oxygen compounds","Organooxygen compounds","Ethers","Polyethylene glycols"
"s__Actinomyces_sp._oral_taxon_172","HMDB0256665",0.110316334004761,0.3955791012057,128,69,0.0449052860259032,0.0932124876598293,"Polidocanol","CCCCCCCCCCCCOCCOCCOCCOCCOCCOCCOCCOCCOCCO","Organic compounds","Organic oxygen compounds","Organooxygen compounds","Ethers","Polyethylene glycols"
