"","V1","V2","V3","V4","V5","V6","V7","V8","V9","V10","V11","V12","V13","V14","V15","V16","V17","V18","V19","V20","V21","V22","V23","V24","V25","V26","V27","V28","V29","V30","V31","V32","V33","V34","V35","V36","V37","V38","V39","V40","V41","V42","V43","V44","V45","V46","V47","V48","V49","V50","V51","V52","V53","V54","V55","V56","V57","V58","V59","V60","V61","V62","V63","V64","V65","V66","V67","V68","V69","V70","V71","V72","V73","V74","V75","V76","V77","V78","V79","V80","V81","V82","V83","V84","V85","V86","V87","V88","V89","V90","V91","V92","V93","V94","V95","V96","V97","V98","V99","V100","V101","V102","V103","V104","V105","V106","V107","V108","V109","V110","V111","V112","V113","V114","V115","V116","V117","V118","V119","V120","V121","V122","V123","V124","V125","V126","V127","V128","V129","V130","V131","V132","V133","V134","V135","V136"
"1",NA,NA,NA,0.898162143148419,NA,NA,NA,NA,NA,0.847949893890043,0.833143934829658,0.866021280918538,0.664706036371559,NA,NA,0.565331901202001,NA,0.956748350775799,0.685846517864162,0.901774877573092,0.947446473135662,0.576801527487561,NA,NA,0.873607358581306,NA,0.948130229272871,NA,NA,0.565331901202001,0.785459657596776,0.953367558334758,NA,0.780971911730367,0.846404863173626,NA,NA,NA,0.652928056582275,NA,NA,NA,NA,0.739662398509545,NA,NA,NA,NA,NA,0.685846517864162,NA,NA,0.785075206760306,NA,NA,0.535587218564251,0.644880305524076,NA,NA,0.889591277321019,NA,NA,NA,NA,NA,NA,0.535587218564251,NA,NA,0.957705860844114,0.818306938891371,NA,0.855362523264683,NA,NA,NA,NA,NA,NA,NA,0.775246377557292,NA,0.713229693855365,NA,NA,NA,NA,0.936221463672743,NA,NA,0.588364451647127,NA,NA,0.75611651956984,NA,NA,0.565331901202001,NA,NA,0.775133845720259,NA,NA,NA,NA,0.790684607520362,NA,NA,NA,NA,NA,NA,NA,NA,NA,NA,0.79645630184328,NA,0.864235191166014,0.784695832561482,NA,0.91032348316623,NA,NA,NA,NA,NA,NA,0.806749477990582,NA,NA,NA,NA,NA,NA,NA,NA
"2",NA,NA,0.822938787931367,NA,0.978758990545665,0.606637422464718,0.394712589158805,0.660229195669953,NA,NA,NA,NA,NA,NA,NA,NA,0.536886666764316,0.697934410339468,NA,NA,NA,NA,0.852819752330136,NA,0.617363600129712,NA,0.855682731679768,NA,NA,0.505658170818184,NA,NA,NA,NA,0.664706036371559,NA,NA,NA,NA,NA,NA,NA,0.990125581279752,NA,NA,NA,NA,NA,NA,NA,NA,0.642234063910535,NA,0.591815877341064,0.585381171236098,NA,NA,NA,NA,0.417562501318207,NA,NA,NA,NA,NA,NA,NA,NA,0.864235191166014,NA,NA,NA,NA,0.990706741232465,NA,NA,0.731182165243704,NA,NA,NA,NA,NA,NA,0.961775839457011,NA,NA,NA,NA,NA,NA,NA,0.990706741232465,NA,NA,NA,NA,NA,NA,NA,NA,NA,NA,NA,NA,NA,NA,NA,NA,NA,NA,NA,NA,NA,NA,NA,NA,NA,0.448309484923361,NA,NA,NA,NA,NA,NA,NA,NA,NA,NA,NA,NA,0.739662398509545,NA,NA,NA,NA,NA
"3",NA,NA,NA,NA,0.65558121361683,0.477231036360573,0.394085344725481,0.736195383597176,0.491711830208289,0.61482127781028,NA,NA,NA,NA,NA,NA,0.79537532705988,0.757521452278307,0.770031740443787,0.963104115176442,0.955331290338599,NA,0.925783288609612,NA,0.441560120519994,NA,0.732991286838385,0.460005035528796,NA,0.936832367507827,0.389870449324234,NA,0.990125581279752,NA,0.976742065880832,NA,NA,0.465497108591305,0.389870449324234,NA,0.947446473135662,NA,0.844755003382068,0.205545353780272,NA,0.607321233917805,NA,NA,NA,NA,NA,0.744933027757802,NA,0.552171515068535,0.565331901202001,NA,NA,NA,NA,0.4318845688462,0.354364092494715,0.468664807572132,NA,NA,NA,0.417562501318207,NA,NA,0.322268553713325,NA,NA,NA,NA,0.819244402379239,NA,NA,0.885989146615884,0.389870449324234,NA,NA,NA,NA,NA,0.517656725746995,0.906090614638964,NA,0.685846517864162,NA,NA,0.664706036371559,NA,0.948130229272871,0.882692644125688,NA,NA,NA,0.853125156899203,NA,NA,0.668912070848137,NA,NA,NA,NA,NA,NA,NA,NA,NA,NA,NA,0.948130229272871,NA,NA,NA,NA,NA,0.354656879771371,NA,NA,NA,NA,NA,NA,NA,NA,NA,NA,NA,NA,0.873943835149617,0.879675911174106,NA,NA,NA,NA
"4",NA,NA,NA,NA,NA,NA,NA,NA,NA,NA,0.389870449324234,0.535587218564251,NA,0.694929860535665,NA,0.966184144240458,NA,0.585381171236098,NA,0.620996627081493,0.855682731679768,0.950211172816007,NA,NA,0.607321233917805,NA,NA,NA,NA,NA,NA,0.617363600129712,NA,0.988538572179113,0.713229693855365,0.940802648987492,0.98325552061205,NA,0.623419392826266,0.851271846787372,NA,NA,NA,0.87943282419762,NA,NA,NA,NA,NA,0.752743456988079,NA,NA,0.881621537410652,NA,NA,0.775133845720259,0.517656725746995,NA,NA,0.495952585682922,NA,NA,0.554977531087343,0.664706036371559,NA,0.988721469352595,0.522221458939455,NA,NA,0.606637422464718,0.81464106093655,NA,0.685846517864162,NA,NA,NA,NA,NA,NA,NA,NA,NA,0.933123062829746,0.785075206760306,NA,NA,NA,NA,NA,NA,0.660229195669953,NA,0.961775839457011,0.50705248431948,0.909217432517544,NA,NA,NA,NA,NA,NA,NA,NA,NA,0.974528153466904,NA,NA,NA,NA,NA,NA,0.79645630184328,NA,NA,NA,0.982091099503137,0.979617159252226,NA,NA,NA,0.607321233917805,NA,0.402746681758646,NA,NA,0.873607358581306,NA,NA,NA,NA,NA,NA,0.919723114989301,NA,NA,NA
"5",NA,NA,NA,NA,NA,NA,NA,NA,0.222719381234554,0.682968843283766,NA,NA,NA,NA,NA,NA,0.441560120519994,NA,NA,NA,NA,NA,0.822938787931367,NA,NA,NA,NA,0.103691692053429,NA,NA,NA,NA,NA,NA,NA,NA,NA,NA,NA,NA,0.683493269868569,0.422569234381186,NA,0.415999905603563,NA,NA,NA,NA,0.168029091307823,NA,NA,NA,NA,NA,NA,NA,NA,NA,NA,NA,NA,0.13424672546808,0.293677078346895,NA,0.322268553713325,NA,NA,NA,0.524630753567136,NA,0.390523454720854,NA,NA,NA,NA,NA,0.966184144240458,0.631964787432798,NA,NA,NA,NA,NA,NA,0.100336969576368,NA,0.100336969576368,NA,0.402746681758646,0.29309383216686,NA,NA,0.205545353780272,NA,NA,NA,NA,NA,NA,NA,0.588731937880125,NA,NA,NA,NA,0.468664807572132,NA,0.436827216532791,0.312067744052661,NA,NA,NA,0.312067744052661,NA,NA,NA,NA,NA,NA,NA,0.312067744052661,NA,NA,NA,NA,NA,NA,NA,NA,NA,NA,NA,NA,NA,NA,NA
"6",NA,NA,NA,NA,NA,NA,0.753221464158668,0.726631948722044,NA,0.739786894541897,NA,NA,NA,NA,NA,NA,NA,0.607321233917805,0.53467507890886,0.855858256947472,0.818306938891371,NA,0.61482127781028,NA,NA,NA,0.680455039363697,NA,NA,0.469483236804894,NA,NA,0.910724689170351,0.417562501318207,0.350547051514561,NA,0.909753627567941,NA,NA,NA,0.30050055277778,NA,0.60602672437211,NA,NA,NA,NA,NA,NA,NA,NA,0.535587218564251,NA,0.990895631761966,0.948130229272871,NA,NA,0.402746681758646,NA,0.620996627081493,NA,NA,NA,NA,NA,0.616885954026974,NA,NA,0.478610094964221,NA,NA,0.441560120519994,NA,0.61482127781028,0.877238512673201,0.557754910698072,0.791480816078789,NA,NA,NA,0.585381171236098,0.691862789403254,NA,0.94764835855944,NA,NA,NA,0.612770228076718,0.8461693845412,NA,NA,0.460005035528796,NA,NA,NA,NA,NA,NA,NA,0.606637422464718,NA,NA,0.617363600129712,NA,NA,NA,NA,NA,NA,NA,NA,NA,NA,NA,NA,0.814255350970286,NA,NA,NA,NA,NA,NA,NA,NA,NA,NA,NA,0.546342665805546,NA,NA,NA,0.906090614638964,NA,NA,NA,NA
"7",NA,NA,NA,NA,NA,NA,NA,0.905962539315253,NA,NA,NA,NA,NA,NA,0.917053545725685,NA,NA,0.917053545725685,0.585381171236098,0.932815906062083,0.417562501318207,NA,0.932815906062083,0.517239741220204,NA,NA,0.80434476017969,NA,0.879675911174106,0.390848396387479,NA,NA,0.713229693855365,0.684705856398099,NA,NA,NA,NA,0.276864463106825,NA,0.936221463672743,NA,0.521672880993354,0.617363600129712,NA,NA,NA,NA,NA,NA,NA,0.924428188665296,NA,0.785459657596776,NA,0.812709967626959,NA,0.742408882240835,NA,NA,NA,NA,NA,NA,NA,0.218026811092712,0.354364092494715,0.389870449324234,0.660577736772508,NA,0.417562501318207,NA,NA,0.607321233917805,NA,0.417562501318207,0.990125581279752,NA,0.936142240759193,NA,0.496380121970756,NA,NA,NA,NA,NA,NA,0.922909973196939,NA,NA,0.36074609454588,0.441560120519994,NA,0.87943282419762,NA,NA,0.990895631761966,0.423474013726505,NA,NA,NA,0.502265888391517,NA,NA,NA,NA,NA,NA,NA,0.697934410339468,NA,NA,NA,NA,NA,NA,NA,NA,NA,NA,NA,NA,NA,NA,NA,NA,NA,0.441560120519994,NA,0.672635728666017,0.873943835149617,0.692489924099193,NA,NA,0.918720134877095,NA
"8",NA,NA,NA,NA,NA,NA,NA,NA,NA,0.91032348316623,NA,NA,NA,NA,NA,NA,NA,0.989350062017319,NA,0.855682731679768,NA,NA,0.748776781932515,NA,NA,NA,0.780971911730367,NA,NA,0.399273885931786,NA,NA,0.770031740443787,NA,NA,NA,0.689969773283181,NA,NA,NA,0.4318845688462,NA,0.774120824085035,NA,NA,0.779537810302038,NA,NA,NA,NA,NA,0.417562501318207,NA,0.303062828904998,NA,NA,NA,NA,NA,NA,NA,0.793999814705889,NA,NA,0.647655030493801,NA,NA,NA,NA,0.76927644074892,NA,NA,NA,NA,NA,NA,0.682968843283766,NA,0.664706036371559,NA,0.713229693855365,NA,NA,NA,0.368312673730888,NA,0.417562501318207,NA,0.86372160405137,0.452758110004349,NA,0.997640133838769,0.53467507890886,NA,NA,NA,NA,NA,NA,0.678941488229941,NA,NA,NA,NA,NA,NA,NA,NA,NA,0.770732327897505,NA,NA,NA,NA,NA,NA,NA,NA,NA,NA,NA,NA,NA,NA,NA,0.502865231027278,NA,NA,NA,NA,0.871963736990872,NA,NA,NA,0.744933027757802,0.822938787931367
"9",NA,NA,NA,NA,NA,NA,NA,NA,NA,NA,NA,NA,NA,NA,NA,0.417562501318207,0.725892545802441,0.790296816734273,NA,NA,NA,NA,NA,0.703142397133949,NA,0.822938787931367,0.4318845688462,0.441560120519994,0.799693927538717,NA,NA,NA,NA,NA,NA,0.995899270169564,NA,0.533840885096926,NA,NA,NA,0.255066491944489,NA,NA,0.879675911174106,NA,0.844755003382068,0.822938787931367,0.441560120519994,0.783205259513587,0.822938787931367,NA,0.517656725746995,NA,NA,0.888213565306713,NA,NA,NA,NA,0.765916581622883,0.982091099503137,0.980676198563059,NA,0.954849615965008,NA,NA,0.39344803687677,NA,NA,NA,NA,NA,NA,NA,NA,NA,NA,NA,NA,NA,NA,NA,NA,0.879901075267476,NA,0.915629484794157,NA,0.590841008123309,0.963104115176442,NA,NA,0.785459657596776,NA,0.578529469023308,0.79537532705988,0.91032348316623,0.350714779697753,NA,NA,0.682968843283766,0.468664807572132,NA,NA,NA,0.517656725746995,NA,0.948130229272871,0.91032348316623,0.652509180517481,0.591815877341064,NA,0.901774877573092,NA,NA,NA,0.855682731679768,0.775133845720259,NA,NA,0.166055151876358,0.452758110004349,0.374471234025047,NA,0.469599321336265,NA,NA,NA,0.699346143778973,0.649069754858018,NA,NA,NA,NA,NA,NA
"10",NA,NA,NA,NA,NA,NA,NA,NA,NA,NA,0.692489924099193,0.87943282419762,NA,NA,0.852819752330136,NA,0.660577736772508,0.713229693855365,0.98747208901487,0.441560120519994,NA,0.898500130215512,0.98325552061205,NA,0.978028373992142,NA,0.834397256249324,NA,NA,NA,0.87943282419762,NA,0.713229693855365,0.46173088492049,NA,NA,0.711446605806773,0.93805944088008,NA,NA,0.526907648294225,NA,NA,NA,NA,NA,NA,NA,NA,NA,NA,NA,0.442762543143295,0.77492672305169,NA,0.441560120519994,NA,NA,NA,0.876897455404119,NA,0.46384291827376,NA,NA,NA,NA,NA,NA,0.29309383216686,0.452758110004349,NA,0.901774877573092,0.29309383216686,NA,NA,NA,0.809140087255754,0.53467507890886,0.39344803687677,NA,NA,NA,NA,NA,NA,NA,NA,NA,0.761527189714099,NA,NA,0.655096144113414,NA,0.103691692053429,NA,NA,0.502265888391517,NA,NA,0.491711830208289,NA,NA,NA,NA,NA,NA,NA,NA,NA,NA,NA,NA,NA,NA,NA,NA,NA,0.834397256249324,NA,NA,NA,NA,NA,NA,NA,NA,NA,0.947446473135662,0.521672880993354,0.39344803687677,0.947446473135662,0.890531760083001,NA,NA,0.113900893097079,0.389870449324234
"11",NA,NA,NA,NA,NA,NA,NA,NA,NA,NA,NA,0.970482888236069,NA,0.443837204558166,0.435399877620018,0.685846517864162,NA,0.73995538841835,NA,0.588364451647127,0.39344803687677,0.80434476017969,NA,0.660229195669953,0.807892908671266,NA,NA,NA,NA,NA,NA,0.785160149330306,0.747496791567781,0.966184144240458,0.411446094315162,NA,0.967711400012628,0.997640133838769,0.91032348316623,NA,NA,NA,NA,NA,NA,NA,NA,NA,NA,0.441560120519994,NA,NA,0.748776781932515,NA,NA,0.864235191166014,NA,NA,NA,0.835016499136284,NA,NA,0.744933027757802,NA,NA,NA,0.792554657522575,0.441560120519994,NA,0.305168444306949,0.656177654692822,0.481126166460238,0.352039853227746,NA,NA,NA,NA,NA,NA,NA,0.524630753567136,NA,0.941239821518284,NA,NA,NA,NA,0.46384291827376,NA,NA,0.847949893890043,NA,NA,0.697934410339468,NA,0.683988452845828,NA,NA,NA,NA,NA,0.483739376792383,NA,NA,0.87943282419762,NA,NA,0.758910710686061,NA,NA,0.478610094964221,NA,0.870764108289641,NA,NA,0.713229693855365,NA,0.664706036371559,NA,NA,0.710947453729547,NA,NA,NA,NA,NA,NA,NA,NA,NA,NA,NA,NA,NA,NA,NA
"12",NA,NA,NA,NA,NA,NA,NA,NA,NA,NA,NA,NA,NA,NA,0.873943835149617,0.713229693855365,NA,0.961775839457011,0.813263969618448,0.901774877573092,NA,0.652910900281182,NA,NA,0.909217432517544,NA,0.685846517864162,NA,NA,NA,NA,0.441560120519994,0.65558121361683,0.928818554671533,NA,NA,0.909217432517544,NA,0.195202445147649,NA,NA,NA,NA,NA,NA,NA,NA,NA,NA,0.819244402379239,NA,NA,NA,NA,NA,0.770031740443787,NA,NA,NA,0.87943282419762,NA,NA,NA,NA,NA,NA,0.215602366313681,NA,NA,0.340931572455426,0.932815906062083,NA,0.691675011229884,NA,NA,NA,NA,NA,0.417562501318207,NA,0.585381171236098,NA,NA,NA,NA,NA,NA,0.585381171236098,NA,NA,0.205545353780272,NA,NA,0.665507936937716,NA,NA,NA,NA,NA,0.417138854044825,NA,NA,NA,NA,0.785459657596776,NA,NA,NA,NA,NA,NA,NA,NA,NA,NA,NA,NA,0.91032348316623,NA,NA,NA,NA,NA,NA,NA,0.711446605806773,NA,0.792554657522575,0.682968843283766,0.713229693855365,NA,NA,0.79537532705988,NA,0.363723685616451,0.543867570714201
"13",NA,NA,NA,NA,NA,NA,NA,NA,NA,NA,NA,NA,NA,NA,NA,0.822938787931367,NA,0.918363275150544,NA,NA,NA,0.670020664924141,NA,NA,0.87943282419762,NA,0.680894408545755,NA,NA,NA,0.469599321336265,NA,0.788314387308523,NA,NA,NA,NA,NA,NA,NA,NA,NA,NA,NA,NA,NA,NA,NA,NA,NA,NA,NA,0.466728626206178,NA,NA,0.460005035528796,0.39344803687677,NA,NA,0.976749982701527,NA,NA,NA,NA,NA,NA,NA,NA,NA,0.465628719914867,NA,NA,NA,NA,NA,NA,NA,NA,NA,NA,NA,NA,NA,NA,NA,0.713229693855365,NA,NA,NA,NA,NA,NA,NA,NA,NA,NA,NA,NA,NA,0.725892545802441,NA,NA,NA,NA,NA,0.733523275728758,NA,NA,NA,NA,NA,NA,NA,0.91032348316623,NA,NA,NA,0.941482163537471,NA,NA,NA,NA,NA,NA,NA,NA,NA,NA,NA,0.304028396475512,NA,NA,NA,NA,NA,NA
"14",NA,NA,NA,NA,NA,NA,NA,NA,NA,NA,NA,NA,NA,NA,NA,NA,NA,NA,NA,0.585381171236098,0.879413285141397,NA,NA,NA,NA,NA,NA,NA,NA,NA,NA,0.389870449324234,NA,NA,0.99903068366026,NA,NA,NA,NA,0.879901075267476,NA,NA,NA,NA,NA,0.743587500688867,NA,NA,NA,NA,NA,NA,NA,NA,NA,NA,NA,0.87943282419762,NA,NA,NA,NA,0.685846517864162,NA,NA,NA,NA,NA,NA,NA,NA,NA,NA,NA,NA,NA,NA,NA,NA,NA,NA,NA,0.682968843283766,NA,NA,NA,NA,NA,NA,NA,NA,NA,NA,NA,NA,NA,NA,NA,0.714175905330883,NA,NA,NA,NA,NA,NA,NA,NA,NA,NA,NA,NA,NA,NA,NA,NA,NA,NA,NA,NA,NA,NA,NA,NA,NA,NA,NA,NA,NA,NA,NA,NA,NA,NA,NA,NA,NA
"15",NA,NA,NA,NA,NA,NA,NA,NA,NA,NA,NA,NA,NA,NA,NA,NA,NA,0.713229693855365,NA,0.679956019496824,NA,NA,NA,0.435399877620018,0.961775839457011,NA,0.888213565306713,NA,NA,NA,NA,0.644359888294821,0.968841368589611,0.855858256947472,NA,NA,0.79645630184328,0.79537532705988,NA,NA,NA,NA,NA,NA,NA,NA,NA,NA,NA,0.987584916292646,NA,NA,0.844755003382068,0.88773842065638,NA,0.607321233917805,NA,NA,NA,0.941127770021539,0.132769319422568,NA,NA,NA,NA,NA,NA,0.411680544726912,NA,0.692489924099193,NA,NA,0.901774877573092,NA,NA,NA,NA,NA,0.477231036360573,NA,0.713229693855365,NA,NA,NA,NA,NA,NA,NA,NA,NA,NA,0.845574677976679,NA,0.389870449324234,NA,NA,NA,0.691862789403254,NA,0.551379936699609,NA,0.441560120519994,NA,NA,NA,NA,NA,0.645308773184636,NA,NA,NA,NA,NA,NA,NA,NA,NA,0.713229693855365,0.847949893890043,NA,NA,NA,NA,NA,NA,0.660229195669953,NA,0.680894408545755,0.660229195669953,0.441560120519994,0.844755003382068,0.852819752330136,0.660229195669953,NA,0.180128797881425,0.312067744052661
"16",NA,NA,NA,NA,NA,NA,NA,NA,NA,NA,NA,NA,NA,NA,NA,NA,NA,0.997640133838769,NA,NA,0.652928056582275,0.521672880993354,NA,NA,0.864235191166014,NA,NA,0.617363600129712,NA,NA,0.681261677390539,0.990895631761966,NA,NA,NA,NA,NA,0.807892908671266,0.990125581279752,NA,NA,NA,NA,NA,NA,NA,0.61482127781028,NA,NA,0.699131120149002,NA,NA,NA,NA,NA,0.845574677976679,0.506726606414315,NA,NA,0.864235191166014,NA,0.468749495410708,NA,NA,0.775732685449592,NA,0.879675911174106,NA,NA,NA,NA,NA,NA,NA,NA,NA,NA,NA,NA,NA,NA,NA,0.894963159862978,0.4318845688462,0.775133845720259,NA,0.478610094964221,NA,NA,0.585381171236098,0.752743456988079,NA,0.39173379174506,NA,NA,NA,NA,NA,NA,NA,NA,NA,NA,NA,0.591815877341064,NA,NA,0.697471084135209,NA,NA,NA,NA,NA,NA,NA,NA,NA,0.620996627081493,NA,NA,NA,0.915781274172776,NA,NA,NA,NA,NA,NA,NA,NA,NA,NA,NA,NA,NA,NA
"17",NA,NA,NA,NA,NA,NA,NA,NA,NA,NA,NA,NA,NA,NA,NA,NA,NA,NA,0.521672880993354,NA,NA,NA,NA,0.417562501318207,NA,0.606637422464718,NA,0.656177654692822,NA,NA,NA,NA,NA,NA,NA,0.845574677976679,NA,NA,NA,NA,NA,0.417562501318207,NA,NA,0.565331901202001,NA,0.961775839457011,0.61482127781028,0.376997742953944,NA,NA,NA,NA,NA,NA,NA,NA,NA,NA,NA,0.775133845720259,0.606377168364675,0.792040849158596,NA,0.878837111739233,NA,NA,0.390848396387479,NA,NA,NA,NA,NA,NA,NA,NA,NA,NA,NA,NA,NA,NA,NA,NA,0.852819752330136,NA,0.941482163537471,NA,0.51293174670155,0.982091099503137,NA,0.475609515110636,0.87868189546741,NA,0.997611438190654,0.775133845720259,0.973507377504008,NA,NA,0.417562501318207,0.638259972365675,NA,NA,NA,NA,NA,NA,0.617639505113618,0.517656725746995,NA,0.517656725746995,NA,0.521672880993354,NA,NA,NA,0.974568084868334,NA,NA,NA,0.305168444306949,0.961775839457011,NA,NA,NA,NA,NA,NA,NA,NA,0.961775839457011,NA,NA,NA,NA,NA
"18",NA,NA,NA,NA,NA,NA,NA,NA,NA,NA,NA,NA,NA,NA,NA,NA,NA,NA,0.411680544726912,0.961775839457011,NA,0.873607358581306,0.997640133838769,0.4318845688462,0.53467507890886,0.956328257943192,NA,0.685846517864162,0.822938787931367,NA,NA,0.864676782076684,0.955331290338599,0.784360080984397,NA,NA,0.999137652209791,0.466805293748175,NA,NA,NA,NA,0.660229195669953,NA,0.852819752330136,NA,0.852819752330136,0.91032348316623,NA,0.888213565306713,NA,NA,0.980676198563059,0.733523275728758,NA,0.713229693855365,NA,NA,NA,0.689969773283181,0.436827216532791,NA,0.713229693855365,NA,NA,NA,NA,0.435399877620018,NA,0.389870449324234,0.832759274515149,NA,NA,0.829943664846849,NA,NA,NA,NA,NA,NA,0.95406676717157,0.561906598390461,0.894963159862978,NA,NA,NA,NA,0.780971911730367,NA,NA,0.906090614638964,0.924410174740263,NA,0.468664807572132,NA,NA,NA,0.841899584004626,NA,0.441560120519994,0.79241594348757,0.775133845720259,0.685846517864162,NA,0.959305186078669,0.713229693855365,NA,0.915629484794157,0.822938787931367,NA,0.685846517864162,NA,0.713229693855365,0.982091099503137,NA,NA,NA,0.968432693071889,NA,NA,0.607258717232513,NA,NA,NA,NA,NA,NA,NA,0.656177654692822,0.571092214508136,0.892279506958289,0.713229693855365,NA,NA,0.468664807572132,0.441560120519994
"19",NA,NA,NA,NA,NA,NA,NA,NA,NA,NA,NA,NA,NA,NA,NA,NA,NA,NA,NA,0.468664807572132,NA,0.81504412474126,0.620996627081493,NA,0.674229262078348,NA,0.771556533172085,NA,NA,NA,0.606637422464718,NA,0.75919460913203,NA,NA,0.30050055277778,NA,NA,NA,NA,0.355916878341886,NA,NA,NA,NA,NA,NA,NA,NA,NA,NA,0.373294225789302,NA,0.710947453729547,NA,NA,NA,0.75117846846947,NA,0.521672880993354,NA,NA,NA,NA,NA,NA,NA,NA,NA,NA,NA,NA,NA,NA,NA,NA,0.790684607520362,NA,0.478610094964221,NA,NA,NA,NA,NA,NA,NA,NA,NA,0.436827216532791,NA,NA,0.883131701718789,NA,NA,NA,NA,0.774120824085035,NA,NA,0.990895631761966,NA,NA,NA,NA,NA,NA,NA,NA,NA,NA,NA,NA,NA,NA,NA,NA,0.312825011139119,NA,0.879901075267476,NA,NA,NA,NA,NA,NA,NA,NA,0.660577736772508,NA,NA,0.69899420458149,NA,NA,NA,NA,NA
"20",NA,NA,NA,NA,NA,NA,NA,NA,NA,NA,NA,NA,NA,NA,NA,NA,NA,NA,NA,NA,NA,0.844755003382068,0.980676198563059,0.493641926499636,0.460005035528796,0.827741080674339,NA,0.976749982701527,0.79645630184328,NA,NA,0.605049691589003,0.713229693855365,0.93169070710845,NA,NA,0.780971911730367,0.685846517864162,NA,NA,0.879413285141397,NA,NA,NA,0.780971911730367,NA,0.682968843283766,0.97676451738168,NA,0.888213565306713,NA,NA,0.713229693855365,0.748776781932515,NA,0.664706036371559,NA,NA,NA,0.664581293686301,0.656177654692822,NA,0.766513564064922,NA,NA,NA,NA,0.417562501318207,NA,0.417562501318207,NA,NA,NA,0.713229693855365,NA,NA,NA,NA,NA,NA,0.588364451647127,0.400426640111848,0.864235191166014,NA,NA,NA,NA,0.95406676717157,NA,NA,NA,NA,NA,0.606637422464718,NA,NA,NA,0.97676451738168,NA,0.389870449324234,0.468664807572132,0.739662398509545,NA,NA,0.709175849393743,0.577720038167039,NA,0.833917801795273,NA,NA,0.845612751738659,NA,0.990125581279752,NA,NA,NA,NA,0.660577736772508,NA,NA,NA,NA,NA,NA,NA,NA,0.710947453729547,0.713229693855365,0.763118661680312,0.838120551818903,0.466805293748175,0.680455039363697,NA,NA,0.600237850594125,NA
"21",NA,NA,NA,NA,NA,NA,NA,NA,NA,NA,NA,NA,NA,NA,NA,NA,NA,NA,NA,NA,NA,0.845574677976679,0.726631948722044,NA,NA,NA,NA,NA,NA,0.517656725746995,NA,0.606637422464718,NA,NA,0.578529469023308,NA,NA,NA,0.854646651749345,0.516650509698646,NA,NA,NA,0.898162143148419,NA,NA,NA,NA,NA,0.683493269868569,NA,0.988721469352595,NA,0.796065671885061,NA,NA,NA,NA,NA,NA,NA,NA,NA,NA,NA,0.599416547650943,0.996113245776663,NA,0.61482127781028,NA,NA,NA,NA,NA,NA,NA,0.79645630184328,NA,NA,NA,NA,NA,0.682968843283766,0.61482127781028,NA,0.344642459714489,0.468664807572132,NA,NA,NA,0.780971911730367,NA,NA,NA,NA,NA,NA,NA,NA,NA,NA,NA,NA,NA,NA,NA,NA,NA,NA,NA,NA,NA,NA,NA,NA,0.888213565306713,NA,NA,NA,NA,NA,NA,0.304028396475512,NA,NA,NA,NA,NA,NA,NA,NA,NA,NA,NA,NA,NA
"22",NA,NA,NA,NA,NA,NA,NA,NA,NA,NA,NA,NA,NA,NA,NA,NA,NA,NA,NA,NA,NA,NA,NA,NA,0.987584916292646,NA,0.906090614638964,NA,NA,0.441560120519994,0.764958122925006,0.995682518077765,NA,0.997611438190654,0.814255350970286,NA,0.660229195669953,NA,0.713229693855365,NA,NA,NA,NA,NA,NA,NA,NA,NA,0.478610094964221,0.915629484794157,NA,NA,0.468664807572132,NA,NA,0.599416547650943,0.685846517864162,NA,NA,0.961775839457011,NA,NA,NA,NA,NA,0.600237850594125,0.53467507890886,NA,NA,0.844755003382068,NA,NA,0.892279506958289,NA,NA,NA,NA,NA,NA,NA,0.79878316174404,NA,0.901778474550986,NA,NA,NA,NA,0.937800950429528,NA,NA,0.633080304079325,NA,NA,0.441560120519994,NA,NA,NA,NA,NA,0.963104115176442,NA,NA,NA,NA,0.88498940267277,NA,NA,NA,NA,NA,NA,0.435399877620018,NA,NA,NA,0.39344803687677,NA,NA,NA,NA,0.713229693855365,NA,NA,NA,NA,NA,NA,0.91032348316623,NA,NA,NA,NA,NA,NA,NA,NA
"23",NA,NA,NA,NA,NA,NA,NA,NA,NA,NA,NA,NA,NA,NA,NA,NA,NA,NA,NA,NA,NA,NA,NA,NA,0.775732685449592,NA,0.224162988360235,NA,NA,0.713229693855365,NA,NA,0.656177654692822,NA,NA,NA,0.713229693855365,0.503698272080767,NA,NA,0.393537226197037,NA,0.915629484794157,NA,0.652910900281182,NA,NA,NA,NA,NA,NA,0.29309383216686,NA,0.75117846846947,0.441560120519994,NA,NA,NA,NA,0.509984641584564,NA,NA,NA,NA,NA,NA,NA,NA,0.91032348316623,NA,NA,NA,NA,NA,0.588364451647127,0.582514970905307,0.347889061302738,NA,NA,NA,NA,NA,NA,NA,NA,NA,0.551379936699609,NA,0.620996627081493,NA,NA,0.578529469023308,0.417562501318207,NA,NA,NA,0.411446094315162,NA,NA,0.822938787931367,NA,NA,0.493641926499636,NA,NA,NA,NA,NA,NA,0.61482127781028,NA,NA,NA,NA,NA,NA,NA,0.689969773283181,NA,NA,NA,NA,NA,NA,NA,NA,NA,0.46384291827376,NA,NA,0.819244402379239,0.958492803164943,NA,NA,NA,NA
"24",NA,NA,NA,NA,NA,NA,NA,NA,NA,NA,NA,NA,NA,NA,NA,NA,NA,NA,NA,NA,NA,NA,NA,NA,0.354364092494715,0.682968843283766,NA,0.847949893890043,0.753221464158668,NA,NA,0.763863275706308,0.525641262775914,0.61482127781028,NA,NA,NA,0.864676782076684,0.521672880993354,NA,0.47902044282037,NA,NA,NA,0.892279506958289,NA,0.88361795589852,0.932815906062083,0.617363600129712,0.802607991515874,NA,NA,0.685846517864162,NA,NA,0.960248032918625,NA,NA,NA,0.585381171236098,0.790684607520362,NA,0.475609515110636,NA,0.8461693845412,NA,NA,0.713229693855365,NA,NA,NA,NA,NA,NA,NA,NA,NA,NA,NA,NA,0.713229693855365,NA,NA,NA,0.963104115176442,NA,NA,0.819244402379239,NA,0.889591277321019,NA,NA,NA,0.768730989297757,NA,NA,NA,0.511793302845291,NA,NA,0.847949893890043,0.728899670249552,NA,NA,NA,NA,NA,0.990125581279752,0.898162143148419,NA,0.75611651956984,NA,0.990706741232465,NA,NA,NA,NA,0.75762969262158,NA,NA,NA,0.417562501318207,NA,NA,NA,NA,0.689969773283181,NA,0.61482127781028,NA,NA,NA,NA,NA,0.53467507890886,0.703142397133949
"25",NA,NA,NA,NA,NA,NA,NA,NA,NA,NA,NA,NA,NA,NA,NA,NA,NA,NA,NA,NA,NA,NA,NA,NA,NA,0.565331901202001,0.964442005996615,0.521672880993354,0.672871610553449,NA,NA,0.543867570714201,0.617363600129712,0.697383287023188,NA,NA,NA,0.864235191166014,0.642234063910535,NA,0.817059114141606,NA,0.864676782076684,NA,0.436827216532791,NA,0.830658668674987,0.390848396387479,NA,0.791480816078789,NA,NA,0.606377168364675,0.780971911730367,NA,0.389870449324234,NA,NA,NA,0.86372160405137,NA,NA,NA,NA,NA,NA,0.835194483195285,0.40923724557975,NA,0.332083071092084,NA,NA,0.305168444306949,0.585381171236098,NA,NA,0.834397256249324,NA,NA,NA,0.443837204558166,0.664581293686301,NA,NA,NA,NA,NA,0.775133845720259,NA,NA,0.79878316174404,0.941482163537471,NA,0.376997742953944,NA,NA,NA,0.865702724239598,NA,0.460005035528796,NA,0.535587218564251,0.606637422464718,NA,NA,NA,NA,0.585381171236098,NA,NA,0.551379936699609,NA,0.436827216532791,0.780971911730367,NA,NA,NA,0.793999814705889,NA,NA,NA,NA,NA,NA,NA,NA,NA,0.779537810302038,0.452758110004349,0.350714779697753,0.61482127781028,0.441560120519994,NA,NA,0.106030906687083,0.368312673730888
"26",NA,NA,NA,NA,NA,NA,NA,NA,NA,NA,NA,NA,NA,NA,NA,NA,NA,NA,NA,NA,NA,NA,NA,NA,NA,NA,NA,0.761527189714099,0.91032348316623,NA,NA,NA,0.745976496999977,0.941482163537471,NA,NA,NA,0.960398678514583,NA,NA,NA,0.374471234025047,NA,NA,0.879675911174106,NA,0.785075206760306,0.810283981191632,0.435399877620018,NA,NA,NA,0.655096144113414,NA,NA,0.78776044745375,NA,NA,NA,0.660229195669953,0.852819752330136,NA,0.990125581279752,NA,NA,NA,NA,0.844755003382068,NA,NA,NA,NA,NA,0.792388275936795,NA,NA,NA,NA,NA,NA,0.965212348142608,NA,NA,0.65558121361683,0.819244402379239,NA,NA,0.794235838058206,NA,NA,NA,NA,NA,NA,NA,NA,NA,0.844755003382068,NA,NA,0.660229195669953,0.660229195669953,NA,NA,NA,NA,NA,0.75117846846947,0.571092214508136,NA,0.468664807572132,0.585381171236098,0.606637422464718,0.617363600129712,NA,NA,NA,NA,NA,0.69899420458149,NA,0.697934410339468,NA,NA,NA,NA,NA,NA,NA,NA,NA,NA,NA,NA,NA,NA
"27",NA,NA,NA,NA,NA,NA,NA,NA,NA,NA,NA,NA,NA,NA,NA,NA,NA,NA,NA,NA,NA,NA,NA,NA,NA,NA,NA,NA,NA,NA,0.65558121361683,NA,0.806145628135357,NA,NA,NA,NA,NA,NA,NA,0.61482127781028,NA,NA,NA,NA,0.61482127781028,NA,NA,NA,NA,NA,0.411680544726912,NA,0.685846517864162,0.347889061302738,NA,NA,0.985921784181612,NA,0.937629905802554,NA,0.713229693855365,NA,NA,NA,NA,NA,NA,NA,0.665076668951974,NA,NA,0.780971911730367,NA,NA,NA,0.521672880993354,NA,0.752743456988079,NA,NA,NA,NA,NA,NA,NA,0.718595259652232,NA,NA,NA,NA,0.75919460913203,NA,NA,NA,NA,0.65558121361683,NA,NA,0.909753627567941,NA,NA,NA,NA,NA,NA,NA,NA,NA,0.725892545802441,NA,NA,NA,NA,NA,NA,NA,0.963104115176442,0.53467507890886,NA,NA,NA,NA,NA,NA,NA,0.739662398509545,0.864210748667055,NA,NA,0.829422241704609,0.802607991515874,NA,NA,0.966184144240458,NA
"28",NA,NA,NA,NA,NA,NA,NA,NA,NA,NA,NA,NA,NA,NA,NA,NA,NA,NA,NA,NA,NA,NA,NA,NA,NA,NA,NA,NA,0.832759274515149,NA,NA,NA,NA,0.788711316865577,NA,0.769645669699608,NA,0.47902044282037,NA,NA,NA,0.100336969576368,NA,NA,0.72266595629386,NA,0.819244402379239,0.652910900281182,0.347889061302738,0.682968843283766,0.873943835149617,NA,0.770031740443787,NA,NA,0.886163210811765,NA,NA,NA,0.61482127781028,0.844755003382068,0.855230661865561,0.760465183071901,NA,0.88773842065638,NA,NA,0.61482127781028,NA,NA,NA,NA,NA,NA,NA,NA,NA,NA,NA,NA,NA,NA,NA,NA,0.656177654692822,NA,0.901774877573092,NA,0.411680544726912,0.864235191166014,NA,NA,0.822938787931367,0.779537810302038,0.888213565306713,0.718595259652232,NA,0.441560120519994,NA,NA,0.946034248647991,0.655458030344576,NA,NA,NA,0.492244733278898,NA,0.65558121361683,0.990706741232465,NA,0.75117846846947,NA,0.61482127781028,NA,NA,NA,0.91032348316623,0.639419302347397,NA,NA,0.354364092494715,0.886163210811765,NA,NA,0.505658170818184,NA,NA,NA,0.976344180931796,0.696787507963362,NA,NA,NA,NA,NA,NA
"29",NA,NA,NA,NA,NA,NA,NA,NA,NA,NA,NA,NA,NA,NA,NA,NA,NA,NA,NA,NA,NA,NA,NA,NA,NA,NA,NA,NA,NA,NA,NA,NA,0.892188826544638,0.873943835149617,NA,NA,NA,0.892279506958289,NA,NA,NA,NA,NA,NA,0.961775839457011,NA,0.822938787931367,0.959305186078669,NA,NA,NA,NA,0.860745366002296,NA,NA,0.91032348316623,NA,NA,NA,0.936221463672743,0.655096144113414,NA,0.441560120519994,NA,NA,NA,NA,0.664706036371559,0.606637422464718,NA,NA,NA,NA,0.906090614638964,NA,NA,NA,0.606637422464718,NA,NA,0.87943282419762,0.696787507963362,NA,0.978028373992142,NA,NA,NA,0.961775839457011,NA,NA,NA,NA,NA,NA,NA,NA,NA,0.865090452579856,NA,NA,0.844496215178203,0.864210748667055,0.822938787931367,NA,NA,NA,NA,0.979617159252226,0.98325552061205,NA,0.607258717232513,0.91032348316623,0.851210360123538,NA,NA,NA,NA,0.91032348316623,NA,NA,NA,NA,NA,NA,NA,NA,NA,NA,0.819244402379239,NA,NA,NA,NA,NA,NA,NA
"30",NA,NA,NA,NA,NA,NA,NA,NA,NA,NA,NA,NA,NA,NA,NA,NA,NA,NA,NA,NA,NA,NA,NA,NA,NA,NA,NA,NA,NA,NA,NA,NA,NA,NA,0.729522603873547,NA,NA,NA,0.53467507890886,NA,NA,NA,0.844755003382068,0.664706036371559,NA,NA,NA,NA,NA,NA,NA,0.347889061302738,NA,0.605049691589003,NA,NA,NA,NA,NA,NA,NA,NA,NA,NA,NA,0.39344803687677,0.617363600129712,NA,0.88773842065638,NA,NA,NA,NA,0.65558121361683,0.835194483195285,0.963294675251837,0.844852827310738,NA,NA,NA,NA,0.92350709393444,NA,0.941127770021539,NA,NA,NA,NA,NA,NA,0.411680544726912,NA,NA,NA,NA,NA,NA,NA,NA,NA,NA,NA,0.87943282419762,NA,NA,NA,NA,NA,NA,NA,NA,0.539287190994681,NA,NA,NA,NA,NA,NA,NA,NA,NA,NA,NA,NA,NA,NA,NA,NA,NA,NA,NA,NA,NA,0.481126166460238,NA,NA
"31",NA,NA,NA,NA,NA,NA,NA,NA,NA,NA,NA,NA,NA,NA,NA,NA,NA,NA,NA,NA,NA,NA,NA,NA,NA,NA,NA,NA,NA,NA,NA,NA,NA,NA,NA,NA,NA,NA,NA,NA,NA,NA,NA,NA,NA,NA,NA,NA,NA,NA,NA,NA,NA,NA,NA,NA,0.887662006019172,NA,NA,NA,0.739662398509545,NA,NA,NA,NA,NA,NA,NA,NA,NA,NA,NA,0.680894408545755,NA,NA,NA,NA,NA,NA,NA,NA,NA,NA,NA,NA,NA,NA,NA,NA,NA,NA,NA,NA,NA,NA,NA,NA,NA,NA,NA,NA,NA,NA,NA,NA,NA,NA,NA,NA,NA,NA,NA,NA,NA,NA,NA,NA,NA,NA,NA,NA,NA,NA,NA,NA,NA,NA,NA,NA,NA,NA,NA,NA,NA,NA,NA
"32",NA,NA,NA,NA,NA,NA,NA,NA,NA,NA,NA,NA,NA,NA,NA,NA,NA,NA,NA,NA,NA,NA,NA,NA,NA,NA,NA,NA,NA,NA,NA,NA,0.966184144240458,0.660229195669953,0.460005035528796,0.87943282419762,0.799693927538717,NA,NA,NA,NA,NA,NA,NA,NA,NA,NA,NA,NA,0.873607358581306,NA,NA,0.852819752330136,NA,NA,0.682968843283766,0.552380700148116,0.682968843283766,NA,0.664581293686301,NA,NA,0.94764835855944,0.756857679491758,NA,NA,NA,0.436827216532791,NA,0.417562501318207,0.466805293748175,0.974902315014928,0.417562501318207,NA,NA,NA,NA,NA,NA,NA,0.552988232954625,NA,0.852819752330136,NA,NA,NA,NA,0.39344803687677,NA,NA,NA,NA,NA,0.835194483195285,0.565331901202001,0.568063046435946,NA,0.605049691589003,NA,NA,NA,0.660229195669953,NA,NA,0.785459657596776,0.736195383597176,NA,0.894114352427675,NA,NA,0.400426640111848,NA,NA,NA,NA,NA,0.892279506958289,NA,NA,NA,0.91032348316623,NA,NA,NA,NA,NA,0.617363600129712,0.417562501318207,NA,NA,NA,NA,NA,NA,0.686441287173899,NA
"33",NA,NA,NA,NA,NA,NA,NA,NA,NA,NA,NA,NA,NA,NA,NA,NA,NA,NA,NA,NA,NA,NA,NA,NA,NA,NA,NA,NA,NA,NA,NA,NA,NA,0.966184144240458,NA,NA,0.98325552061205,0.805264961152652,NA,NA,NA,NA,NA,NA,0.685846517864162,NA,NA,0.731181181072816,NA,NA,NA,0.997640133838769,0.932002912998854,0.888213565306713,NA,0.664706036371559,NA,0.937629905802554,NA,0.775133845720259,NA,NA,NA,NA,NA,NA,NA,0.215602366313681,NA,0.444716080110617,0.713229693855365,0.864235191166014,0.392232271160524,0.40923724557975,0.639419302347397,0.29309383216686,0.948130229272871,NA,0.423474013726505,NA,0.88361795589852,0.312067744052661,NA,NA,NA,NA,NA,0.91032348316623,NA,NA,NA,0.997640133838769,NA,0.350714779697753,NA,NA,NA,0.441560120519994,NA,0.417562501318207,NA,0.212843200454969,NA,NA,NA,NA,NA,0.915629484794157,NA,NA,0.293677078346895,NA,NA,NA,NA,NA,NA,0.917173690598163,NA,NA,NA,NA,NA,NA,NA,0.441560120519994,0.855858256947472,0.775133845720259,0.441560120519994,0.660577736772508,0.845574677976679,0.764958122925006,0.533840885096926,NA,0.205545353780272,0.305168444306949
"34",NA,NA,NA,NA,NA,NA,NA,NA,NA,NA,NA,NA,NA,NA,NA,NA,NA,NA,NA,NA,NA,NA,NA,NA,NA,NA,NA,NA,NA,NA,NA,NA,NA,NA,NA,0.816712226141811,0.809664547232275,0.950211172816007,NA,NA,NA,0.436827216532791,NA,NA,0.966184144240458,NA,0.964442005996615,0.945375993748485,0.343252120929292,0.664706036371559,NA,NA,0.973726947804494,NA,NA,0.933123062829746,NA,0.966184144240458,NA,0.971698688438999,NA,NA,0.954225873750744,NA,NA,NA,NA,0.389870449324234,NA,0.539287190994681,0.795006560693158,NA,0.441560120519994,NA,NA,NA,NA,NA,NA,NA,0.987584916292646,NA,0.948130229272871,NA,NA,NA,NA,0.87943282419762,NA,NA,NA,0.832440014922457,NA,0.748776781932515,0.65558121361683,0.65558121361683,NA,0.752743456988079,NA,NA,0.674229262078348,0.591815877341064,NA,NA,0.710947453729547,0.864210748667055,NA,0.852819752330136,0.760835734678762,NA,0.652910900281182,NA,0.775133845720259,NA,NA,NA,NA,0.764958122925006,NA,NA,0.917053545725685,NA,NA,NA,NA,NA,0.436827216532791,0.628991485499759,0.817059114141606,NA,NA,NA,NA,NA,NA,NA
"35",NA,NA,NA,NA,NA,NA,NA,NA,NA,NA,NA,NA,NA,NA,NA,NA,NA,NA,NA,NA,NA,NA,NA,NA,NA,NA,NA,NA,NA,NA,NA,NA,NA,NA,NA,0.974528153466904,NA,NA,0.965948716183801,0.941482163537471,NA,NA,0.535587218564251,0.703142397133949,NA,NA,NA,NA,NA,0.69899420458149,NA,0.88773842065638,NA,0.686441287173899,NA,NA,NA,NA,NA,NA,NA,NA,0.532906202124087,NA,NA,0.552380700148116,0.807892908671266,NA,0.441560120519994,0.508852471765355,NA,NA,0.585381171236098,NA,NA,NA,0.697934410339468,0.417562501318207,NA,NA,NA,NA,NA,0.39344803687677,NA,NA,NA,NA,NA,NA,0.617363600129712,NA,NA,NA,NA,0.847949893890043,NA,NA,NA,NA,NA,NA,NA,NA,NA,NA,NA,NA,NA,NA,NA,0.61482127781028,NA,NA,NA,0.993480821248992,0.950211172816007,NA,NA,NA,NA,NA,NA,NA,NA,NA,NA,NA,NA,NA,NA,NA,0.731182165243704,NA,NA,NA
"36",NA,NA,NA,NA,NA,NA,NA,NA,NA,NA,NA,NA,NA,NA,NA,NA,NA,NA,NA,NA,NA,NA,NA,NA,NA,NA,NA,NA,NA,NA,NA,NA,NA,NA,NA,NA,NA,NA,NA,NA,NA,0.483739376792383,NA,NA,NA,NA,NA,NA,NA,0.389870449324234,NA,NA,NA,NA,NA,NA,NA,NA,NA,NA,0.739662398509545,0.888007000857499,0.729047610455779,NA,NA,NA,NA,NA,NA,NA,0.685846517864162,NA,NA,NA,NA,NA,NA,NA,NA,NA,NA,NA,NA,NA,0.954503264807932,NA,0.879901075267476,NA,NA,0.809140087255754,NA,NA,0.775133845720259,NA,0.987584916292646,0.53467507890886,NA,NA,NA,NA,NA,NA,NA,NA,0.660229195669953,0.87868189546741,NA,NA,0.879413285141397,NA,NA,NA,0.656177654692822,NA,NA,NA,0.304028396475512,NA,NA,NA,0.692287340728715,NA,NA,NA,NA,NA,NA,NA,NA,NA,NA,NA,0.417562501318207,NA,NA,NA
"37",NA,NA,NA,NA,NA,NA,NA,NA,NA,NA,NA,NA,NA,NA,NA,NA,NA,NA,NA,NA,NA,NA,NA,NA,NA,NA,NA,NA,NA,NA,NA,NA,NA,NA,NA,NA,NA,0.304028396475512,NA,NA,NA,NA,NA,NA,NA,NA,NA,NA,NA,0.941482163537471,NA,NA,NA,0.855507766798952,NA,0.956748350775799,NA,NA,NA,NA,NA,NA,NA,NA,NA,NA,NA,NA,NA,0.225886122040633,0.988721469352595,0.648396692956076,0.347889061302738,NA,NA,NA,0.771556533172085,NA,0.652928056582275,NA,0.936221463672743,NA,NA,NA,NA,NA,NA,0.947082933948888,NA,NA,NA,NA,NA,0.546342665805546,NA,NA,NA,NA,NA,0.508852471765355,NA,NA,NA,NA,NA,NA,NA,NA,NA,NA,0.625464961857455,NA,NA,NA,NA,NA,NA,NA,NA,NA,0.822938787931367,NA,NA,NA,NA,0.435399877620018,NA,0.968405117749359,0.91032348316623,0.79645630184328,NA,NA,0.567122125165933,NA,0.417562501318207,0.441560120519994
"38",NA,NA,NA,NA,NA,NA,NA,NA,NA,NA,NA,NA,NA,NA,NA,NA,NA,NA,NA,NA,NA,NA,NA,NA,NA,NA,NA,NA,NA,NA,NA,NA,NA,NA,NA,NA,NA,NA,NA,NA,NA,NA,NA,NA,0.656177654692822,NA,0.881024164372424,0.822938787931367,NA,0.941127770021539,NA,NA,0.713229693855365,NA,NA,0.98747208901487,NA,NA,NA,0.697934410339468,NA,NA,NA,NA,0.660229195669953,NA,NA,0.88361795589852,0.955331290338599,NA,NA,NA,NA,0.990706741232465,NA,NA,0.390848396387479,NA,NA,NA,0.79645630184328,NA,NA,NA,0.417562501318207,NA,NA,0.477231036360573,NA,0.179006494186576,0.775246377557292,NA,0.39344803687677,0.535587218564251,NA,NA,NA,0.607321233917805,0.982984426830223,NA,0.887662006019172,0.947446473135662,NA,NA,NA,NA,NA,0.624301049373974,0.966184144240458,NA,0.990125581279752,NA,0.61482127781028,NA,NA,NA,NA,0.981558672754885,NA,NA,NA,0.775133845720259,NA,NA,NA,NA,NA,NA,NA,NA,NA,0.654367878649451,NA,NA,NA,NA
"39",NA,NA,NA,NA,NA,NA,NA,NA,NA,NA,NA,NA,NA,NA,NA,NA,NA,NA,NA,NA,NA,NA,NA,NA,NA,NA,NA,NA,NA,NA,NA,NA,NA,NA,NA,NA,NA,NA,NA,NA,NA,NA,NA,0.517656725746995,NA,NA,NA,NA,NA,0.713229693855365,NA,NA,NA,NA,NA,NA,NA,NA,NA,NA,NA,NA,NA,NA,NA,0.596700104481514,0.477680174414429,NA,NA,0.468664807572132,NA,NA,NA,NA,NA,NA,NA,NA,NA,NA,NA,NA,NA,0.796065671885061,NA,NA,NA,NA,NA,NA,0.452758110004349,NA,NA,NA,NA,NA,NA,NA,NA,NA,NA,NA,NA,NA,NA,NA,NA,NA,NA,NA,NA,0.845574677976679,NA,NA,NA,NA,NA,NA,NA,0.904843642856355,NA,NA,NA,NA,NA,NA,NA,NA,NA,NA,NA,NA,NA,NA,NA,NA
"40",NA,NA,NA,NA,NA,NA,NA,NA,NA,NA,NA,NA,NA,NA,NA,NA,NA,NA,NA,NA,NA,NA,NA,NA,NA,NA,NA,NA,NA,NA,NA,NA,NA,NA,NA,NA,NA,NA,NA,NA,NA,NA,NA,0.775133845720259,NA,NA,NA,0.61482127781028,NA,NA,NA,NA,NA,NA,NA,NA,NA,NA,NA,NA,NA,NA,NA,NA,NA,NA,NA,NA,NA,NA,NA,NA,NA,NA,NA,NA,NA,NA,NA,NA,NA,NA,NA,0.827741080674339,NA,NA,NA,NA,NA,NA,0.847949893890043,NA,NA,NA,NA,NA,NA,NA,0.683988452845828,NA,NA,NA,NA,NA,NA,NA,NA,NA,NA,NA,NA,0.591815877341064,NA,NA,NA,NA,NA,NA,NA,NA,NA,NA,NA,NA,NA,NA,NA,NA,NA,NA,NA,NA,NA,NA,NA,NA
"41",NA,NA,NA,NA,NA,NA,NA,NA,NA,NA,NA,NA,NA,NA,NA,NA,NA,NA,NA,NA,NA,NA,NA,NA,NA,NA,NA,NA,NA,NA,NA,NA,NA,NA,NA,NA,NA,NA,NA,NA,NA,NA,NA,NA,NA,NA,0.66053096840299,NA,NA,NA,NA,0.685846517864162,NA,0.312067744052661,NA,NA,NA,NA,NA,0.864235191166014,NA,NA,NA,NA,NA,NA,NA,NA,NA,NA,NA,NA,NA,NA,NA,NA,0.441560120519994,0.751038459322218,NA,NA,NA,NA,NA,NA,NA,NA,NA,NA,NA,NA,NA,0.87943282419762,NA,NA,NA,NA,0.294419862337284,NA,NA,NA,NA,NA,NA,NA,NA,NA,NA,NA,NA,NA,NA,NA,NA,NA,NA,NA,NA,0.870764108289641,NA,NA,NA,NA,NA,NA,NA,NA,NA,0.678941488229941,NA,NA,0.963104115176442,0.990706741232465,NA,NA,NA,NA
"42",NA,NA,NA,NA,NA,NA,NA,NA,NA,NA,NA,NA,NA,NA,NA,NA,NA,NA,NA,NA,NA,NA,NA,NA,NA,NA,NA,NA,NA,NA,NA,NA,NA,NA,NA,NA,NA,NA,NA,NA,NA,NA,NA,NA,0.61482127781028,NA,0.222719381234554,0.435399877620018,0.390848396387479,0.29309383216686,NA,NA,NA,NA,NA,NA,NA,NA,NA,NA,NA,0.205545353780272,0.417562501318207,NA,0.50705248431948,NA,NA,NA,NA,NA,NA,NA,NA,NA,NA,NA,NA,NA,NA,NA,NA,NA,NA,NA,0.168029091307823,NA,0.441560120519994,NA,NA,0.394712589158805,NA,NA,0.315668128980827,NA,NA,NA,NA,NA,NA,NA,0.389870449324234,NA,NA,NA,NA,NA,NA,0.106030906687083,0.13424672546808,NA,NA,NA,0.100336969576368,NA,NA,NA,NA,NA,NA,NA,0.276864463106825,0.350714779697753,NA,NA,NA,NA,NA,NA,NA,NA,NA,NA,NA,NA,NA,NA
"43",NA,NA,NA,NA,NA,NA,NA,NA,NA,NA,NA,NA,NA,NA,NA,NA,NA,NA,NA,NA,NA,NA,NA,NA,NA,NA,NA,NA,NA,NA,NA,NA,NA,NA,NA,NA,NA,NA,NA,NA,NA,NA,NA,NA,NA,NA,NA,0.665959034217629,NA,NA,NA,0.796065671885061,NA,0.685846517864162,NA,NA,NA,NA,NA,0.605049691589003,NA,NA,NA,NA,NA,NA,NA,NA,0.87943282419762,NA,NA,NA,NA,0.870740167797724,NA,0.866021280918538,0.9876000324268,0.788314387308523,NA,NA,NA,NA,NA,0.961775839457011,NA,NA,NA,NA,NA,NA,NA,NA,NA,NA,NA,NA,NA,NA,NA,NA,NA,NA,0.959305186078669,NA,NA,NA,NA,NA,NA,NA,NA,0.452758110004349,NA,NA,NA,NA,NA,0.607321233917805,NA,NA,NA,NA,NA,NA,NA,NA,NA,0.205545353780272,NA,NA,NA,NA,NA,NA,NA,NA
"44",NA,NA,NA,NA,NA,NA,NA,NA,NA,NA,NA,NA,NA,NA,NA,NA,NA,NA,NA,NA,NA,NA,NA,NA,NA,NA,NA,NA,NA,NA,NA,NA,NA,NA,NA,NA,NA,NA,NA,NA,NA,NA,NA,NA,NA,NA,NA,NA,NA,NA,0.407140856889968,NA,NA,NA,NA,NA,NA,NA,NA,NA,NA,NA,NA,0.775133845720259,NA,NA,NA,NA,0.605049691589003,NA,NA,NA,NA,0.852819752330136,NA,NA,NA,0.350714779697753,NA,NA,NA,NA,NA,0.990125581279752,NA,NA,0.103691692053429,NA,NA,0.180128797881425,NA,NA,0.39173379174506,NA,NA,NA,NA,NA,0.625111106348303,NA,NA,NA,NA,NA,NA,NA,NA,NA,NA,NA,NA,0.664706036371559,NA,NA,NA,NA,NA,NA,NA,0.517656725746995,NA,NA,NA,NA,NA,NA,NA,NA,NA,NA,NA,NA,NA,NA,NA,NA
"45",NA,NA,NA,NA,NA,NA,NA,NA,NA,NA,NA,NA,NA,NA,NA,NA,NA,NA,NA,NA,NA,NA,NA,NA,NA,NA,NA,NA,NA,NA,NA,NA,NA,NA,NA,NA,NA,NA,NA,NA,NA,NA,NA,NA,NA,NA,0.982091099503137,0.812083239422214,0.347889061302738,NA,NA,NA,0.864676782076684,NA,NA,0.908180608137511,NA,NA,NA,0.468664807572132,0.744933027757802,NA,0.785075206760306,NA,NA,NA,NA,0.946034248647991,0.417138854044825,NA,NA,NA,NA,0.697383287023188,NA,NA,NA,0.411680544726912,NA,NA,0.915629484794157,0.713229693855365,NA,NA,NA,NA,NA,0.793999814705889,NA,NA,NA,NA,NA,NA,NA,NA,NA,0.713229693855365,NA,NA,0.917053545725685,0.780971911730367,0.806749477990582,NA,NA,NA,NA,0.809018388327933,0.847949893890043,NA,0.676502007535172,NA,0.656661809152237,NA,NA,NA,NA,0.570305631556248,NA,NA,NA,0.923735658543108,NA,NA,NA,NA,NA,NA,0.915629484794157,0.521672880993354,NA,0.521672880993354,NA,NA,NA,NA
"46",NA,NA,NA,NA,NA,NA,NA,NA,NA,NA,NA,NA,NA,NA,NA,NA,NA,NA,NA,NA,NA,NA,NA,NA,NA,NA,NA,NA,NA,NA,NA,NA,NA,NA,NA,NA,NA,NA,NA,NA,NA,NA,NA,NA,NA,NA,NA,NA,NA,NA,NA,NA,NA,NA,NA,NA,NA,NA,NA,NA,NA,0.368166425337368,NA,NA,NA,0.856917379306949,NA,NA,0.535587218564251,NA,NA,NA,NA,NA,NA,NA,NA,0.517656725746995,NA,NA,NA,NA,NA,NA,0.792554657522575,NA,0.955331290338599,NA,0.847949893890043,0.966184144240458,NA,NA,NA,NA,NA,NA,0.764958122925006,NA,NA,NA,NA,NA,NA,NA,NA,NA,NA,NA,NA,NA,NA,NA,NA,NA,NA,NA,NA,NA,NA,NA,NA,NA,NA,NA,NA,NA,NA,NA,NA,NA,0.491711830208289,0.559500451799296,NA,NA,NA,NA
"47",NA,NA,NA,NA,NA,NA,NA,NA,NA,NA,NA,NA,NA,NA,NA,NA,NA,NA,NA,NA,NA,NA,NA,NA,NA,NA,NA,NA,NA,NA,NA,NA,NA,NA,NA,NA,NA,NA,NA,NA,NA,NA,NA,NA,NA,NA,NA,0.888213565306713,0.417562501318207,0.982091099503137,NA,NA,0.958907961502299,NA,NA,0.87943282419762,NA,NA,NA,0.775133845720259,0.773654348260662,0.694929860535665,0.517656725746995,NA,0.864235191166014,NA,NA,0.713229693855365,NA,NA,0.578529469023308,NA,NA,NA,NA,NA,NA,NA,NA,NA,0.985644976775048,NA,0.799693927538717,NA,0.780971911730367,NA,0.922488089499834,0.822938787931367,NA,0.892676202266843,NA,NA,0.822938787931367,NA,NA,0.775817829097198,NA,0.866021280918538,NA,NA,0.75474195899142,0.881778199505414,NA,NA,NA,0.443837204558166,NA,0.79519485264156,0.932815906062083,NA,0.924410174740263,NA,0.873943835149617,NA,NA,NA,NA,0.725892545802441,NA,NA,0.305168444306949,0.948130229272871,NA,NA,NA,NA,NA,NA,0.761527189714099,0.997640133838769,NA,NA,NA,NA,NA,NA
"48",NA,NA,NA,NA,NA,NA,NA,NA,NA,NA,NA,NA,NA,NA,NA,NA,NA,NA,NA,NA,NA,NA,NA,NA,NA,NA,NA,NA,NA,NA,NA,NA,NA,NA,NA,NA,NA,NA,NA,NA,NA,NA,NA,NA,NA,NA,NA,NA,0.460005035528796,NA,NA,NA,0.780971911730367,NA,NA,0.8461693845412,NA,NA,NA,0.751038459322218,0.927823429845831,0.822938787931367,0.856917379306949,NA,0.944579833024957,NA,NA,0.989350062017319,0.374471234025047,NA,NA,NA,NA,0.827741080674339,0.819244402379239,NA,NA,0.526907648294225,NA,NA,0.65558121361683,0.748776781932515,NA,0.955331290338599,0.775133845720259,NA,NA,0.682968843283766,NA,0.58978740092552,NA,NA,NA,NA,0.444403483386905,NA,NA,0.990706741232465,0.656177654692822,NA,0.443837204558166,0.844755003382068,0.844755003382068,NA,NA,NA,NA,0.871963736990872,0.932002912998854,NA,0.915781274172776,0.685846517864162,0.941127770021539,NA,NA,NA,NA,0.665959034217629,NA,NA,0.305168444306949,0.91032348316623,NA,NA,NA,NA,NA,NA,0.664706036371559,NA,NA,0.877605761330932,NA,NA,NA,NA
"49",NA,NA,NA,NA,NA,NA,NA,NA,NA,NA,NA,NA,NA,NA,NA,NA,NA,NA,NA,NA,NA,NA,NA,NA,NA,NA,NA,NA,NA,NA,NA,NA,NA,NA,NA,NA,NA,NA,NA,NA,NA,NA,NA,NA,NA,NA,NA,NA,NA,0.417562501318207,0.47902044282037,NA,NA,NA,NA,NA,NA,NA,NA,NA,NA,0.533840885096926,0.477231036360573,0.468664807572132,NA,NA,NA,NA,NA,NA,NA,NA,NA,NA,NA,NA,NA,NA,NA,NA,NA,NA,NA,NA,0.347889061302738,NA,0.417562501318207,NA,NA,0.606637422464718,NA,NA,0.400426640111848,NA,0.46384291827376,NA,NA,NA,NA,NA,0.440239879525998,NA,NA,NA,NA,NA,NA,0.205545353780272,0.180128797881425,NA,0.522221458939455,NA,0.441560120519994,NA,0.699346143778973,NA,NA,NA,NA,NA,0.222719381234554,0.305168444306949,NA,NA,NA,NA,NA,NA,NA,NA,NA,NA,NA,NA,NA,NA
"50",NA,NA,NA,NA,NA,NA,NA,NA,NA,NA,NA,NA,NA,NA,NA,NA,NA,NA,NA,NA,NA,NA,NA,NA,NA,NA,NA,NA,NA,NA,NA,NA,NA,NA,NA,NA,NA,NA,NA,NA,NA,NA,NA,NA,NA,NA,NA,NA,NA,NA,NA,NA,0.75117846846947,NA,NA,0.974528153466904,NA,NA,NA,0.711059631733062,NA,NA,0.987584916292646,NA,NA,NA,0.980676198563059,0.770732327897505,NA,0.535587218564251,0.691862789403254,NA,NA,NA,NA,NA,NA,NA,NA,NA,0.83338057950385,NA,0.87943282419762,0.713229693855365,0.973507377504008,NA,0.845574677976679,0.600237850594125,NA,NA,0.760465183071901,NA,0.843648711793256,0.65558121361683,0.980676198563059,NA,NA,0.864210748667055,NA,NA,0.838657677788378,0.752743456988079,NA,NA,0.847949893890043,0.990125581279752,NA,0.790759728024317,0.685846517864162,NA,0.731958944133542,0.748776781932515,0.877953906645903,NA,NA,NA,0.417562501318207,0.915629484794157,NA,NA,0.775133845720259,0.521672880993354,NA,NA,NA,NA,NA,NA,NA,NA,NA,NA,NA,NA,NA,NA
"51",NA,NA,NA,NA,NA,NA,NA,NA,NA,NA,NA,NA,NA,NA,NA,NA,NA,NA,NA,NA,NA,NA,NA,NA,NA,NA,NA,NA,NA,NA,NA,NA,NA,NA,NA,NA,NA,NA,NA,NA,NA,NA,NA,NA,NA,NA,NA,NA,NA,NA,NA,NA,NA,NA,NA,0.598119362111782,NA,NA,NA,NA,NA,NA,0.452758110004349,NA,0.725892545802441,NA,NA,NA,NA,NA,NA,NA,NA,NA,NA,NA,NA,NA,NA,0.320970563176916,NA,NA,0.482633590579389,NA,0.626517780669508,NA,NA,NA,NA,0.739662398509545,NA,NA,NA,NA,NA,0.91191382218498,NA,NA,NA,NA,NA,NA,NA,NA,NA,NA,NA,NA,NA,NA,NA,NA,NA,NA,0.864235191166014,NA,NA,NA,NA,NA,NA,NA,NA,NA,NA,NA,NA,NA,NA,NA,NA,NA,NA,NA,NA,NA
"52",NA,NA,NA,NA,NA,NA,NA,NA,NA,NA,NA,NA,NA,NA,NA,NA,NA,NA,NA,NA,NA,NA,NA,NA,NA,NA,NA,NA,NA,NA,NA,NA,NA,NA,NA,NA,NA,NA,NA,NA,NA,NA,NA,NA,NA,NA,NA,NA,NA,NA,NA,NA,NA,0.623016715536098,NA,NA,NA,0.521672880993354,NA,NA,NA,NA,NA,NA,NA,NA,NA,NA,NA,NA,NA,0.304028396475512,NA,NA,NA,0.39173379174506,0.305168444306949,NA,NA,NA,NA,NA,NA,NA,NA,NA,0.417562501318207,NA,0.389870449324234,NA,NA,0.699412011877171,0.347889061302738,NA,NA,NA,0.354364092494715,NA,NA,NA,NA,NA,0.411680544726912,NA,NA,NA,NA,NA,NA,NA,NA,NA,NA,NA,NA,NA,NA,NA,NA,NA,NA,NA,NA,NA,NA,NA,NA,0.44439924801416,NA,NA,0.521672880993354,0.79645630184328,NA,NA,NA,NA
"53",NA,NA,NA,NA,NA,NA,NA,NA,NA,NA,NA,NA,NA,NA,NA,NA,NA,NA,NA,NA,NA,NA,NA,NA,NA,NA,NA,NA,NA,NA,NA,NA,NA,NA,NA,NA,NA,NA,NA,NA,NA,NA,NA,NA,NA,NA,NA,NA,NA,NA,NA,NA,NA,NA,NA,0.856917379306949,NA,0.709175849393743,NA,0.796065671885061,NA,NA,0.739662398509545,NA,NA,NA,NA,0.411680544726912,NA,NA,0.91032348316623,NA,NA,NA,NA,NA,NA,NA,NA,NA,0.720778411257322,NA,0.617363600129712,NA,NA,NA,NA,0.61482127781028,NA,0.819244402379239,NA,0.822938787931367,NA,0.764958122925006,0.785110499092478,0.981558672754885,NA,0.739654237315694,NA,NA,0.46384291827376,0.694929860535665,NA,NA,NA,NA,NA,0.656177654692822,0.652910900281182,NA,0.873607358581306,NA,0.606377168364675,NA,NA,NA,NA,0.619616231568059,NA,NA,NA,NA,NA,NA,NA,NA,0.744933027757802,0.748776781932515,NA,NA,0.770732327897505,NA,NA,NA,NA,NA
"54",NA,NA,NA,NA,NA,NA,NA,NA,NA,NA,NA,NA,NA,NA,NA,NA,NA,NA,NA,NA,NA,NA,NA,NA,NA,NA,NA,NA,NA,NA,NA,NA,NA,NA,NA,NA,NA,NA,NA,NA,NA,NA,NA,NA,NA,NA,NA,NA,NA,NA,NA,NA,NA,NA,0.91032348316623,NA,NA,NA,NA,0.679956019496824,NA,0.981558672754885,NA,NA,NA,NA,NA,NA,0.888213565306713,NA,NA,NA,NA,0.591815877341064,NA,0.514425614309007,0.739662398509545,NA,NA,NA,NA,0.660577736772508,NA,0.980676198563059,NA,NA,0.775133845720259,NA,0.713229693855365,NA,NA,0.961775839457011,NA,NA,NA,NA,0.535587218564251,NA,NA,0.829422241704609,NA,NA,0.571092214508136,NA,NA,NA,NA,NA,NA,0.947446473135662,NA,0.687115224106649,NA,NA,NA,0.905962539315253,NA,0.743587500688867,NA,NA,NA,NA,NA,NA,NA,NA,NA,0.822938787931367,NA,NA,0.941127770021539,0.966184144240458,NA,NA,0.685846517864162,NA
"55",NA,NA,NA,NA,NA,NA,NA,NA,NA,NA,NA,NA,NA,NA,NA,NA,NA,NA,NA,NA,NA,NA,NA,NA,NA,NA,NA,NA,NA,NA,NA,NA,NA,NA,NA,NA,NA,NA,NA,NA,NA,NA,NA,NA,NA,NA,NA,NA,NA,NA,NA,NA,NA,NA,NA,NA,NA,NA,NA,NA,NA,NA,NA,NA,0.639419302347397,NA,NA,NA,NA,NA,NA,NA,NA,NA,0.53467507890886,NA,0.588364451647127,NA,NA,NA,NA,NA,0.441560120519994,NA,NA,NA,NA,NA,NA,NA,NA,NA,NA,NA,NA,NA,NA,NA,NA,NA,NA,NA,0.603803230250572,NA,NA,NA,NA,NA,NA,0.58282056323125,NA,NA,NA,NA,NA,NA,NA,NA,NA,NA,NA,NA,NA,NA,NA,NA,NA,NA,NA,NA,NA,NA,NA,NA,NA,NA
"56",NA,NA,NA,NA,NA,NA,NA,NA,NA,NA,NA,NA,NA,NA,NA,NA,NA,NA,NA,NA,NA,NA,NA,NA,NA,NA,NA,NA,NA,NA,NA,NA,NA,NA,NA,NA,NA,NA,NA,NA,NA,NA,NA,NA,NA,NA,NA,NA,NA,NA,NA,NA,NA,NA,NA,NA,NA,0.979270535608153,NA,0.539287190994681,0.756657290064378,NA,0.873943835149617,NA,0.961775839457011,NA,NA,0.543984682051991,NA,0.393070616215112,0.731587859226404,NA,NA,NA,NA,NA,NA,NA,NA,NA,0.599061625738413,NA,0.928818554671533,NA,NA,NA,NA,0.588364451647127,NA,NA,NA,NA,NA,0.774799658710572,0.959776290295529,0.616931068582292,NA,0.479193619318495,NA,NA,0.774120824085035,0.607321233917805,NA,NA,0.87943282419762,0.697934410339468,NA,0.932815906062083,0.656177654692822,NA,0.502265888391517,NA,0.775133845720259,NA,NA,NA,NA,0.422569234381186,NA,NA,0.87943282419762,NA,NA,NA,NA,NA,0.468664807572132,0.517656725746995,0.680894408545755,0.924410174740263,NA,NA,NA,NA,0.660577736772508,0.535587218564251
"57",NA,NA,NA,NA,NA,NA,NA,NA,NA,NA,NA,NA,NA,NA,NA,NA,NA,NA,NA,NA,NA,NA,NA,NA,NA,NA,NA,NA,NA,NA,NA,NA,NA,NA,NA,NA,NA,NA,NA,NA,NA,NA,NA,NA,NA,NA,NA,NA,NA,NA,NA,NA,NA,NA,NA,NA,NA,NA,NA,NA,NA,NA,NA,NA,NA,NA,NA,NA,NA,NA,NA,NA,NA,NA,NA,NA,NA,NA,NA,NA,NA,NA,NA,NA,NA,NA,NA,NA,NA,NA,NA,NA,NA,NA,NA,NA,NA,NA,NA,NA,NA,NA,NA,NA,NA,NA,NA,NA,NA,NA,NA,NA,NA,NA,NA,NA,NA,NA,NA,NA,NA,NA,NA,NA,NA,NA,NA,NA,NA,NA,NA,NA,NA,NA,NA,NA
"58",NA,NA,NA,NA,NA,NA,NA,NA,NA,NA,NA,NA,NA,NA,NA,NA,NA,NA,NA,NA,NA,NA,NA,NA,NA,NA,NA,NA,NA,NA,NA,NA,NA,NA,NA,NA,NA,NA,NA,NA,NA,NA,NA,NA,NA,NA,NA,NA,NA,NA,NA,NA,NA,NA,NA,NA,NA,NA,NA,NA,NA,NA,NA,NA,NA,NA,NA,NA,NA,NA,NA,0.49963488432602,0.8208867454146,NA,NA,NA,NA,NA,0.628583823316818,NA,0.936221463672743,NA,NA,NA,NA,NA,NA,0.790684607520362,0.402746681758646,NA,NA,0.941127770021539,NA,0.88740581893425,NA,NA,0.678941488229941,NA,NA,NA,NA,NA,NA,NA,NA,NA,0.697934410339468,NA,NA,NA,NA,NA,NA,NA,NA,NA,NA,NA,NA,NA,NA,NA,NA,NA,NA,NA,0.854646651749345,0.941482163537471,0.685846517864162,0.760835734678762,NA,NA,NA,0.841899584004626,NA,NA
"59",NA,NA,NA,NA,NA,NA,NA,NA,NA,NA,NA,NA,NA,NA,NA,NA,NA,NA,NA,NA,NA,NA,NA,NA,NA,NA,NA,NA,NA,NA,NA,NA,NA,NA,NA,NA,NA,NA,NA,NA,NA,NA,NA,NA,NA,NA,NA,NA,NA,NA,NA,NA,NA,NA,NA,NA,NA,NA,NA,NA,NA,NA,0.792554657522575,NA,NA,NA,NA,NA,NA,NA,NA,NA,NA,NA,NA,NA,NA,NA,NA,0.982984426830223,NA,NA,NA,NA,NA,NA,NA,NA,NA,NA,NA,NA,NA,NA,NA,NA,NA,NA,NA,NA,NA,NA,NA,NA,NA,NA,NA,NA,NA,NA,NA,NA,NA,NA,NA,NA,NA,NA,NA,0.294419862337284,NA,NA,NA,NA,NA,NA,NA,NA,NA,NA,NA,NA,NA,NA,NA,NA
"60",NA,NA,NA,NA,NA,NA,NA,NA,NA,NA,NA,NA,NA,NA,NA,NA,NA,NA,NA,NA,NA,NA,NA,NA,NA,NA,NA,NA,NA,NA,NA,NA,NA,NA,NA,NA,NA,NA,NA,NA,NA,NA,NA,NA,NA,NA,NA,NA,NA,NA,NA,NA,NA,NA,NA,NA,NA,NA,NA,NA,NA,NA,NA,NA,NA,NA,0.995899270169564,0.697934410339468,NA,0.354364092494715,NA,NA,0.271998025866711,0.844755003382068,NA,NA,NA,NA,NA,NA,0.733523275728758,0.774799658710572,NA,NA,NA,NA,NA,0.882305364077483,NA,NA,0.892279506958289,NA,NA,0.600237850594125,NA,NA,NA,0.88773842065638,NA,0.474358293559521,NA,0.797196479515427,NA,NA,NA,NA,NA,0.844755003382068,0.841074002431372,NA,0.752743456988079,NA,0.660229195669953,0.656177654692822,NA,NA,NA,0.97734472801502,NA,NA,NA,NA,NA,NA,NA,NA,NA,0.87943282419762,0.368166425337368,0.315668128980827,0.634036765994769,0.517656725746995,NA,NA,0.100336969576368,0.222719381234554
"61",NA,NA,NA,NA,NA,NA,NA,NA,NA,NA,NA,NA,NA,NA,NA,NA,NA,NA,NA,NA,NA,NA,NA,NA,NA,NA,NA,NA,NA,NA,NA,NA,NA,NA,NA,NA,NA,NA,NA,NA,NA,NA,NA,NA,NA,NA,NA,NA,NA,NA,NA,NA,NA,NA,NA,NA,NA,NA,NA,NA,NA,0.961775839457011,0.932815906062083,NA,NA,NA,NA,0.417562501318207,NA,NA,NA,NA,NA,NA,NA,NA,NA,NA,NA,NA,0.806258768266797,NA,NA,NA,NA,NA,NA,0.697934410339468,NA,NA,NA,NA,NA,NA,NA,0.911463786861915,NA,0.577720038167039,NA,NA,0.995682518077765,0.565331901202001,NA,NA,NA,NA,NA,0.834397256249324,0.652928056582275,NA,0.819244402379239,NA,0.739662398509545,NA,NA,NA,0.761527189714099,NA,NA,NA,NA,NA,NA,NA,NA,NA,NA,NA,0.656177654692822,NA,NA,NA,NA,NA,NA,NA
"62",NA,NA,NA,NA,NA,NA,NA,NA,NA,NA,NA,NA,NA,NA,NA,NA,NA,NA,NA,NA,NA,NA,NA,NA,NA,NA,NA,NA,NA,NA,NA,NA,NA,NA,NA,NA,NA,NA,NA,NA,NA,NA,NA,NA,NA,NA,NA,NA,NA,NA,NA,NA,NA,NA,NA,NA,NA,NA,NA,NA,NA,NA,0.978028373992142,NA,0.898162143148419,NA,NA,NA,0.100336969576368,NA,0.713229693855365,NA,NA,NA,NA,NA,0.760835734678762,0.100336969576368,NA,NA,NA,NA,NA,NA,0.948130229272871,NA,0.75117846846947,NA,0.411680544726912,0.848437211290224,NA,NA,0.936221463672743,NA,0.865702724239598,NA,0.950072150198509,0.600237850594125,NA,NA,0.835194483195285,0.689969773283181,NA,NA,NA,0.748776781932515,NA,0.94461884490681,0.854465837082005,NA,0.748776781932515,NA,0.995899270169564,NA,NA,NA,0.941482163537471,NA,NA,NA,0.303062828904998,0.616296352625253,NA,NA,NA,NA,NA,NA,NA,NA,NA,NA,NA,NA,NA,NA
"63",NA,NA,NA,NA,NA,NA,NA,NA,NA,NA,NA,NA,NA,NA,NA,NA,NA,NA,NA,NA,NA,NA,NA,NA,NA,NA,NA,NA,NA,NA,NA,NA,NA,NA,NA,NA,NA,NA,NA,NA,NA,NA,NA,NA,NA,NA,NA,NA,NA,NA,NA,NA,NA,NA,NA,NA,NA,NA,NA,NA,NA,NA,NA,NA,NA,NA,NA,0.845574677976679,NA,NA,NA,NA,NA,NA,NA,NA,NA,NA,NA,NA,0.61482127781028,NA,0.95406676717157,NA,0.685846517864162,NA,NA,0.605049691589003,NA,NA,NA,NA,NA,0.876614879413384,0.775133845720259,0.827969423739168,NA,0.61482127781028,NA,NA,0.864676782076684,0.888007000857499,NA,NA,NA,NA,NA,0.829943664846849,0.727385574318848,NA,0.974528153466904,NA,0.66053096840299,NA,0.966312280687428,NA,0.672635728666017,NA,NA,NA,NA,0.522221458939455,NA,NA,NA,NA,NA,NA,NA,NA,NA,NA,NA,NA,NA,NA
"64",NA,NA,NA,NA,NA,NA,NA,NA,NA,NA,NA,NA,NA,NA,NA,NA,NA,NA,NA,NA,NA,NA,NA,NA,NA,NA,NA,NA,NA,NA,NA,NA,NA,NA,NA,NA,NA,NA,NA,NA,NA,NA,NA,NA,NA,NA,NA,NA,NA,NA,NA,NA,NA,NA,NA,NA,NA,NA,NA,NA,NA,NA,NA,NA,NA,NA,NA,NA,NA,NA,NA,NA,NA,NA,NA,NA,NA,NA,NA,NA,NA,NA,NA,NA,NA,NA,NA,NA,NA,NA,NA,NA,NA,NA,NA,NA,NA,NA,NA,NA,NA,NA,NA,NA,NA,NA,NA,NA,NA,NA,NA,NA,NA,NA,NA,NA,NA,0.417562501318207,NA,NA,NA,NA,NA,NA,NA,NA,NA,NA,NA,NA,NA,NA,NA,NA,NA,NA
"65",NA,NA,NA,NA,NA,NA,NA,NA,NA,NA,NA,NA,NA,NA,NA,NA,NA,NA,NA,NA,NA,NA,NA,NA,NA,NA,NA,NA,NA,NA,NA,NA,NA,NA,NA,NA,NA,NA,NA,NA,NA,NA,NA,NA,NA,NA,NA,NA,NA,NA,NA,NA,NA,NA,NA,NA,NA,NA,NA,NA,NA,NA,NA,NA,NA,NA,NA,NA,NA,NA,NA,NA,NA,NA,NA,NA,NA,NA,NA,NA,NA,NA,0.91032348316623,NA,0.934372684032506,NA,0.985644976775048,NA,0.389870449324234,0.685846517864162,NA,NA,0.803120094189992,NA,NA,NA,NA,NA,NA,NA,0.847949893890043,NA,NA,NA,NA,NA,NA,0.945375993748485,0.763118661680312,0.822938787931367,NA,NA,0.864235191166014,NA,NA,NA,NA,NA,NA,NA,NA,0.847949893890043,0.417562501318207,NA,0.389870449324234,NA,NA,NA,NA,NA,NA,NA,NA,NA,NA,NA
"66",NA,NA,NA,NA,NA,NA,NA,NA,NA,NA,NA,NA,NA,NA,NA,NA,NA,NA,NA,NA,NA,NA,NA,NA,NA,NA,NA,NA,NA,NA,NA,NA,NA,NA,NA,NA,NA,NA,NA,NA,NA,NA,NA,NA,NA,NA,NA,NA,NA,NA,NA,NA,NA,NA,NA,NA,NA,NA,NA,NA,NA,NA,NA,NA,NA,NA,0.493641926499636,NA,NA,NA,NA,NA,NA,NA,NA,NA,NA,NA,NA,NA,NA,NA,NA,NA,NA,NA,NA,NA,NA,NA,0.652910900281182,NA,0.477231036360573,NA,NA,NA,NA,NA,NA,NA,NA,NA,NA,NA,NA,NA,NA,NA,NA,NA,NA,NA,NA,NA,NA,0.94328676880321,NA,NA,NA,NA,NA,NA,NA,NA,NA,NA,NA,NA,NA,NA,NA,NA,NA,NA,NA,NA
"67",NA,NA,NA,NA,NA,NA,NA,NA,NA,NA,NA,NA,NA,NA,NA,NA,NA,NA,NA,NA,NA,NA,NA,NA,NA,NA,NA,NA,NA,NA,NA,NA,NA,NA,NA,NA,NA,NA,NA,NA,NA,NA,NA,NA,NA,NA,NA,NA,NA,NA,NA,NA,NA,NA,NA,NA,NA,NA,NA,NA,NA,NA,NA,NA,NA,NA,NA,NA,NA,0.441560120519994,NA,NA,NA,NA,NA,NA,NA,NA,NA,NA,NA,NA,NA,0.936221463672743,NA,NA,NA,NA,NA,NA,0.535587218564251,NA,NA,NA,NA,NA,NA,NA,NA,NA,NA,NA,NA,NA,NA,NA,NA,NA,NA,NA,NA,0.823853191933411,NA,NA,NA,NA,NA,0.710947453729547,NA,NA,NA,NA,NA,NA,NA,NA,NA,NA,NA,NA,NA,NA,NA,NA,NA,NA
"68",NA,NA,NA,NA,NA,NA,NA,NA,NA,NA,NA,NA,NA,NA,NA,NA,NA,NA,NA,NA,NA,NA,NA,NA,NA,NA,NA,NA,NA,NA,NA,NA,NA,NA,NA,NA,NA,NA,NA,NA,NA,NA,NA,NA,NA,NA,NA,NA,NA,NA,NA,NA,NA,NA,NA,NA,NA,NA,NA,NA,NA,NA,NA,NA,NA,NA,NA,NA,NA,NA,NA,NA,NA,0.832759274515149,NA,NA,NA,NA,0.466805293748175,NA,0.389870449324234,NA,NA,NA,NA,NA,NA,0.628583823316818,NA,NA,NA,NA,NA,0.713229693855365,NA,NA,NA,0.713229693855365,NA,NA,0.685846517864162,0.417562501318207,NA,NA,NA,NA,NA,0.693170680402297,0.79645630184328,NA,0.205545353780272,NA,0.678606707879676,NA,NA,NA,NA,0.801138404614518,NA,NA,NA,0.812083239422214,NA,NA,NA,NA,0.29309383216686,NA,0.294419862337284,0.600237850594125,NA,NA,0.660577736772508,NA,0.39344803687677,0.411680544726912
"69",NA,NA,NA,NA,NA,NA,NA,NA,NA,NA,NA,NA,NA,NA,NA,NA,NA,NA,NA,NA,NA,NA,NA,NA,NA,NA,NA,NA,NA,NA,NA,NA,NA,NA,NA,NA,NA,NA,NA,NA,NA,NA,NA,NA,NA,NA,NA,NA,NA,NA,NA,NA,NA,NA,NA,NA,NA,NA,NA,NA,NA,NA,NA,NA,NA,NA,NA,NA,NA,NA,NA,NA,NA,0.65558121361683,NA,NA,0.683493269868569,0.881621537410652,NA,NA,NA,NA,NA,0.937800950429528,0.13424672546808,NA,0.168029091307823,NA,NA,NA,NA,NA,0.305168444306949,NA,NA,NA,NA,0.879413285141397,NA,0.441560120519994,NA,NA,NA,NA,NA,NA,NA,NA,NA,NA,NA,0.61482127781028,0.106030906687083,NA,NA,NA,NA,0.858856556571356,NA,NA,NA,NA,NA,NA,NA,NA,NA,NA,NA,NA,0.852819752330136,0.697934410339468,NA,NA,NA,NA
"70",NA,NA,NA,NA,NA,NA,NA,NA,NA,NA,NA,NA,NA,NA,NA,NA,NA,NA,NA,NA,NA,NA,NA,NA,NA,NA,NA,NA,NA,NA,NA,NA,NA,NA,NA,NA,NA,NA,NA,NA,NA,NA,NA,NA,NA,NA,NA,NA,NA,NA,NA,NA,NA,NA,NA,NA,NA,NA,NA,NA,NA,NA,NA,NA,NA,NA,NA,NA,NA,NA,0.468664807572132,NA,0.442225147820272,NA,NA,NA,NA,NA,0.4318845688462,NA,NA,NA,NA,NA,NA,NA,NA,NA,NA,NA,0.516430675769914,NA,NA,0.219553495978803,NA,NA,NA,NA,NA,0.218026811092712,NA,NA,NA,NA,0.774799658710572,0.417562501318207,NA,NA,NA,NA,NA,NA,NA,NA,NA,NA,NA,NA,NA,NA,NA,NA,NA,NA,NA,0.65558121361683,NA,0.61482127781028,0.87943282419762,0.606637422464718,NA,NA,0.389870449324234,NA,0.417562501318207,0.617639505113618
"71",NA,NA,NA,NA,NA,NA,NA,NA,NA,NA,NA,NA,NA,NA,NA,NA,NA,NA,NA,NA,NA,NA,NA,NA,NA,NA,NA,NA,NA,NA,NA,NA,NA,NA,NA,NA,NA,NA,NA,NA,NA,NA,NA,NA,NA,NA,NA,NA,NA,NA,NA,NA,NA,NA,NA,NA,NA,NA,NA,NA,NA,NA,NA,NA,NA,NA,NA,NA,NA,NA,NA,NA,NA,NA,NA,NA,NA,NA,NA,NA,0.691862789403254,NA,NA,0.460005035528796,NA,NA,NA,0.685846517864162,NA,NA,NA,0.336396653778977,NA,0.846741649414564,0.91032348316623,0.411680544726912,NA,NA,NA,NA,0.87943282419762,NA,NA,NA,0.852819752330136,0.959305186078669,NA,0.699412011877171,NA,NA,NA,0.354364092494715,0.876614879413384,NA,NA,NA,0.764958122925006,NA,NA,0.617363600129712,0.980676198563059,NA,NA,NA,NA,NA,NA,NA,NA,NA,NA,NA,NA,NA,NA,NA
"72",NA,NA,NA,NA,NA,NA,NA,NA,NA,NA,NA,NA,NA,NA,NA,NA,NA,NA,NA,NA,NA,NA,NA,NA,NA,NA,NA,NA,NA,NA,NA,NA,NA,NA,NA,NA,NA,NA,NA,NA,NA,NA,NA,NA,NA,NA,NA,NA,NA,NA,NA,NA,NA,NA,NA,NA,NA,NA,NA,NA,NA,NA,NA,NA,NA,NA,NA,NA,NA,NA,NA,NA,0.93805944088008,NA,NA,NA,NA,NA,NA,NA,NA,NA,NA,NA,NA,NA,NA,NA,0.39344803687677,NA,NA,NA,NA,0.846741649414564,NA,0.483739376792383,NA,NA,NA,0.617363600129712,NA,NA,NA,NA,NA,NA,NA,NA,NA,NA,NA,NA,NA,NA,NA,NA,NA,NA,NA,NA,NA,NA,NA,NA,NA,NA,0.976749982701527,0.97734472801502,NA,NA,NA,NA,NA,0.855858256947472,NA,NA
"73",NA,NA,NA,NA,NA,NA,NA,NA,NA,NA,NA,NA,NA,NA,NA,NA,NA,NA,NA,NA,NA,NA,NA,NA,NA,NA,NA,NA,NA,NA,NA,NA,NA,NA,NA,NA,NA,NA,NA,NA,NA,NA,NA,NA,NA,NA,NA,NA,NA,NA,NA,NA,NA,NA,NA,NA,NA,NA,NA,NA,NA,NA,NA,NA,NA,NA,NA,NA,NA,NA,NA,NA,NA,NA,NA,NA,NA,NA,0.733523275728758,NA,NA,NA,NA,NA,NA,NA,NA,NA,NA,NA,NA,NA,NA,0.2274313156743,NA,NA,NA,NA,NA,0.205545353780272,NA,0.100336969576368,NA,NA,NA,NA,NA,NA,NA,NA,NA,NA,NA,NA,NA,NA,NA,NA,NA,NA,NA,NA,NA,NA,NA,0.832258685030966,NA,0.417562501318207,0.91032348316623,0.713229693855365,0.384961125369206,NA,0.713229693855365,NA,0.585381171236098,0.776943734440794
"74",NA,NA,NA,NA,NA,NA,NA,NA,NA,NA,NA,NA,NA,NA,NA,NA,NA,NA,NA,NA,NA,NA,NA,NA,NA,NA,NA,NA,NA,NA,NA,NA,NA,NA,NA,NA,NA,NA,NA,NA,NA,NA,NA,NA,NA,NA,NA,NA,NA,NA,NA,NA,NA,NA,NA,NA,NA,NA,NA,NA,NA,NA,NA,NA,NA,NA,NA,NA,NA,NA,NA,NA,NA,NA,0.554977531087343,0.607258717232513,NA,NA,NA,NA,NA,0.852819752330136,NA,0.881621537410652,NA,NA,NA,NA,NA,NA,NA,NA,NA,NA,NA,NA,NA,0.617363600129712,NA,NA,NA,0.65558121361683,0.876614879413384,NA,NA,NA,NA,NA,NA,NA,0.79645630184328,0.855682731679768,NA,NA,NA,NA,NA,0.948130229272871,NA,0.948130229272871,NA,NA,NA,NA,NA,NA,NA,NA,NA,NA,NA,NA,NA,NA,NA,NA
"75",NA,NA,NA,NA,NA,NA,NA,NA,NA,NA,NA,NA,NA,NA,NA,NA,NA,NA,NA,NA,NA,NA,NA,NA,NA,NA,NA,NA,NA,NA,NA,NA,NA,NA,NA,NA,NA,NA,NA,NA,NA,NA,NA,NA,NA,NA,NA,NA,NA,NA,NA,NA,NA,NA,NA,NA,NA,NA,NA,NA,NA,NA,NA,NA,NA,NA,NA,NA,NA,NA,NA,NA,NA,NA,NA,0.607321233917805,NA,NA,NA,NA,NA,0.780971911730367,NA,0.775133845720259,NA,NA,NA,NA,NA,NA,NA,NA,NA,NA,NA,NA,NA,NA,NA,NA,NA,NA,0.697934410339468,NA,NA,NA,NA,NA,NA,NA,NA,0.945375993748485,NA,NA,NA,NA,NA,NA,NA,NA,NA,NA,NA,NA,NA,NA,0.373294225789302,NA,NA,NA,NA,NA,NA,NA,NA,NA
"76",NA,NA,NA,NA,NA,NA,NA,NA,NA,NA,NA,NA,NA,NA,NA,NA,NA,NA,NA,NA,NA,NA,NA,NA,NA,NA,NA,NA,NA,NA,NA,NA,NA,NA,NA,NA,NA,NA,NA,NA,NA,NA,NA,NA,NA,NA,NA,NA,NA,NA,NA,NA,NA,NA,NA,NA,NA,NA,NA,NA,NA,NA,NA,NA,NA,NA,NA,NA,NA,NA,NA,NA,NA,NA,NA,NA,0.617363600129712,NA,NA,NA,NA,0.843648711793256,NA,0.989350062017319,NA,NA,NA,NA,NA,NA,NA,NA,NA,NA,NA,NA,NA,NA,NA,NA,NA,NA,0.210458996626904,NA,NA,NA,NA,NA,NA,NA,NA,0.606637422464718,NA,NA,NA,NA,NA,NA,NA,NA,NA,NA,NA,NA,NA,NA,NA,NA,NA,NA,NA,NA,NA,NA,NA,NA
"77",NA,NA,NA,NA,NA,NA,NA,NA,NA,NA,NA,NA,NA,NA,NA,NA,NA,NA,NA,NA,NA,NA,NA,NA,NA,NA,NA,NA,NA,NA,NA,NA,NA,NA,NA,NA,NA,NA,NA,NA,NA,NA,NA,NA,NA,NA,NA,NA,NA,NA,NA,NA,NA,NA,NA,NA,NA,NA,NA,NA,NA,NA,NA,NA,NA,NA,NA,NA,NA,NA,NA,NA,NA,NA,NA,NA,NA,NA,NA,NA,NA,NA,NA,NA,NA,NA,0.780971911730367,NA,0.65558121361683,NA,NA,0.478610094964221,0.603918690447185,NA,NA,NA,NA,NA,NA,0.600237850594125,NA,NA,0.605049691589003,NA,NA,NA,0.521672880993354,NA,NA,NA,NA,NA,NA,NA,NA,NA,NA,NA,NA,NA,NA,NA,NA,NA,NA,NA,NA,0.59418218469699,NA,NA,0.91032348316623,0.656177654692822,NA,NA,NA,NA
"78",NA,NA,NA,NA,NA,NA,NA,NA,NA,NA,NA,NA,NA,NA,NA,NA,NA,NA,NA,NA,NA,NA,NA,NA,NA,NA,NA,NA,NA,NA,NA,NA,NA,NA,NA,NA,NA,NA,NA,NA,NA,NA,NA,NA,NA,NA,NA,NA,NA,NA,NA,NA,NA,NA,NA,NA,NA,NA,NA,NA,NA,NA,NA,NA,NA,NA,NA,NA,NA,NA,NA,NA,NA,NA,NA,NA,NA,NA,NA,NA,NA,NA,NA,0.761527189714099,NA,NA,0.100336969576368,NA,NA,NA,NA,NA,0.29309383216686,NA,NA,NA,NA,NA,NA,0.607321233917805,NA,NA,NA,NA,NA,0.937629905802554,NA,NA,NA,NA,NA,0.685846517864162,NA,NA,0.436827216532791,NA,NA,NA,NA,0.79645630184328,NA,NA,NA,NA,NA,NA,NA,NA,NA,NA,0.965615316471118,0.879901075267476,NA,NA,NA,NA
"79",NA,NA,NA,NA,NA,NA,NA,NA,NA,NA,NA,NA,NA,NA,NA,NA,NA,NA,NA,NA,NA,NA,NA,NA,NA,NA,NA,NA,NA,NA,NA,NA,NA,NA,NA,NA,NA,NA,NA,NA,NA,NA,NA,NA,NA,NA,NA,NA,NA,NA,NA,NA,NA,NA,NA,NA,NA,NA,NA,NA,NA,NA,NA,NA,NA,NA,NA,NA,NA,NA,NA,NA,NA,NA,NA,NA,NA,NA,NA,NA,NA,NA,NA,NA,NA,NA,NA,NA,NA,NA,NA,NA,NA,NA,NA,NA,0.417562501318207,0.336396653778977,NA,NA,NA,NA,NA,NA,NA,NA,NA,NA,NA,NA,NA,NA,NA,NA,NA,NA,NA,NA,NA,NA,NA,NA,NA,NA,NA,0.847949893890043,NA,0.995682518077765,0.417562501318207,0.79537532705988,NA,NA,0.713229693855365,NA,0.517656725746995,0.699412011877171
"80",NA,NA,NA,NA,NA,NA,NA,NA,NA,NA,NA,NA,NA,NA,NA,NA,NA,NA,NA,NA,NA,NA,NA,NA,NA,NA,NA,NA,NA,NA,NA,NA,NA,NA,NA,NA,NA,NA,NA,NA,NA,NA,NA,NA,NA,NA,NA,NA,NA,NA,NA,NA,NA,NA,NA,NA,NA,NA,NA,NA,NA,NA,NA,NA,NA,NA,NA,NA,NA,NA,NA,NA,NA,NA,NA,NA,NA,NA,NA,NA,NA,NA,NA,NA,NA,NA,NA,NA,NA,NA,NA,NA,NA,NA,NA,NA,NA,NA,NA,NA,NA,NA,NA,0.775133845720259,NA,NA,NA,NA,NA,NA,NA,NA,NA,NA,0.924255363516483,0.697934410339468,NA,NA,NA,NA,NA,NA,NA,NA,NA,NA,NA,NA,NA,NA,NA,NA,NA,NA,NA,NA
"81",NA,NA,NA,NA,NA,NA,NA,NA,NA,NA,NA,NA,NA,NA,NA,NA,NA,NA,NA,NA,NA,NA,NA,NA,NA,NA,NA,NA,NA,NA,NA,NA,NA,NA,NA,NA,NA,NA,NA,NA,NA,NA,NA,NA,NA,NA,NA,NA,NA,NA,NA,NA,NA,NA,NA,NA,NA,NA,NA,NA,NA,NA,NA,NA,NA,NA,NA,NA,NA,NA,NA,NA,NA,NA,NA,NA,NA,NA,NA,NA,NA,NA,0.980676198563059,NA,NA,NA,NA,0.941482163537471,NA,NA,NA,0.948130229272871,NA,0.967711400012628,0.941482163537471,0.775732685449592,NA,0.402746681758646,NA,NA,0.39344803687677,0.665076668951974,NA,NA,0.995682518077765,NA,NA,0.780971911730367,0.573193191984738,NA,0.389870449324234,NA,0.521672880993354,NA,NA,NA,NA,0.660577736772508,0.354364092494715,NA,0.873943835149617,NA,NA,NA,NA,NA,0.664706036371559,0.623419392826266,0.664706036371559,NA,NA,NA,NA,NA,NA,NA
"82",NA,NA,NA,NA,NA,NA,NA,NA,NA,NA,NA,NA,NA,NA,NA,NA,NA,NA,NA,NA,NA,NA,NA,NA,NA,NA,NA,NA,NA,NA,NA,NA,NA,NA,NA,NA,NA,NA,NA,NA,NA,NA,NA,NA,NA,NA,NA,NA,NA,NA,NA,NA,NA,NA,NA,NA,NA,NA,NA,NA,NA,NA,NA,NA,NA,NA,NA,NA,NA,NA,NA,NA,NA,NA,NA,NA,NA,NA,NA,NA,NA,NA,NA,0.985644976775048,NA,NA,NA,NA,NA,NA,NA,NA,NA,0.402746681758646,NA,NA,NA,NA,NA,NA,NA,NA,0.671475172752596,NA,NA,NA,NA,NA,NA,NA,0.509984641584564,0.773654348260662,NA,NA,NA,NA,NA,NA,NA,NA,NA,NA,NA,NA,NA,NA,NA,NA,NA,NA,NA,NA,NA,NA,NA,NA
"83",NA,NA,NA,NA,NA,NA,NA,NA,NA,NA,NA,NA,NA,NA,NA,NA,NA,NA,NA,NA,NA,NA,NA,NA,NA,NA,NA,NA,NA,NA,NA,NA,NA,NA,NA,NA,NA,NA,NA,NA,NA,NA,NA,NA,NA,NA,NA,NA,NA,NA,NA,NA,NA,NA,NA,NA,NA,NA,NA,NA,NA,NA,NA,NA,NA,NA,NA,NA,NA,NA,NA,NA,NA,NA,NA,NA,NA,NA,NA,NA,NA,NA,NA,NA,NA,NA,NA,0.793999814705889,NA,NA,NA,NA,NA,NA,NA,NA,NA,0.368312673730888,NA,NA,NA,NA,NA,NA,NA,NA,NA,NA,NA,NA,NA,NA,NA,NA,NA,NA,NA,NA,NA,NA,NA,NA,NA,NA,NA,NA,NA,NA,NA,NA,NA,NA,NA,NA,NA,NA
"84",NA,NA,NA,NA,NA,NA,NA,NA,NA,NA,NA,NA,NA,NA,NA,NA,NA,NA,NA,NA,NA,NA,NA,NA,NA,NA,NA,NA,NA,NA,NA,NA,NA,NA,NA,NA,NA,NA,NA,NA,NA,NA,NA,NA,NA,NA,NA,NA,NA,NA,NA,NA,NA,NA,NA,NA,NA,NA,NA,NA,NA,NA,NA,NA,NA,NA,NA,NA,NA,NA,NA,NA,NA,NA,NA,NA,NA,NA,NA,NA,NA,NA,NA,NA,NA,NA,NA,NA,NA,NA,0.924353213637604,NA,NA,NA,NA,NA,NA,NA,NA,NA,NA,NA,NA,NA,NA,0.4318845688462,NA,NA,NA,NA,NA,0.00348096830427474,NA,NA,0.652928056582275,NA,NA,NA,NA,0.845574677976679,0.394712589158805,NA,NA,NA,NA,NA,NA,NA,NA,NA,NA,NA,NA,NA,NA,NA
"85",NA,NA,NA,NA,NA,NA,NA,NA,NA,NA,NA,NA,NA,NA,NA,NA,NA,NA,NA,NA,NA,NA,NA,NA,NA,NA,NA,NA,NA,NA,NA,NA,NA,NA,NA,NA,NA,NA,NA,NA,NA,NA,NA,NA,NA,NA,NA,NA,NA,NA,NA,NA,NA,NA,NA,NA,NA,NA,NA,NA,NA,NA,NA,NA,NA,NA,NA,NA,NA,NA,NA,NA,NA,NA,NA,NA,NA,NA,NA,NA,NA,NA,NA,NA,NA,NA,0.757868681390998,NA,0.600237850594125,0.974568084868334,NA,NA,0.75919460913203,NA,NA,NA,NA,NA,NA,NA,0.807892908671266,NA,NA,NA,NA,0.483739376792383,NA,0.964442005996615,0.585381171236098,0.469483236804894,NA,NA,0.656177654692822,NA,NA,NA,NA,NA,NA,NA,0.347889061302738,0.974528153466904,0.294419862337284,NA,0.354364092494715,NA,NA,NA,NA,NA,NA,NA,NA,NA,NA,NA
"86",NA,NA,NA,NA,NA,NA,NA,NA,NA,NA,NA,NA,NA,NA,NA,NA,NA,NA,NA,NA,NA,NA,NA,NA,NA,NA,NA,NA,NA,NA,NA,NA,NA,NA,NA,NA,NA,NA,NA,NA,NA,NA,NA,NA,NA,NA,NA,NA,NA,NA,NA,NA,NA,NA,NA,NA,NA,NA,NA,NA,NA,NA,NA,NA,NA,NA,NA,NA,NA,NA,NA,NA,NA,NA,NA,NA,NA,NA,NA,NA,NA,NA,NA,NA,NA,NA,NA,NA,NA,NA,NA,NA,NA,NA,NA,NA,NA,NA,NA,NA,NA,NA,NA,NA,NA,NA,NA,NA,NA,NA,NA,NA,NA,0.29309383216686,NA,NA,NA,NA,NA,NA,NA,NA,NA,0.441560120519994,NA,NA,NA,NA,NA,NA,NA,NA,NA,NA,NA,NA
"87",NA,NA,NA,NA,NA,NA,NA,NA,NA,NA,NA,NA,NA,NA,NA,NA,NA,NA,NA,NA,NA,NA,NA,NA,NA,NA,NA,NA,NA,NA,NA,NA,NA,NA,NA,NA,NA,NA,NA,NA,NA,NA,NA,NA,NA,NA,NA,NA,NA,NA,NA,NA,NA,NA,NA,NA,NA,NA,NA,NA,NA,NA,NA,NA,NA,NA,NA,NA,NA,NA,NA,NA,NA,NA,NA,NA,NA,NA,NA,NA,NA,NA,NA,NA,NA,NA,NA,NA,0.588364451647127,0.725892545802441,NA,NA,0.652928056582275,NA,NA,0.895547676100435,NA,NA,NA,NA,0.834397256249324,NA,NA,NA,NA,NA,NA,0.835194483195285,0.959305186078669,0.465628719914867,NA,NA,0.95948633063466,NA,NA,NA,NA,NA,NA,NA,0.521672880993354,0.685846517864162,NA,NA,0.305168444306949,NA,NA,NA,NA,NA,NA,NA,NA,NA,NA,NA
"88",NA,NA,NA,NA,NA,NA,NA,NA,NA,NA,NA,NA,NA,NA,NA,NA,NA,NA,NA,NA,NA,NA,NA,NA,NA,NA,NA,NA,NA,NA,NA,NA,NA,NA,NA,NA,NA,NA,NA,NA,NA,NA,NA,NA,NA,NA,NA,NA,NA,NA,NA,NA,NA,NA,NA,NA,NA,NA,NA,NA,NA,NA,NA,NA,NA,NA,NA,NA,NA,NA,NA,NA,NA,NA,NA,NA,NA,NA,NA,NA,NA,NA,NA,NA,NA,NA,NA,NA,NA,NA,NA,0.680894408545755,NA,0.775133845720259,0.697934410339468,0.752743456988079,NA,0.739662398509545,NA,NA,0.588364451647127,0.888213565306713,NA,NA,0.87943282419762,NA,NA,0.760835734678762,0.640444351549447,NA,0.607321233917805,NA,0.625464961857455,NA,NA,NA,NA,0.796065671885061,NA,NA,0.863891628581174,NA,NA,NA,NA,NA,0.441560120519994,0.422569234381186,0.600237850594125,NA,NA,NA,NA,NA,NA,NA
"89",NA,NA,NA,NA,NA,NA,NA,NA,NA,NA,NA,NA,NA,NA,NA,NA,NA,NA,NA,NA,NA,NA,NA,NA,NA,NA,NA,NA,NA,NA,NA,NA,NA,NA,NA,NA,NA,NA,NA,NA,NA,NA,NA,NA,NA,NA,NA,NA,NA,NA,NA,NA,NA,NA,NA,NA,NA,NA,NA,NA,NA,NA,NA,NA,NA,NA,NA,NA,NA,NA,NA,NA,NA,NA,NA,NA,NA,NA,NA,NA,NA,NA,NA,NA,NA,NA,NA,NA,NA,0.61482127781028,NA,NA,NA,NA,NA,NA,0.70973327180229,NA,NA,NA,NA,NA,NA,NA,NA,NA,NA,NA,NA,NA,NA,NA,0.394712589158805,NA,NA,NA,NA,NA,0.600156124101839,NA,NA,NA,NA,NA,NA,NA,NA,NA,NA,NA,NA,NA,NA,NA,NA,NA
"90",NA,NA,NA,NA,NA,NA,NA,NA,NA,NA,NA,NA,NA,NA,NA,NA,NA,NA,NA,NA,NA,NA,NA,NA,NA,NA,NA,NA,NA,NA,NA,NA,NA,NA,NA,NA,NA,NA,NA,NA,NA,NA,NA,NA,NA,NA,NA,NA,NA,NA,NA,NA,NA,NA,NA,NA,NA,NA,NA,NA,NA,NA,NA,NA,NA,NA,NA,NA,NA,NA,NA,NA,NA,NA,NA,NA,NA,NA,NA,NA,NA,NA,NA,NA,NA,NA,NA,NA,NA,NA,NA,NA,0.840836306286632,NA,NA,NA,0.588364451647127,0.441560120519994,NA,NA,0.735724351917623,0.725892545802441,NA,NA,NA,NA,NA,0.771556533172085,0.901774877573092,NA,0.812083239422214,NA,0.790684607520362,NA,NA,NA,NA,NA,NA,NA,NA,0.664581293686301,NA,NA,NA,NA,NA,NA,NA,NA,NA,NA,NA,NA,NA,NA
"91",NA,NA,NA,NA,NA,NA,NA,NA,NA,NA,NA,NA,NA,NA,NA,NA,NA,NA,NA,NA,NA,NA,NA,NA,NA,NA,NA,NA,NA,NA,NA,NA,NA,NA,NA,NA,NA,NA,NA,NA,NA,NA,NA,NA,NA,NA,NA,NA,NA,NA,NA,NA,NA,NA,NA,NA,NA,NA,NA,NA,NA,NA,NA,NA,NA,NA,NA,NA,NA,NA,NA,NA,NA,NA,NA,NA,NA,NA,NA,NA,NA,NA,NA,NA,NA,NA,NA,NA,NA,NA,NA,NA,NA,NA,NA,NA,NA,NA,NA,NA,NA,NA,NA,NA,NA,NA,NA,NA,NA,NA,NA,0.98325552061205,NA,NA,NA,NA,NA,0.799693927538717,NA,NA,NA,NA,NA,NA,NA,NA,NA,NA,NA,NA,NA,NA,NA,NA,NA,NA
"92",NA,NA,NA,NA,NA,NA,NA,NA,NA,NA,NA,NA,NA,NA,NA,NA,NA,NA,NA,NA,NA,NA,NA,NA,NA,NA,NA,NA,NA,NA,NA,NA,NA,NA,NA,NA,NA,NA,NA,NA,NA,NA,NA,NA,NA,NA,NA,NA,NA,NA,NA,NA,NA,NA,NA,NA,NA,NA,NA,NA,NA,NA,NA,NA,NA,NA,NA,NA,NA,NA,NA,NA,NA,NA,NA,NA,NA,NA,NA,NA,NA,NA,NA,NA,NA,NA,NA,NA,NA,NA,NA,NA,NA,0.685846517864162,0.664706036371559,NA,0.88498940267277,NA,NA,0.685846517864162,NA,NA,NA,NA,NA,NA,NA,NA,NA,0.700933105123062,NA,NA,NA,NA,NA,NA,NA,NA,0.822938787931367,NA,NA,NA,NA,NA,NA,NA,0.757868681390998,0.807892908671266,NA,NA,0.964442005996615,0.758910710686061,NA,NA,NA,NA
"93",NA,NA,NA,NA,NA,NA,NA,NA,NA,NA,NA,NA,NA,NA,NA,NA,NA,NA,NA,NA,NA,NA,NA,NA,NA,NA,NA,NA,NA,NA,NA,NA,NA,NA,NA,NA,NA,NA,NA,NA,NA,NA,NA,NA,NA,NA,NA,NA,NA,NA,NA,NA,NA,NA,NA,NA,NA,NA,NA,NA,NA,NA,NA,NA,NA,NA,NA,NA,NA,NA,NA,NA,NA,NA,NA,NA,NA,NA,NA,NA,NA,NA,NA,NA,NA,NA,NA,NA,NA,NA,NA,NA,NA,NA,NA,0.739662398509545,NA,NA,NA,NA,0.763118661680312,NA,NA,NA,0.535587218564251,0.780971911730367,NA,0.764958122925006,0.779537810302038,0.552380700148116,NA,NA,0.815078942371208,NA,NA,NA,NA,NA,NA,NA,0.468664807572132,0.739662398509545,NA,NA,NA,NA,NA,NA,NA,NA,NA,NA,NA,NA,NA,NA
"94",NA,NA,NA,NA,NA,NA,NA,NA,NA,NA,NA,NA,NA,NA,NA,NA,NA,NA,NA,NA,NA,NA,NA,NA,NA,NA,NA,NA,NA,NA,NA,NA,NA,NA,NA,NA,NA,NA,NA,NA,NA,NA,NA,NA,NA,NA,NA,NA,NA,NA,NA,NA,NA,NA,NA,NA,NA,NA,NA,NA,NA,NA,NA,NA,NA,NA,NA,NA,NA,NA,NA,NA,NA,NA,NA,NA,NA,NA,NA,NA,NA,NA,NA,NA,NA,NA,NA,NA,NA,NA,NA,NA,NA,NA,0.94764835855944,NA,NA,0.67505419786956,NA,NA,NA,0.441560120519994,NA,NA,0.775133845720259,0.87943282419762,0.739679814915763,0.761527189714099,NA,NA,0.436827216532791,NA,0.763118661680312,NA,NA,NA,NA,0.411680544726912,NA,NA,0.870541778981129,NA,NA,NA,NA,NA,0.796065671885061,NA,NA,NA,NA,NA,NA,0.764958122925006,NA,NA
"95",NA,NA,NA,NA,NA,NA,NA,NA,NA,NA,NA,NA,NA,NA,NA,NA,NA,NA,NA,NA,NA,NA,NA,NA,NA,NA,NA,NA,NA,NA,NA,NA,NA,NA,NA,NA,NA,NA,NA,NA,NA,NA,NA,NA,NA,NA,NA,NA,NA,NA,NA,NA,NA,NA,NA,NA,NA,NA,NA,NA,NA,NA,NA,NA,NA,NA,NA,NA,NA,NA,NA,NA,NA,NA,NA,NA,NA,NA,NA,NA,NA,NA,NA,NA,NA,NA,NA,NA,NA,NA,NA,NA,NA,NA,NA,NA,NA,NA,NA,NA,0.533840885096926,NA,NA,NA,0.751038459322218,0.87943282419762,NA,0.350714779697753,0.572864396295737,NA,NA,NA,0.783205259513587,NA,NA,NA,0.937629905802554,NA,NA,NA,0.775133845720259,NA,NA,NA,NA,NA,NA,NA,NA,NA,NA,NA,NA,NA,NA,NA
"96",NA,NA,NA,NA,NA,NA,NA,NA,NA,NA,NA,NA,NA,NA,NA,NA,NA,NA,NA,NA,NA,NA,NA,NA,NA,NA,NA,NA,NA,NA,NA,NA,NA,NA,NA,NA,NA,NA,NA,NA,NA,NA,NA,NA,NA,NA,NA,NA,NA,NA,NA,NA,NA,NA,NA,NA,NA,NA,NA,NA,NA,NA,NA,NA,NA,NA,NA,NA,NA,NA,NA,NA,NA,NA,NA,NA,NA,NA,NA,NA,NA,NA,NA,NA,NA,NA,NA,NA,NA,NA,NA,NA,NA,NA,NA,NA,NA,NA,NA,NA,NA,NA,NA,NA,0.79645630184328,0.573193191984738,NA,NA,0.736195383597176,NA,NA,NA,0.899554302592795,NA,NA,NA,0.591815877341064,NA,NA,NA,0.751038459322218,NA,NA,NA,NA,NA,NA,NA,NA,NA,NA,NA,NA,NA,NA,NA
"97",NA,NA,NA,NA,NA,NA,NA,NA,NA,NA,NA,NA,NA,NA,NA,NA,NA,NA,NA,NA,NA,NA,NA,NA,NA,NA,NA,NA,NA,NA,NA,NA,NA,NA,NA,NA,NA,NA,NA,NA,NA,NA,NA,NA,NA,NA,NA,NA,NA,NA,NA,NA,NA,NA,NA,NA,NA,NA,NA,NA,NA,NA,NA,NA,NA,NA,NA,NA,NA,NA,NA,NA,NA,NA,NA,NA,NA,NA,NA,NA,NA,NA,NA,NA,NA,NA,NA,NA,NA,NA,NA,NA,NA,NA,NA,NA,NA,NA,NA,NA,NA,NA,NA,NA,NA,NA,NA,NA,NA,NA,NA,NA,NA,NA,NA,NA,NA,NA,0.305168444306949,NA,NA,NA,NA,NA,NA,NA,NA,0.521672880993354,NA,NA,NA,NA,NA,NA,NA,NA
"98",NA,NA,NA,NA,NA,NA,NA,NA,NA,NA,NA,NA,NA,NA,NA,NA,NA,NA,NA,NA,NA,NA,NA,NA,NA,NA,NA,NA,NA,NA,NA,NA,NA,NA,NA,NA,NA,NA,NA,NA,NA,NA,NA,NA,NA,NA,NA,NA,NA,NA,NA,NA,NA,NA,NA,NA,NA,NA,NA,NA,NA,NA,NA,NA,NA,NA,NA,NA,NA,NA,NA,NA,NA,NA,NA,NA,NA,NA,NA,NA,NA,NA,NA,NA,NA,NA,NA,NA,NA,NA,NA,NA,NA,NA,NA,NA,NA,NA,NA,NA,0.98093186300561,0.100336969576368,NA,NA,NA,NA,NA,0.834397256249324,0.98747208901487,NA,0.491711830208289,0.29309383216686,0.753221464158668,NA,NA,NA,NA,0.770031740443787,NA,0.886163210811765,NA,NA,NA,NA,NA,NA,NA,NA,0.103691692053429,0.441560120519994,NA,0.968405117749359,0.39548003969957,NA,0.168029091307823,0.218026811092712
"99",NA,NA,NA,NA,NA,NA,NA,NA,NA,NA,NA,NA,NA,NA,NA,NA,NA,NA,NA,NA,NA,NA,NA,NA,NA,NA,NA,NA,NA,NA,NA,NA,NA,NA,NA,NA,NA,NA,NA,NA,NA,NA,NA,NA,NA,NA,NA,NA,NA,NA,NA,NA,NA,NA,NA,NA,NA,NA,NA,NA,NA,NA,NA,NA,NA,NA,NA,NA,NA,NA,NA,NA,NA,NA,NA,NA,NA,NA,NA,NA,NA,NA,NA,NA,NA,NA,NA,NA,NA,NA,NA,NA,NA,NA,NA,NA,NA,NA,NA,NA,NA,NA,NA,NA,NA,NA,NA,0.354364092494715,NA,NA,NA,NA,NA,NA,NA,NA,NA,NA,NA,NA,NA,NA,NA,NA,NA,NA,NA,NA,NA,NA,NA,NA,NA,NA,NA,NA
"100",NA,NA,NA,NA,NA,NA,NA,NA,NA,NA,NA,NA,NA,NA,NA,NA,NA,NA,NA,NA,NA,NA,NA,NA,NA,NA,NA,NA,NA,NA,NA,NA,NA,NA,NA,NA,NA,NA,NA,NA,NA,NA,NA,NA,NA,NA,NA,NA,NA,NA,NA,NA,NA,NA,NA,NA,NA,NA,NA,NA,NA,NA,NA,NA,NA,NA,NA,NA,NA,NA,NA,NA,NA,NA,NA,NA,NA,NA,NA,NA,NA,NA,NA,NA,NA,NA,NA,NA,NA,NA,NA,NA,NA,NA,NA,NA,NA,NA,NA,NA,NA,NA,NA,NA,NA,NA,NA,NA,NA,NA,NA,NA,NA,NA,NA,NA,NA,0.685846517864162,NA,NA,NA,NA,NA,NA,NA,NA,NA,0.739662398509545,NA,NA,0.791252766195392,NA,NA,NA,0.417562501318207,0.466805293748175
"101",NA,NA,NA,NA,NA,NA,NA,NA,NA,NA,NA,NA,NA,NA,NA,NA,NA,NA,NA,NA,NA,NA,NA,NA,NA,NA,NA,NA,NA,NA,NA,NA,NA,NA,NA,NA,NA,NA,NA,NA,NA,NA,NA,NA,NA,NA,NA,NA,NA,NA,NA,NA,NA,NA,NA,NA,NA,NA,NA,NA,NA,NA,NA,NA,NA,NA,NA,NA,NA,NA,NA,NA,NA,NA,NA,NA,NA,NA,NA,NA,NA,NA,NA,NA,NA,NA,NA,NA,NA,NA,NA,NA,NA,NA,NA,NA,NA,NA,NA,NA,NA,0.993480821248992,NA,NA,NA,0.460005035528796,NA,0.884623667199212,0.436827216532791,NA,0.931685577859781,NA,0.713229693855365,NA,NA,NA,NA,NA,NA,NA,0.312067744052661,0.748776781932515,NA,NA,NA,NA,NA,NA,NA,NA,NA,NA,NA,NA,NA,NA
"102",NA,NA,NA,NA,NA,NA,NA,NA,NA,NA,NA,NA,NA,NA,NA,NA,NA,NA,NA,NA,NA,NA,NA,NA,NA,NA,NA,NA,NA,NA,NA,NA,NA,NA,NA,NA,NA,NA,NA,NA,NA,NA,NA,NA,NA,NA,NA,NA,NA,NA,NA,NA,NA,NA,NA,NA,NA,NA,NA,NA,NA,NA,NA,NA,NA,NA,NA,NA,NA,NA,NA,NA,NA,NA,NA,NA,NA,NA,NA,NA,NA,NA,NA,NA,NA,NA,NA,NA,NA,NA,NA,NA,NA,NA,NA,NA,NA,NA,NA,NA,NA,NA,0.579619658350613,NA,NA,NA,NA,0.963294675251837,0.91032348316623,NA,0.350714779697753,NA,0.775215701310628,NA,NA,NA,NA,0.976749982701527,NA,NA,NA,0.665864191871755,NA,NA,NA,NA,0.521672880993354,NA,0.29309383216686,0.725892545802441,NA,NA,NA,NA,0.29309383216686,0.402746681758646
"103",NA,NA,NA,NA,NA,NA,NA,NA,NA,NA,NA,NA,NA,NA,NA,NA,NA,NA,NA,NA,NA,NA,NA,NA,NA,NA,NA,NA,NA,NA,NA,NA,NA,NA,NA,NA,NA,NA,NA,NA,NA,NA,NA,NA,NA,NA,NA,NA,NA,NA,NA,NA,NA,NA,NA,NA,NA,NA,NA,NA,NA,NA,NA,NA,NA,NA,NA,NA,NA,NA,NA,NA,NA,NA,NA,NA,NA,NA,NA,NA,NA,NA,NA,NA,NA,NA,NA,NA,NA,NA,NA,NA,NA,NA,NA,NA,NA,NA,NA,NA,NA,NA,NA,NA,NA,NA,NA,NA,NA,NA,NA,0.810283981191632,NA,NA,NA,NA,NA,NA,NA,NA,NA,NA,NA,NA,NA,NA,NA,NA,NA,NA,NA,NA,NA,NA,NA,NA
"104",NA,NA,NA,NA,NA,NA,NA,NA,NA,NA,NA,NA,NA,NA,NA,NA,NA,NA,NA,NA,NA,NA,NA,NA,NA,NA,NA,NA,NA,NA,NA,NA,NA,NA,NA,NA,NA,NA,NA,NA,NA,NA,NA,NA,NA,NA,NA,NA,NA,NA,NA,NA,NA,NA,NA,NA,NA,NA,NA,NA,NA,NA,NA,NA,NA,NA,NA,NA,NA,NA,NA,NA,NA,NA,NA,NA,NA,NA,NA,NA,NA,NA,NA,NA,NA,NA,NA,NA,NA,NA,NA,NA,NA,NA,NA,NA,NA,NA,NA,NA,NA,NA,NA,NA,NA,NA,NA,NA,NA,NA,NA,NA,NA,NA,0.973507377504008,0.354364092494715,NA,NA,NA,NA,NA,NA,NA,NA,NA,NA,NA,NA,NA,NA,NA,NA,NA,NA,NA,NA
"105",NA,NA,NA,NA,NA,NA,NA,NA,NA,NA,NA,NA,NA,NA,NA,NA,NA,NA,NA,NA,NA,NA,NA,NA,NA,NA,NA,NA,NA,NA,NA,NA,NA,NA,NA,NA,NA,NA,NA,NA,NA,NA,NA,NA,NA,NA,NA,NA,NA,NA,NA,NA,NA,NA,NA,NA,NA,NA,NA,NA,NA,NA,NA,NA,NA,NA,NA,NA,NA,NA,NA,NA,NA,NA,NA,NA,NA,NA,NA,NA,NA,NA,NA,NA,NA,NA,NA,NA,NA,NA,NA,NA,NA,NA,NA,NA,NA,NA,NA,NA,NA,NA,NA,NA,NA,0.998999758809608,0.682968843283766,0.760835734678762,NA,NA,NA,NA,NA,NA,NA,NA,NA,NA,NA,NA,0.981558672754885,NA,NA,NA,NA,NA,NA,NA,NA,NA,NA,NA,NA,0.762696476358842,NA,NA
"106",NA,NA,NA,NA,NA,NA,NA,NA,NA,NA,NA,NA,NA,NA,NA,NA,NA,NA,NA,NA,NA,NA,NA,NA,NA,NA,NA,NA,NA,NA,NA,NA,NA,NA,NA,NA,NA,NA,NA,NA,NA,NA,NA,NA,NA,NA,NA,NA,NA,NA,NA,NA,NA,NA,NA,NA,NA,NA,NA,NA,NA,NA,NA,NA,NA,NA,NA,NA,NA,NA,NA,NA,NA,NA,NA,NA,NA,NA,NA,NA,NA,NA,NA,NA,NA,NA,NA,NA,NA,NA,NA,NA,NA,NA,NA,NA,NA,NA,NA,NA,NA,NA,NA,NA,NA,NA,NA,0.468664807572132,0.436827216532791,NA,NA,0.416281226386602,0.697383287023188,NA,NA,NA,0.818306938891371,NA,NA,NA,0.588364451647127,NA,NA,NA,NA,NA,NA,NA,NA,NA,NA,NA,NA,NA,NA,NA
"107",NA,NA,NA,NA,NA,NA,NA,NA,NA,NA,NA,NA,NA,NA,NA,NA,NA,NA,NA,NA,NA,NA,NA,NA,NA,NA,NA,NA,NA,NA,NA,NA,NA,NA,NA,NA,NA,NA,NA,NA,NA,NA,NA,NA,NA,NA,NA,NA,NA,NA,NA,NA,NA,NA,NA,NA,NA,NA,NA,NA,NA,NA,NA,NA,NA,NA,NA,NA,NA,NA,NA,NA,NA,NA,NA,NA,NA,NA,NA,NA,NA,NA,NA,NA,NA,NA,NA,NA,NA,NA,NA,NA,NA,NA,NA,NA,NA,NA,NA,NA,NA,NA,NA,NA,NA,NA,NA,NA,NA,NA,NA,NA,NA,NA,NA,NA,NA,NA,NA,NA,NA,NA,NA,NA,NA,NA,NA,NA,NA,NA,NA,NA,NA,NA,NA,NA
"108",NA,NA,NA,NA,NA,NA,NA,NA,NA,NA,NA,NA,NA,NA,NA,NA,NA,NA,NA,NA,NA,NA,NA,NA,NA,NA,NA,NA,NA,NA,NA,NA,NA,NA,NA,NA,NA,NA,NA,NA,NA,NA,NA,NA,NA,NA,NA,NA,NA,NA,NA,NA,NA,NA,NA,NA,NA,NA,NA,NA,NA,NA,NA,NA,NA,NA,NA,NA,NA,NA,NA,NA,NA,NA,NA,NA,NA,NA,NA,NA,NA,NA,NA,NA,NA,NA,NA,NA,NA,NA,NA,NA,NA,NA,NA,NA,NA,NA,NA,NA,NA,NA,NA,NA,NA,NA,NA,NA,0.61482127781028,NA,0.959305186078669,NA,0.985091593903966,NA,NA,NA,NA,0.915629484794157,NA,NA,0.149776271620888,0.876614879413384,NA,NA,NA,NA,NA,NA,0.844755003382068,0.607321233917805,NA,NA,NA,NA,0.997640133838769,NA
"109",NA,NA,NA,NA,NA,NA,NA,NA,NA,NA,NA,NA,NA,NA,NA,NA,NA,NA,NA,NA,NA,NA,NA,NA,NA,NA,NA,NA,NA,NA,NA,NA,NA,NA,NA,NA,NA,NA,NA,NA,NA,NA,NA,NA,NA,NA,NA,NA,NA,NA,NA,NA,NA,NA,NA,NA,NA,NA,NA,NA,NA,NA,NA,NA,NA,NA,NA,NA,NA,NA,NA,NA,NA,NA,NA,NA,NA,NA,NA,NA,NA,NA,NA,NA,NA,NA,NA,NA,NA,NA,NA,NA,NA,NA,NA,NA,NA,NA,NA,NA,NA,NA,NA,NA,NA,NA,NA,NA,NA,NA,0.785075206760306,NA,0.664581293686301,NA,NA,NA,0.87943282419762,0.98613824650733,NA,NA,0.347889061302738,0.656177654692822,NA,NA,NA,NA,NA,NA,0.739662398509545,0.606637422464718,NA,NA,NA,NA,NA,NA
"110",NA,NA,NA,NA,NA,NA,NA,NA,NA,NA,NA,NA,NA,NA,NA,NA,NA,NA,NA,NA,NA,NA,NA,NA,NA,NA,NA,NA,NA,NA,NA,NA,NA,NA,NA,NA,NA,NA,NA,NA,NA,NA,NA,NA,NA,NA,NA,NA,NA,NA,NA,NA,NA,NA,NA,NA,NA,NA,NA,NA,NA,NA,NA,NA,NA,NA,NA,NA,NA,NA,NA,NA,NA,NA,NA,NA,NA,NA,NA,NA,NA,NA,NA,NA,NA,NA,NA,NA,NA,NA,NA,NA,NA,NA,NA,NA,NA,NA,NA,NA,NA,NA,NA,NA,NA,NA,NA,NA,NA,NA,NA,NA,NA,NA,NA,NA,NA,NA,NA,NA,NA,NA,0.685846517864162,NA,0.311731143313508,NA,NA,NA,NA,NA,NA,NA,NA,NA,NA,NA
"111",NA,NA,NA,NA,NA,NA,NA,NA,NA,NA,NA,NA,NA,NA,NA,NA,NA,NA,NA,NA,NA,NA,NA,NA,NA,NA,NA,NA,NA,NA,NA,NA,NA,NA,NA,NA,NA,NA,NA,NA,NA,NA,NA,NA,NA,NA,NA,NA,NA,NA,NA,NA,NA,NA,NA,NA,NA,NA,NA,NA,NA,NA,NA,NA,NA,NA,NA,NA,NA,NA,NA,NA,NA,NA,NA,NA,NA,NA,NA,NA,NA,NA,NA,NA,NA,NA,NA,NA,NA,NA,NA,NA,NA,NA,NA,NA,NA,NA,NA,NA,NA,NA,NA,NA,NA,NA,NA,NA,NA,NA,NA,NA,0.844755003382068,NA,NA,NA,NA,0.898162143148419,NA,NA,NA,0.955331290338599,NA,NA,NA,NA,NA,NA,0.222719381234554,NA,NA,NA,NA,NA,0.417138854044825,0.389870449324234
"112",NA,NA,NA,NA,NA,NA,NA,NA,NA,NA,NA,NA,NA,NA,NA,NA,NA,NA,NA,NA,NA,NA,NA,NA,NA,NA,NA,NA,NA,NA,NA,NA,NA,NA,NA,NA,NA,NA,NA,NA,NA,NA,NA,NA,NA,NA,NA,NA,NA,NA,NA,NA,NA,NA,NA,NA,NA,NA,NA,NA,NA,NA,NA,NA,NA,NA,NA,NA,NA,NA,NA,NA,NA,NA,NA,NA,NA,NA,NA,NA,NA,NA,NA,NA,NA,NA,NA,NA,NA,NA,NA,NA,NA,NA,NA,NA,NA,NA,NA,NA,NA,NA,NA,NA,NA,NA,NA,NA,NA,NA,NA,NA,NA,NA,0.709175849393743,NA,NA,NA,NA,0.87943282419762,NA,NA,0.219553495978803,NA,NA,NA,NA,NA,NA,NA,NA,NA,NA,NA,NA,NA
"113",NA,NA,NA,NA,NA,NA,NA,NA,NA,NA,NA,NA,NA,NA,NA,NA,NA,NA,NA,NA,NA,NA,NA,NA,NA,NA,NA,NA,NA,NA,NA,NA,NA,NA,NA,NA,NA,NA,NA,NA,NA,NA,NA,NA,NA,NA,NA,NA,NA,NA,NA,NA,NA,NA,NA,NA,NA,NA,NA,NA,NA,NA,NA,NA,NA,NA,NA,NA,NA,NA,NA,NA,NA,NA,NA,NA,NA,NA,NA,NA,NA,NA,NA,NA,NA,NA,NA,NA,NA,NA,NA,NA,NA,NA,NA,NA,NA,NA,NA,NA,NA,NA,NA,NA,NA,NA,NA,NA,NA,NA,NA,NA,NA,NA,NA,NA,NA,0.713229693855365,NA,NA,0.423474013726505,0.970482888236069,NA,NA,NA,NA,NA,NA,0.968432693071889,NA,NA,NA,NA,NA,0.870640681575876,0.75762969262158
"114",NA,NA,NA,NA,NA,NA,NA,NA,NA,NA,NA,NA,NA,NA,NA,NA,NA,NA,NA,NA,NA,NA,NA,NA,NA,NA,NA,NA,NA,NA,NA,NA,NA,NA,NA,NA,NA,NA,NA,NA,NA,NA,NA,NA,NA,NA,NA,NA,NA,NA,NA,NA,NA,NA,NA,NA,NA,NA,NA,NA,NA,NA,NA,NA,NA,NA,NA,NA,NA,NA,NA,NA,NA,NA,NA,NA,NA,NA,NA,NA,NA,NA,NA,NA,NA,NA,NA,NA,NA,NA,NA,NA,NA,NA,NA,NA,NA,NA,NA,NA,NA,NA,NA,NA,NA,NA,NA,NA,NA,NA,NA,NA,NA,NA,NA,NA,NA,0.79645630184328,NA,NA,NA,NA,NA,0.46384291827376,NA,NA,NA,NA,NA,NA,NA,NA,NA,NA,NA,NA
"115",NA,NA,NA,NA,NA,NA,NA,NA,NA,NA,NA,NA,NA,NA,NA,NA,NA,NA,NA,NA,NA,NA,NA,NA,NA,NA,NA,NA,NA,NA,NA,NA,NA,NA,NA,NA,NA,NA,NA,NA,NA,NA,NA,NA,NA,NA,NA,NA,NA,NA,NA,NA,NA,NA,NA,NA,NA,NA,NA,NA,NA,NA,NA,NA,NA,NA,NA,NA,NA,NA,NA,NA,NA,NA,NA,NA,NA,NA,NA,NA,NA,NA,NA,NA,NA,NA,NA,NA,NA,NA,NA,NA,NA,NA,NA,NA,NA,NA,NA,NA,NA,NA,NA,NA,NA,NA,NA,NA,NA,NA,NA,NA,NA,NA,NA,NA,NA,NA,NA,NA,NA,NA,NA,NA,NA,NA,NA,NA,NA,NA,NA,NA,NA,NA,NA,NA
"116",NA,NA,NA,NA,NA,NA,NA,NA,NA,NA,NA,NA,NA,NA,NA,NA,NA,NA,NA,NA,NA,NA,NA,NA,NA,NA,NA,NA,NA,NA,NA,NA,NA,NA,NA,NA,NA,NA,NA,NA,NA,NA,NA,NA,NA,NA,NA,NA,NA,NA,NA,NA,NA,NA,NA,NA,NA,NA,NA,NA,NA,NA,NA,NA,NA,NA,NA,NA,NA,NA,NA,NA,NA,NA,NA,NA,NA,NA,NA,NA,NA,NA,NA,NA,NA,NA,NA,NA,NA,NA,NA,NA,NA,NA,NA,NA,NA,NA,NA,NA,NA,NA,NA,NA,NA,NA,NA,NA,NA,NA,NA,NA,NA,NA,NA,NA,0.218026811092712,NA,NA,NA,NA,NA,NA,NA,NA,NA,NA,NA,NA,NA,NA,NA,NA,NA,NA,NA
"117",NA,NA,NA,NA,NA,NA,NA,NA,NA,NA,NA,NA,NA,NA,NA,NA,NA,NA,NA,NA,NA,NA,NA,NA,NA,NA,NA,NA,NA,NA,NA,NA,NA,NA,NA,NA,NA,NA,NA,NA,NA,NA,NA,NA,NA,NA,NA,NA,NA,NA,NA,NA,NA,NA,NA,NA,NA,NA,NA,NA,NA,NA,NA,NA,NA,NA,NA,NA,NA,NA,NA,NA,NA,NA,NA,NA,NA,NA,NA,NA,NA,NA,NA,NA,NA,NA,NA,NA,NA,NA,NA,NA,NA,NA,NA,NA,NA,NA,NA,NA,NA,NA,NA,NA,NA,NA,NA,NA,NA,NA,NA,NA,NA,NA,NA,NA,NA,NA,NA,NA,0.656177654692822,NA,NA,NA,NA,NA,NA,NA,NA,NA,NA,NA,0.29309383216686,NA,NA,NA
"118",NA,NA,NA,NA,NA,NA,NA,NA,NA,NA,NA,NA,NA,NA,NA,NA,NA,NA,NA,NA,NA,NA,NA,NA,NA,NA,NA,NA,NA,NA,NA,NA,NA,NA,NA,NA,NA,NA,NA,NA,NA,NA,NA,NA,NA,NA,NA,NA,NA,NA,NA,NA,NA,NA,NA,NA,NA,NA,NA,NA,NA,NA,NA,NA,NA,NA,NA,NA,NA,NA,NA,NA,NA,NA,NA,NA,NA,NA,NA,NA,NA,NA,NA,NA,NA,NA,NA,NA,NA,NA,NA,NA,NA,NA,NA,NA,NA,NA,NA,NA,NA,NA,NA,NA,NA,NA,NA,NA,NA,NA,NA,NA,NA,NA,NA,NA,NA,NA,NA,NA,NA,NA,NA,NA,NA,NA,NA,0.936221463672743,0.436827216532791,NA,0.990125581279752,0.775246377557292,NA,NA,NA,NA
"119",NA,NA,NA,NA,NA,NA,NA,NA,NA,NA,NA,NA,NA,NA,NA,NA,NA,NA,NA,NA,NA,NA,NA,NA,NA,NA,NA,NA,NA,NA,NA,NA,NA,NA,NA,NA,NA,NA,NA,NA,NA,NA,NA,NA,NA,NA,NA,NA,NA,NA,NA,NA,NA,NA,NA,NA,NA,NA,NA,NA,NA,NA,NA,NA,NA,NA,NA,NA,NA,NA,NA,NA,NA,NA,NA,NA,NA,NA,NA,NA,NA,NA,NA,NA,NA,NA,NA,NA,NA,NA,NA,NA,NA,NA,NA,NA,NA,NA,NA,NA,NA,NA,NA,NA,NA,NA,NA,NA,NA,NA,NA,NA,NA,NA,NA,NA,NA,NA,NA,NA,NA,NA,NA,NA,NA,NA,0.589873375724634,NA,NA,NA,NA,NA,NA,NA,NA,NA
"120",NA,NA,NA,NA,NA,NA,NA,NA,NA,NA,NA,NA,NA,NA,NA,NA,NA,NA,NA,NA,NA,NA,NA,NA,NA,NA,NA,NA,NA,NA,NA,NA,NA,NA,NA,NA,NA,NA,NA,NA,NA,NA,NA,NA,NA,NA,NA,NA,NA,NA,NA,NA,NA,NA,NA,NA,NA,NA,NA,NA,NA,NA,NA,NA,NA,NA,NA,NA,NA,NA,NA,NA,NA,NA,NA,NA,NA,NA,NA,NA,NA,NA,NA,NA,NA,NA,NA,NA,NA,NA,NA,NA,NA,NA,NA,NA,NA,NA,NA,NA,NA,NA,NA,NA,NA,NA,NA,NA,NA,NA,NA,NA,NA,NA,NA,NA,NA,NA,NA,NA,NA,NA,NA,NA,NA,NA,NA,NA,NA,NA,NA,NA,NA,0.827969423739168,NA,NA
"121",NA,NA,NA,NA,NA,NA,NA,NA,NA,NA,NA,NA,NA,NA,NA,NA,NA,NA,NA,NA,NA,NA,NA,NA,NA,NA,NA,NA,NA,NA,NA,NA,NA,NA,NA,NA,NA,NA,NA,NA,NA,NA,NA,NA,NA,NA,NA,NA,NA,NA,NA,NA,NA,NA,NA,NA,NA,NA,NA,NA,NA,NA,NA,NA,NA,NA,NA,NA,NA,NA,NA,NA,NA,NA,NA,NA,NA,NA,NA,NA,NA,NA,NA,NA,NA,NA,NA,NA,NA,NA,NA,NA,NA,NA,NA,NA,NA,NA,NA,NA,NA,NA,NA,NA,NA,NA,NA,NA,NA,NA,NA,NA,NA,NA,NA,NA,NA,NA,NA,NA,NA,0.363564082680055,NA,NA,NA,NA,0.915629484794157,NA,NA,NA,NA,NA,NA,NA,NA,NA
"122",NA,NA,NA,NA,NA,NA,NA,NA,NA,NA,NA,NA,NA,NA,NA,NA,NA,NA,NA,NA,NA,NA,NA,NA,NA,NA,NA,NA,NA,NA,NA,NA,NA,NA,NA,NA,NA,NA,NA,NA,NA,NA,NA,NA,NA,NA,NA,NA,NA,NA,NA,NA,NA,NA,NA,NA,NA,NA,NA,NA,NA,NA,NA,NA,NA,NA,NA,NA,NA,NA,NA,NA,NA,NA,NA,NA,NA,NA,NA,NA,NA,NA,NA,NA,NA,NA,NA,NA,NA,NA,NA,NA,NA,NA,NA,NA,NA,NA,NA,NA,NA,NA,NA,NA,NA,NA,NA,NA,NA,NA,NA,NA,NA,NA,NA,NA,NA,NA,NA,NA,NA,NA,NA,NA,NA,NA,NA,NA,NA,NA,NA,NA,NA,NA,NA,NA
"123",NA,NA,NA,NA,NA,NA,NA,NA,NA,NA,NA,NA,NA,NA,NA,NA,NA,NA,NA,NA,NA,NA,NA,NA,NA,NA,NA,NA,NA,NA,NA,NA,NA,NA,NA,NA,NA,NA,NA,NA,NA,NA,NA,NA,NA,NA,NA,NA,NA,NA,NA,NA,NA,NA,NA,NA,NA,NA,NA,NA,NA,NA,NA,NA,NA,NA,NA,NA,NA,NA,NA,NA,NA,NA,NA,NA,NA,NA,NA,NA,NA,NA,NA,NA,NA,NA,NA,NA,NA,NA,NA,NA,NA,NA,NA,NA,NA,NA,NA,NA,NA,NA,NA,NA,NA,NA,NA,NA,NA,NA,NA,NA,NA,NA,NA,NA,NA,NA,NA,NA,NA,NA,NA,NA,0.682968843283766,NA,NA,NA,NA,NA,NA,NA,NA,NA,NA,NA
"124",NA,NA,NA,NA,NA,NA,NA,NA,NA,NA,NA,NA,NA,NA,NA,NA,NA,NA,NA,NA,NA,NA,NA,NA,NA,NA,NA,NA,NA,NA,NA,NA,NA,NA,NA,NA,NA,NA,NA,NA,NA,NA,NA,NA,NA,NA,NA,NA,NA,NA,NA,NA,NA,NA,NA,NA,NA,NA,NA,NA,NA,NA,NA,NA,NA,NA,NA,NA,NA,NA,NA,NA,NA,NA,NA,NA,NA,NA,NA,NA,NA,NA,NA,NA,NA,NA,NA,NA,NA,NA,NA,NA,NA,NA,NA,NA,NA,NA,NA,NA,NA,NA,NA,NA,NA,NA,NA,NA,NA,NA,NA,NA,NA,NA,NA,NA,NA,NA,NA,NA,NA,NA,NA,NA,NA,NA,NA,NA,NA,NA,NA,NA,NA,NA,NA,NA
"125",NA,NA,NA,NA,NA,NA,NA,NA,NA,NA,NA,NA,NA,NA,NA,NA,NA,NA,NA,NA,NA,NA,NA,NA,NA,NA,NA,NA,NA,NA,NA,NA,NA,NA,NA,NA,NA,NA,NA,NA,NA,NA,NA,NA,NA,NA,NA,NA,NA,NA,NA,NA,NA,NA,NA,NA,NA,NA,NA,NA,NA,NA,NA,NA,NA,NA,NA,NA,NA,NA,NA,NA,NA,NA,NA,NA,NA,NA,NA,NA,NA,NA,NA,NA,NA,NA,NA,NA,NA,NA,NA,NA,NA,NA,NA,NA,NA,NA,NA,NA,NA,NA,NA,NA,NA,NA,NA,NA,NA,NA,NA,NA,NA,NA,NA,NA,NA,NA,NA,NA,NA,NA,NA,NA,NA,NA,NA,NA,NA,NA,NA,NA,NA,NA,NA,NA
"126",NA,NA,NA,NA,NA,NA,NA,NA,NA,NA,NA,NA,NA,NA,NA,NA,NA,NA,NA,NA,NA,NA,NA,NA,NA,NA,NA,NA,NA,NA,NA,NA,NA,NA,NA,NA,NA,NA,NA,NA,NA,NA,NA,NA,NA,NA,NA,NA,NA,NA,NA,NA,NA,NA,NA,NA,NA,NA,NA,NA,NA,NA,NA,NA,NA,NA,NA,NA,NA,NA,NA,NA,NA,NA,NA,NA,NA,NA,NA,NA,NA,NA,NA,NA,NA,NA,NA,NA,NA,NA,NA,NA,NA,NA,NA,NA,NA,NA,NA,NA,NA,NA,NA,NA,NA,NA,NA,NA,NA,NA,NA,NA,NA,NA,NA,NA,NA,NA,NA,NA,NA,NA,NA,NA,NA,NA,NA,0.713229693855365,0.617363600129712,0.439919829822891,NA,NA,0.932815906062083,NA,0.847949893890043,0.468664807572132
"127",NA,NA,NA,NA,NA,NA,NA,NA,NA,NA,NA,NA,NA,NA,NA,NA,NA,NA,NA,NA,NA,NA,NA,NA,NA,NA,NA,NA,NA,NA,NA,NA,NA,NA,NA,NA,NA,NA,NA,NA,NA,NA,NA,NA,NA,NA,NA,NA,NA,NA,NA,NA,NA,NA,NA,NA,NA,NA,NA,NA,NA,NA,NA,NA,NA,NA,NA,NA,NA,NA,NA,NA,NA,NA,NA,NA,NA,NA,NA,NA,NA,NA,NA,NA,NA,NA,NA,NA,NA,NA,NA,NA,NA,NA,NA,NA,NA,NA,NA,NA,NA,NA,NA,NA,NA,NA,NA,NA,NA,NA,NA,NA,NA,NA,NA,NA,NA,NA,NA,NA,NA,NA,NA,NA,NA,NA,NA,0.713229693855365,NA,NA,NA,NA,NA,0.91032348316623,NA,NA
"128",NA,NA,NA,NA,NA,NA,NA,NA,NA,NA,NA,NA,NA,NA,NA,NA,NA,NA,NA,NA,NA,NA,NA,NA,NA,NA,NA,NA,NA,NA,NA,NA,NA,NA,NA,NA,NA,NA,NA,NA,NA,NA,NA,NA,NA,NA,NA,NA,NA,NA,NA,NA,NA,NA,NA,NA,NA,NA,NA,NA,NA,NA,NA,NA,NA,NA,NA,NA,NA,NA,NA,NA,NA,NA,NA,NA,NA,NA,NA,NA,NA,NA,NA,NA,NA,NA,NA,NA,NA,NA,NA,NA,NA,NA,NA,NA,NA,NA,NA,NA,NA,NA,NA,NA,NA,NA,NA,NA,NA,NA,NA,NA,NA,NA,NA,NA,NA,NA,NA,NA,NA,NA,NA,NA,NA,NA,NA,NA,0.656177654692822,NA,0.892279506958289,0.990706741232465,NA,NA,0.961775839457011,0.990125581279752
"129",NA,NA,NA,NA,NA,NA,NA,NA,NA,NA,NA,NA,NA,NA,NA,NA,NA,NA,NA,NA,NA,NA,NA,NA,NA,NA,NA,NA,NA,NA,NA,NA,NA,NA,NA,NA,NA,NA,NA,NA,NA,NA,NA,NA,NA,NA,NA,NA,NA,NA,NA,NA,NA,NA,NA,NA,NA,NA,NA,NA,NA,NA,NA,NA,NA,NA,NA,NA,NA,NA,NA,NA,NA,NA,NA,NA,NA,NA,NA,NA,NA,NA,NA,NA,NA,NA,NA,NA,NA,NA,NA,NA,NA,NA,NA,NA,NA,NA,NA,NA,NA,NA,NA,NA,NA,NA,NA,NA,NA,NA,NA,NA,NA,NA,NA,NA,NA,NA,NA,NA,NA,NA,NA,NA,NA,NA,NA,NA,NA,0.87943282419762,NA,NA,0.354364092494715,NA,0.39344803687677,0.517656725746995
"130",NA,NA,NA,NA,NA,NA,NA,NA,NA,NA,NA,NA,NA,NA,NA,NA,NA,NA,NA,NA,NA,NA,NA,NA,NA,NA,NA,NA,NA,NA,NA,NA,NA,NA,NA,NA,NA,NA,NA,NA,NA,NA,NA,NA,NA,NA,NA,NA,NA,NA,NA,NA,NA,NA,NA,NA,NA,NA,NA,NA,NA,NA,NA,NA,NA,NA,NA,NA,NA,NA,NA,NA,NA,NA,NA,NA,NA,NA,NA,NA,NA,NA,NA,NA,NA,NA,NA,NA,NA,NA,NA,NA,NA,NA,NA,NA,NA,NA,NA,NA,NA,NA,NA,NA,NA,NA,NA,NA,NA,NA,NA,NA,NA,NA,NA,NA,NA,NA,NA,NA,NA,NA,NA,NA,NA,NA,NA,NA,NA,NA,NA,NA,0.98093186300561,NA,0.411680544726912,0.87943282419762
"131",NA,NA,NA,NA,NA,NA,NA,NA,NA,NA,NA,NA,NA,NA,NA,NA,NA,NA,NA,NA,NA,NA,NA,NA,NA,NA,NA,NA,NA,NA,NA,NA,NA,NA,NA,NA,NA,NA,NA,NA,NA,NA,NA,NA,NA,NA,NA,NA,NA,NA,NA,NA,NA,NA,NA,NA,NA,NA,NA,NA,NA,NA,NA,NA,NA,NA,NA,NA,NA,NA,NA,NA,NA,NA,NA,NA,NA,NA,NA,NA,NA,NA,NA,NA,NA,NA,NA,NA,NA,NA,NA,NA,NA,NA,NA,NA,NA,NA,NA,NA,NA,NA,NA,NA,NA,NA,NA,NA,NA,NA,NA,NA,NA,NA,NA,NA,NA,NA,NA,NA,NA,NA,NA,NA,NA,NA,NA,NA,NA,NA,NA,0.468664807572132,NA,NA,NA,NA
"132",NA,NA,NA,NA,NA,NA,NA,NA,NA,NA,NA,NA,NA,NA,NA,NA,NA,NA,NA,NA,NA,NA,NA,NA,NA,NA,NA,NA,NA,NA,NA,NA,NA,NA,NA,NA,NA,NA,NA,NA,NA,NA,NA,NA,NA,NA,NA,NA,NA,NA,NA,NA,NA,NA,NA,NA,NA,NA,NA,NA,NA,NA,NA,NA,NA,NA,NA,NA,NA,NA,NA,NA,NA,NA,NA,NA,NA,NA,NA,NA,NA,NA,NA,NA,NA,NA,NA,NA,NA,NA,NA,NA,NA,NA,NA,NA,NA,NA,NA,NA,NA,NA,NA,NA,NA,NA,NA,NA,NA,NA,NA,NA,NA,NA,NA,NA,NA,NA,NA,NA,NA,NA,NA,NA,NA,NA,NA,NA,NA,NA,NA,NA,NA,NA,NA,NA
"133",NA,NA,NA,NA,NA,NA,NA,NA,NA,NA,NA,NA,NA,NA,NA,NA,NA,NA,NA,NA,NA,NA,NA,NA,NA,NA,NA,NA,NA,NA,NA,NA,NA,NA,NA,NA,NA,NA,NA,NA,NA,NA,NA,NA,NA,NA,NA,NA,NA,NA,NA,NA,NA,NA,NA,NA,NA,NA,NA,NA,NA,NA,NA,NA,NA,NA,NA,NA,NA,NA,NA,NA,NA,NA,NA,NA,NA,NA,NA,NA,NA,NA,NA,NA,NA,NA,NA,NA,NA,NA,NA,NA,NA,NA,NA,NA,NA,NA,NA,NA,NA,NA,NA,NA,NA,NA,NA,NA,NA,NA,NA,NA,NA,NA,NA,NA,NA,NA,NA,NA,NA,NA,NA,NA,NA,NA,NA,NA,NA,NA,NA,NA,NA,0.477231036360573,0.8461693845412,0.411680544726912
"134",NA,NA,NA,NA,NA,NA,NA,NA,NA,NA,NA,NA,NA,NA,NA,NA,NA,NA,NA,NA,NA,NA,NA,NA,NA,NA,NA,NA,NA,NA,NA,NA,NA,NA,NA,NA,NA,NA,NA,NA,NA,NA,NA,NA,NA,NA,NA,NA,NA,NA,NA,NA,NA,NA,NA,NA,NA,NA,NA,NA,NA,NA,NA,NA,NA,NA,NA,NA,NA,NA,NA,NA,NA,NA,NA,NA,NA,NA,NA,NA,NA,NA,NA,NA,NA,NA,NA,NA,NA,NA,NA,NA,NA,NA,NA,NA,NA,NA,NA,NA,NA,NA,NA,NA,NA,NA,NA,NA,NA,NA,NA,NA,NA,NA,NA,NA,NA,NA,NA,NA,NA,NA,NA,NA,NA,NA,NA,NA,NA,NA,NA,NA,NA,NA,NA,NA
"135",NA,NA,NA,NA,NA,NA,NA,NA,NA,NA,NA,NA,NA,NA,NA,NA,NA,NA,NA,NA,NA,NA,NA,NA,NA,NA,NA,NA,NA,NA,NA,NA,NA,NA,NA,NA,NA,NA,NA,NA,NA,NA,NA,NA,NA,NA,NA,NA,NA,NA,NA,NA,NA,NA,NA,NA,NA,NA,NA,NA,NA,NA,NA,NA,NA,NA,NA,NA,NA,NA,NA,NA,NA,NA,NA,NA,NA,NA,NA,NA,NA,NA,NA,NA,NA,NA,NA,NA,NA,NA,NA,NA,NA,NA,NA,NA,NA,NA,NA,NA,NA,NA,NA,NA,NA,NA,NA,NA,NA,NA,NA,NA,NA,NA,NA,NA,NA,NA,NA,NA,NA,NA,NA,NA,NA,NA,NA,NA,NA,NA,NA,NA,NA,NA,NA,0.87943282419762
"136",NA,NA,NA,NA,NA,NA,NA,NA,NA,NA,NA,NA,NA,NA,NA,NA,NA,NA,NA,NA,NA,NA,NA,NA,NA,NA,NA,NA,NA,NA,NA,NA,NA,NA,NA,NA,NA,NA,NA,NA,NA,NA,NA,NA,NA,NA,NA,NA,NA,NA,NA,NA,NA,NA,NA,NA,NA,NA,NA,NA,NA,NA,NA,NA,NA,NA,NA,NA,NA,NA,NA,NA,NA,NA,NA,NA,NA,NA,NA,NA,NA,NA,NA,NA,NA,NA,NA,NA,NA,NA,NA,NA,NA,NA,NA,NA,NA,NA,NA,NA,NA,NA,NA,NA,NA,NA,NA,NA,NA,NA,NA,NA,NA,NA,NA,NA,NA,NA,NA,NA,NA,NA,NA,NA,NA,NA,NA,NA,NA,NA,NA,NA,NA,NA,NA,NA
