"t1","t2","r1","r2","n1","n2","p","BH_p","abs_diff_cor","num_sig_corr_t1","num_sig_corr_t2","Description","Ontology"
"s__Peptostreptococcus_stomatis","GO:0006355",-0.064391380314502,0.491702741702742,101,55,0.00049211243095641,0.0870847648714747,0.556094122017244,5,1,"regulation of transcription, DNA-templated","BP"
"s__Haemophilus_parainfluenzae","GO:0003723",-0.499729144095341,-0.0617646738716383,143,82,0.000556879315394224,0.0916050918535359,0.437964470223703,85,1,"RNA binding","MF"
"s__Peptostreptococcus_stomatis","GO:0003700",-0.0386721025043681,0.52034632034632,101,55,0.000373166031091657,0.0790494516942002,0.559018422850688,5,1,"DNA binding transcription factor activity","MF"
"s__Peptostreptococcus_stomatis","GO:0000160",-0.102259755387303,0.495093795093795,101,55,0.000189856210222553,0.0635263194318533,0.597353550481099,5,1,"phosphorelay signal transduction system","BP"
"s__Haemophilus_parainfluenzae","GO:0006164",-0.446982008601727,0.0172288068262209,143,82,0.000418426112920979,0.0835326175389404,0.464210815427948,85,1,"purine nucleotide biosynthetic process","BP"
"s__Haemophilus_parainfluenzae","GO:0006364",-0.550941429462556,-0.0233018796051414,143,82,2.38162661262115e-05,0.0330441560288897,0.527639549857415,85,1,"rRNA processing","BP"
"s__Haemophilus_parainfluenzae","GO:0003697",-0.479201549624085,0.0276553367943318,143,82,9.91777008714884e-05,0.0587102689707388,0.506856886418417,85,1,"single-stranded DNA binding","MF"
"s__Haemophilus_parainfluenzae","GO:0016765",-0.533344003414426,-0.0851209716916446,143,82,0.000305016179515065,0.0707311884060425,0.448223031722781,85,1,"transferase activity, transferring alkyl or aryl (other than methyl) groups","MF"
"s__Prevotella_nanceiensis","GO:0006814",0.313320369470102,-0.199289152165864,120,74,0.000501284815225658,0.0873392389604705,0.512609521635967,1,1,"sodium ion transport","BP"
"s__Haemophilus_parainfluenzae","GO:0046983",-0.533561508913622,-0.0339896170046038,143,82,7.01863313243753e-05,0.0529906801499033,0.499571891909018,85,1,"protein dimerization activity","MF"
"s__Haemophilus_parainfluenzae","GO:0008173",-0.387442956104928,0.116204656022464,143,82,0.000199371187715887,0.0659605013740932,0.503647612127392,85,2,"RNA methyltransferase activity","MF"
"s__Neisseria_meningitidis","GO:0008173",-0.555126329138621,-0.113315481986368,135,79,0.00039095600288076,0.0810683063719999,0.441810847152252,4,2,"RNA methyltransferase activity","MF"
"s__Veillonella_sp._oral_taxon_158","GO:0008299",-0.312768144147296,0.186684518013632,140,79,0.000361034276444343,0.0778811537005227,0.499452662160928,1,2,"isoprenoid biosynthetic process","BP"
"s__Veillonella_sp._S13053_19","GO:0008299",-0.298982394535023,0.221512664550639,138,78,0.000226111699718972,0.0672511009921731,0.520495059085662,3,2,"isoprenoid biosynthetic process","BP"
"s__Veillonella_nakazawae","GO:0042910",-0.093516047206665,0.386411057297133,138,78,0.000537161682222562,0.0893600323900753,0.479927104503798,4,1,"xenobiotic transmembrane transporter activity","MF"
"s__Haemophilus_parainfluenzae","GO:0009116",-0.526502839883122,-0.0407592429337948,143,82,0.000114230069681913,0.0587102689707388,0.485743596949327,85,1,"nucleoside metabolic process","BP"
"s__Streptococcus_vestibularis","GO:0006779",-0.42027397485144,0.039293060744721,143,83,0.000530392863660657,0.0893600323900753,0.459567035596161,4,1,"porphyrin-containing compound biosynthetic process","BP"
"s__Fusobacterium_nucleatum","GO:0004743",-0.22841673983026,0.395220483641536,135,75,1.00583828473363e-05,0.0323918001290198,0.623637223471797,2,1,"pyruvate kinase activity","MF"
"s__Haemophilus_parainfluenzae","GO:0004045",-0.452177517318362,0.0105680173267596,143,82,0.000419861687748792,0.0835326175389404,0.462745534645122,85,1,"aminoacyl-tRNA hydrolase activity","MF"
"s__Haemophilus_parainfluenzae","GO:0004749",-0.437842673758167,0.0624176924500169,143,82,0.000164975638358637,0.0593240113009411,0.500260366208184,85,1,"ribose phosphate diphosphokinase activity","MF"
"s__Haemophilus_parainfluenzae","GO:0015937",-0.433874224367182,0.0900403783154297,143,82,8.53340492960363e-05,0.0558369129227064,0.523914602682612,85,1,"coenzyme A biosynthetic process","BP"
"s__Neisseria_mucosa","GO:0009306",0.429746859073683,-0.0496339103934041,137,78,0.000434426120461271,0.0849681282400046,0.479380769467088,4,2,"protein secretion","BP"
"s__Candidatus_Nanosynbacter_sp._TM7_075","GO:0009306",-0.107501356483993,0.512820512820513,96,53,0.000136322998855029,0.0593240113009411,0.620321869304506,4,2,"protein secretion","BP"
"s__Haemophilus_parainfluenzae","GO:0046873",-0.610332742374996,-0.22016521370033,143,82,0.00057009982922159,0.0932109834558989,0.390167528674666,85,1,"metal ion transmembrane transporter activity","MF"
"s__Peptostreptococcus_stomatis","GO:0015658",-0.1175888177053,0.558369408369408,101,55,1.49275938924997e-05,0.0323918001290198,0.675958226074708,5,1,"branched-chain amino acid transmembrane transporter activity","MF"
"s__Haemophilus_parainfluenzae","GO:0004523",-0.459129485537936,0.109130288090029,143,82,1.79756897176626e-05,0.032500549742079,0.568259773627966,85,1,"RNA-DNA hybrid ribonuclease activity","MF"
"s__Haemophilus_parainfluenzae","GO:0045892",-0.557220361797827,0.00551800698729879,143,82,7.00482792806118e-06,0.0323918001290198,0.562738368785125,85,1,"negative regulation of transcription, DNA-templated","BP"
"s__Streptococcus_salivarius","GO:0004831",0.581195874665407,0.0567986230636833,145,83,1.47045916269072e-05,0.0323918001290198,0.524397251601724,2,2,"tyrosine-tRNA ligase activity","MF"
"s__Haemophilus_parainfluenzae","GO:0004831",-0.497689517055714,-0.0532754323527171,143,82,0.000478152933032852,0.0855336892037184,0.444414084702997,85,2,"tyrosine-tRNA ligase activity","MF"
"s__Haemophilus_parainfluenzae","GO:0008762",-0.454172001707213,0.0371894080386587,143,82,0.000189064320730309,0.0635263194318533,0.491361409745872,85,1,"UDP-N-acetylmuramate dehydrogenase activity","MF"
"s__Haemophilus_parainfluenzae","GO:0042597",0.663625693555271,0.283464481231158,143,82,0.000312575956351973,0.0707984541137218,0.380161212324113,85,1,"periplasmic space","CC"
"s__Haemophilus_parainfluenzae","GO:0008887",-0.40609507863029,0.107388905214353,143,82,0.000136948276258515,0.0593240113009411,0.513483983844643,85,1,"glycerate kinase activity","MF"
"s__Haemophilus_parainfluenzae","GO:0031388",-0.431833374896006,0.147506013212743,142,82,1.57980459114843e-05,0.0323918001290198,0.579339388108749,85,1,"organic acid phosphorylation","BP"
"s__Haemophilus_parainfluenzae","GO:0042823",-0.51197738431781,-0.0164887191040585,142,82,0.000102898984807538,0.0587102689707388,0.495488665213751,85,1,"pyridoxal phosphate biosynthetic process","BP"
"s__Haemophilus_parainfluenzae","GO:0042819",-0.509621933355826,0.00170873194675722,142,82,6.62242554829332e-05,0.0513150842814465,0.511330665302583,85,1,"vitamin B6 biosynthetic process","BP"
"s__Haemophilus_parainfluenzae","GO:0009165",-0.453646705407269,0.0444814488305526,143,82,0.000156767552999328,0.0593240113009411,0.498128154237821,85,1,"nucleotide biosynthetic process","BP"
"s__Fusobacterium_nucleatum","GO:0030955",-0.247390498487952,0.388221906116643,135,75,6.90463543326402e-06,0.0323918001290198,0.635612404604595,2,1,"potassium ion binding","MF"
"s__Haemophilus_parainfluenzae","GO:0071586",-0.453416888276043,0.0199714848554108,143,82,0.00031245168152525,0.0707984541137218,0.473388373131454,85,1,"CAAX-box protein processing","BP"
"s__Haemophilus_parainfluenzae","GO:0004488",-0.379337798351883,0.131049945037603,143,82,0.000170610386057285,0.0598050335411519,0.510387743389486,85,1,"methylenetetrahydrofolate dehydrogenase (NADP+) activity","MF"
"s__Haemophilus_parainfluenzae","GO:0046914",-0.50006155816015,-0.0400191552116324,143,82,0.000307474685548427,0.0707311884060425,0.460042402948517,85,1,"transition metal ion binding","MF"
"s__Haemophilus_parainfluenzae","GO:0042803",-0.353828096785843,0.214483952068436,143,82,3.20931821233958e-05,0.033777464364207,0.56831204885428,85,1,"protein homodimerization activity","MF"
"s__Haemophilus_parainfluenzae","GO:0051087",-0.354866377753702,0.19478455828735,143,82,5.78926860185041e-05,0.0501367688180839,0.549650936041052,85,1,"chaperone binding","MF"
"s__Streptococcus_salivarius","GO:0006437",0.575472366556448,0.0482977204987196,145,83,1.47560621653813e-05,0.0323918001290198,0.527174646057728,2,1,"tyrosyl-tRNA aminoacylation","BP"
"s__Haemophilus_parainfluenzae","GO:0000774",-0.445627729078433,0.116030517734896,143,82,2.46790450387299e-05,0.0330441560288897,0.56165824681333,85,1,"adenyl-nucleotide exchange factor activity","MF"
"s__Haemophilus_parainfluenzae","GO:0016857",-0.422609081059785,0.0604586367148812,143,82,0.000293454181274343,0.0707311884060425,0.483067717774667,85,1,"racemase and epimerase activity, acting on carbohydrates and derivatives","MF"
"s__Haemophilus_parainfluenzae","GO:0004731",-0.444215995272333,0.141977122582471,143,82,1.12506675671171e-05,0.0323918001290198,0.586193117854804,85,1,"purine-nucleoside phosphorylase activity","MF"
"s__Haemophilus_parainfluenzae","GO:0000179",-0.446079155586198,0.0211251510105462,143,82,0.00038858388260905,0.0810683063719999,0.467204306596744,85,1,"rRNA (adenine-N6,N6-)-dimethyltransferase activity","MF"
"s__Lachnoanaerobaculum_saburreum","GO:0004565",0.513248638838475,-0.0411951348492861,115,61,0.000180745478535386,0.061884309482261,0.554443773687762,3,1,"beta-galactosidase activity","MF"
"s__Lachnoanaerobaculum_saburreum","GO:0004764",0.139507169492177,-0.457588577472237,116,61,9.54447271969732e-05,0.0587102689707388,0.597095746964414,3,1,"shikimate 3-dehydrogenase (NADP+) activity","MF"
"s__Streptococcus_pneumoniae","GO:0004591",-0.360271184214846,0.118229013615437,143,82,0.00044727661325185,0.0849681282400046,0.478500197830284,2,1,"oxoglutarate dehydrogenase (succinyl-transferring) activity","MF"
"s__Veillonella_sp._CLA_AA_H247","GO:0003941",-0.0773002157134129,0.454928229665072,134,76,0.000109468061490533,0.0587102689707388,0.532228445378485,1,1,"L-serine ammonia-lyase activity","MF"
"s__Haemophilus_parainfluenzae","GO:0006109",-0.308180669096162,0.30523176717711,143,82,7.35712367285831e-06,0.0323918001290198,0.613412436273272,85,1,"regulation of carbohydrate metabolic process","BP"
"s__Campylobacter_concisus","GO:0004375",0.398020225039168,-0.11566642312911,119,66,0.000631252753475034,0.0999313834735074,0.513686648168278,1,1,"glycine dehydrogenase (decarboxylating) activity","MF"
"s__Haemophilus_parainfluenzae","GO:0009372",-0.341467043594703,0.165485791404099,142,82,0.000220375289475491,0.0671612393971571,0.506952834998802,85,1,"quorum sensing","BP"
"s__Haemophilus_parainfluenzae","GO:0043768",-0.314915830348854,0.173234945200858,142,82,0.00039985744552108,0.0812463982839838,0.488150775549712,85,1,"S-ribosylhomocysteine lyase activity","MF"
"s__Haemophilus_parainfluenzae","GO:0004639",-0.374224367182114,0.116030517734896,143,82,0.000307356476451237,0.0707311884060425,0.49025488491701,85,1,"phosphoribosylaminoimidazolesuccinocarboxamide synthase activity","MF"
"s__Haemophilus_parainfluenzae","GO:0051304",-0.568304934502118,-0.0885384355851591,143,82,8.05983087311155e-05,0.055191097688086,0.479766498916959,85,1,"chromosome separation","BP"
"s__Haemophilus_parainfluenzae","GO:0008176",-0.354743261433402,0.172777832195993,143,82,0.000113692795092853,0.0587102689707388,0.527521093629395,85,1,"tRNA (guanine-N7-)-methyltransferase activity","MF"
"s__Haemophilus_parainfluenzae","GO:0004735",-0.420795167274041,0.141149965716525,143,82,2.89607435316797e-05,0.033777464364207,0.561945132990565,85,1,"pyrroline-5-carboxylate reductase activity","MF"
"s__Haemophilus_parainfluenzae","GO:0070395",-0.404623485594418,0.128491761403154,141,78,0.000106019968074799,0.0587102689707388,0.533115246997571,85,1,"lipoteichoic acid biosynthetic process","BP"
"s__Haemophilus_parainfluenzae","GO:0000154",-0.428846974621623,0.0246079167618985,143,82,0.000623206783057066,0.0991909390654882,0.453454891383521,85,1,"rRNA modification","BP"
"s__Veillonella_sp._S13053_19","GO:0004127",-0.362787649918149,0.149104060496466,138,78,0.000245974816872867,0.0707311884060425,0.511891710414614,3,1,"cytidylate kinase activity","MF"
"s__Haemophilus_parainfluenzae","GO:0042834",0.506939509396806,0.0215189873417722,141,80,0.000167223397452135,0.0593240113009411,0.485420522055034,85,1,"peptidoglycan binding","MF"
"s__Porphyromonas_somerae","GO:0008705",0.42726981756108,-0.126149681626626,104,58,0.000535735120708485,0.0893600323900753,0.553419499187706,1,1,"methionine synthase activity","MF"
"s__Haemophilus_parainfluenzae","GO:0004844",-0.407872057519945,0.0834013561019144,143,82,0.000254471719673961,0.0707311884060425,0.491273413621859,85,1,"uracil DNA N-glycosylase activity","MF"
"s__Haemophilus_parainfluenzae","GO:0004342",-0.399485740510613,0.0717558581208302,142,82,0.00046636309625678,0.0851872563639132,0.471241598631443,85,1,"glucosamine-6-phosphate deaminase activity","MF"
"s__Prevotella_melaninogenica","GO:0035673",0.377019226181957,-0.113255165886745,136,77,0.000458161978316815,0.0851872563639132,0.490274392068702,2,1,"oligopeptide transmembrane transporter activity","MF"
"s__Streptococcus_oralis","GO:0004417",0.474457467415214,0.00405959882892002,143,82,0.000288919715257762,0.0707311884060425,0.470397868586294,1,1,"hydroxyethylthiazole kinase activity","MF"
"s__Neisseria_mucosa","GO:0016651",0.628033788677936,0.187812187812188,133,77,0.000172679080498632,0.0598180650033201,0.440221600865749,4,1,"oxidoreductase activity, acting on NAD(P)H","MF"
"s__Haemophilus_parainfluenzae","GO:0034618",-0.511741193079221,-0.0322046995570357,143,82,0.000159721470522617,0.0593240113009411,0.479536493522186,85,1,"arginine binding","MF"
"s__Lachnoanaerobaculum_saburreum","GO:0009341",0.566511481101554,0.00158646218931782,115,61,7.95432988856119e-05,0.055191097688086,0.564925018912237,3,1,"beta-galactosidase complex","CC"
"s__Haemophilus_parainfluenzae","GO:0006241",-0.367547358744542,0.101903549155973,143,82,0.000554006293149282,0.0916050918535359,0.469450907900515,85,1,"CTP biosynthetic process","BP"
"s__Haemophilus_parainfluenzae","GO:0004595",-0.460294986703437,0.03390254786082,143,82,0.000166672048208701,0.0593240113009411,0.494197534564257,85,1,"pantetheine-phosphate adenylyltransferase activity","MF"
"s__Streptococcus_vestibularis","GO:0009030",-0.462679297555744,0.0424119241192412,139,81,0.00013871318593975,0.0593240113009411,0.505091221674985,4,1,"thiamine-phosphate kinase activity","MF"
"s__Solobacterium_moorei","GO:0016209",0.229335881509795,0.694996348618771,92,62,0.000223528662282948,0.0671612393971571,0.465660467108976,1,1,"antioxidant activity","MF"
"s__Streptococcus_sp._HMSC034E03","GO:0005381",0.448845168915591,-0.0644855846148823,143,82,0.000104852403893913,0.0587102689707388,0.513330753530474,5,1,"iron ion transmembrane transporter activity","MF"
"s__Streptococcus_sp._HMSC034E03","GO:0034755",0.448845168915591,-0.0644855846148823,143,82,0.000104852403893913,0.0587102689707388,0.513330753530474,5,1,"iron ion transmembrane transport","BP"
"s__Streptococcus_sp._HMSC034E03","GO:0033573",0.448845168915591,-0.0644855846148823,143,82,0.000104852403893913,0.0587102689707388,0.513330753530474,5,1,"high-affinity iron permease complex","CC"
"s__Haemophilus_parainfluenzae","GO:0004750",-0.354369808595161,0.13074520303436,143,82,0.000381788389729002,0.0802982795397891,0.48511501162952,85,1,"ribulose-phosphate 3-epimerase activity","MF"
"s__Haemophilus_parainfluenzae","GO:0005384",-0.400822731359141,0.0972453499635398,142,82,0.000222731210758467,0.0671612393971571,0.498068081322681,85,1,"manganese ion transmembrane transporter activity","MF"
"s__Haemophilus_parainfluenzae","GO:0030026",-0.400822731359141,0.0972453499635398,142,82,0.000222731210758467,0.0671612393971571,0.498068081322681,85,1,"cellular manganese ion homeostasis","BP"
"s__Actinomyces_sp._S6_Spd3","GO:0070063",-0.117342157106516,0.451648351648352,98,64,0.000252455885354551,0.0707311884060425,0.568990508754868,1,1,"RNA polymerase binding","MF"
"s__Haemophilus_parainfluenzae","GO:0015225",-0.544869873907932,0.00627822944896116,142,81,1.36344432940377e-05,0.0323918001290198,0.551148103356893,85,1,"biotin transmembrane transporter activity","MF"
"s__Haemophilus_parainfluenzae","GO:0015878",-0.544869873907932,0.00627822944896116,142,81,1.36344432940377e-05,0.0323918001290198,0.551148103356893,85,1,"biotin transport","BP"
"s__Haemophilus_parainfluenzae","GO:0004140",-0.361670606388916,0.119012635909492,143,82,0.000419492919541514,0.0835326175389404,0.480683242298408,85,1,"dephospho-CoA kinase activity","MF"
"s__Haemophilus_parainfluenzae","GO:0000286",-0.384271258654358,0.155704125177809,130,75,0.000149050458882285,0.0593240113009411,0.539975383832168,85,1,"alanine dehydrogenase activity","MF"
"s__Haemophilus_parainfluenzae","GO:0042853",-0.384271258654358,0.155704125177809,130,75,0.000149050458882285,0.0593240113009411,0.539975383832168,85,1,"L-alanine catabolic process","BP"
"s__Rothia_sp._HMSC062F03","GO:0046961",0.0317187834262965,0.520464798359535,132,76,0.000215620143284785,0.0671612393971571,0.488746014933239,2,1,"proton-transporting ATPase activity, rotational mechanism","MF"
"s__Gemella_sanguinis","GO:0003879",0.017066638659875,-0.475851996105161,138,79,0.000209973404670882,0.0671612393971571,0.492918634765036,2,1,"ATP phosphoribosyltransferase activity","MF"
"s__Haemophilus_parainfluenzae","GO:0004459",-0.511709147909328,0.167841011743451,142,81,2.32285252654345e-07,0.0068396392644072,0.679550159652779,85,1,"L-lactate dehydrogenase activity","MF"
"s__Prevotella_vespertina","GO:0070475",0.113521392437623,-0.437980769230769,108,65,0.000294654644739957,0.0707311884060425,0.551502161668392,2,1,"rRNA base methylation","BP"
"s__Haemophilus_parainfluenzae","GO:0009156",-0.366550116550117,0.107367137928407,143,82,0.00049390917756958,0.0870847648714747,0.473917254478524,85,1,"ribonucleoside monophosphate biosynthetic process","BP"
"s__Fusobacterium_periodonticum","GO:0015128",0.416023166023166,-0.182467532467532,111,55,0.000219129225793797,0.0671612393971571,0.598490698490698,3,1,"gluconate transmembrane transporter activity","MF"
"s__Fusobacterium_periodonticum","GO:0035429",0.416023166023166,-0.182467532467532,111,55,0.000219129225793797,0.0671612393971571,0.598490698490698,3,1,"gluconate transmembrane transport","BP"
"s__Streptococcus_vestibularis","GO:0016920",0.286109754794202,-0.211653116531165,142,81,0.000339777917140486,0.0752237651894857,0.497762871325367,4,1,"pyroglutamyl-peptidase activity","MF"
"s__Granulicatella_adiacens","GO:0009088",-0.0238751658889507,0.443108298171589,141,80,0.000474828264666487,0.0855336892037184,0.46698346406054,1,1,"threonine biosynthetic process","BP"
"s__Haemophilus_parainfluenzae","GO:0019441",-0.417107962406374,0.116856827383143,136,77,0.000115101528760342,0.0587102689707388,0.533964789789517,85,2,"tryptophan catabolic process to kynurenine","BP"
"s__Neisseria_meningitidis","GO:0019441",-0.557796191173778,-0.0114476119955572,128,74,3.3901641597253e-05,0.0344218564424522,0.54634857917822,4,2,"tryptophan catabolic process to kynurenine","BP"
"s__Haemophilus_parainfluenzae","GO:0016429",-0.437662103155061,0.134358572501388,143,82,1.87641143017607e-05,0.032500549742079,0.572020675656449,85,1,"tRNA (adenine-N1-)-methyltransferase activity","MF"
"s__Veillonella_nakazawae","GO:0045900",0.0879108821144029,-0.3996003996004,136,77,0.00045608937349615,0.0851872563639132,0.487511281714803,4,1,"negative regulation of translational elongation","BP"
"s__Haemophilus_parainfluenzae","GO:0019674",-0.583070685183361,-0.0802886342116433,143,82,3.21198506434979e-05,0.033777464364207,0.502782050971718,85,1,"NAD metabolic process","BP"
"s__Neisseria_meningitidis","GO:0004061",-0.542660455960447,-0.0950265333826978,128,73,0.000617374659055864,0.0987967219342386,0.447633922577749,4,1,"arylformamidase activity","MF"
"s__Candidatus_Nanosynbacter_sp._HMT_352","GO:0010498",0.617875139977604,0.0250069463739928,95,60,3.88796448988867e-05,0.0369293917434748,0.592868193603611,5,2,"proteasomal protein catabolic process","BP"
"s__Candidatus_Nanosynbacter_sp._TM7_087","GO:0010498",0.468896833503575,-0.092299714804252,89,57,0.000576138529087234,0.0932109834558989,0.561196548307827,2,2,"proteasomal protein catabolic process","BP"
"s__Candidatus_Nanosynbacter_sp._HMT_352","GO:0019941",0.617875139977604,0.0250069463739928,95,60,3.88796448988867e-05,0.0369293917434748,0.592868193603611,5,2,"modification-dependent protein catabolic process","BP"
"s__Candidatus_Nanosynbacter_sp._TM7_087","GO:0019941",0.468896833503575,-0.092299714804252,89,57,0.000576138529087234,0.0932109834558989,0.561196548307827,2,2,"modification-dependent protein catabolic process","BP"
"s__Haemophilus_parainfluenzae","GO:0000921",-0.461455030504472,-0.0015345936591896,140,82,0.00044677089511188,0.0849681282400046,0.459920436845282,85,1,"septin ring assembly","BP"
"s__Haemophilus_parainfluenzae","GO:0005940",-0.461455030504472,-0.0015345936591896,140,82,0.00044677089511188,0.0849681282400046,0.459920436845282,85,1,"septin ring","CC"
"s__Streptococcus_vestibularis","GO:0009432",-0.477212394218364,-0.000961087669948429,140,80,0.000285927941019355,0.0707311884060425,0.476251306548416,4,1,"SOS response","BP"
"s__Veillonella_atypica","GO:0008311",0.0779415370365325,-0.395822041553749,142,81,0.000479302384738106,0.0855336892037184,0.473763578590281,1,3,"double-stranded DNA 3'-5' exodeoxyribonuclease activity","MF"
"s__Veillonella_dispar","GO:0008311",0.216146155313072,-0.367547425474255,142,81,2.07989391418595e-05,0.0330441560288897,0.583693580787326,5,3,"double-stranded DNA 3'-5' exodeoxyribonuclease activity","MF"
"s__Veillonella_nakazawae","GO:0008311",0.166375753728975,-0.366253999165392,137,78,0.00014052085437131,0.0593240113009411,0.532629752894367,4,3,"double-stranded DNA 3'-5' exodeoxyribonuclease activity","MF"
"s__Veillonella_dispar","GO:0008320",-0.0512492202633048,-0.506594399277326,143,81,0.000362360946067978,0.0778811537005227,0.455345179014021,5,2,"protein transmembrane transporter activity","MF"
"s__Veillonella_nakazawae","GO:0008320",0.0102445495206501,-0.517495163064783,138,78,5.68181577473806e-05,0.0501367688180839,0.527739712585433,4,2,"protein transmembrane transporter activity","MF"
"s__Haemophilus_parainfluenzae","GO:0004588",-0.432105453232214,0.10262186959219,143,82,6.24980818488287e-05,0.0507115617580138,0.534727322824404,85,1,"orotate phosphoribosyltransferase activity","MF"
"s__Porphyromonas_sp._KLE_1280","GO:0006725",0.417618459833237,-0.183185235816815,106,56,0.000210849663835491,0.0671612393971571,0.600803695650052,1,1,"cellular aromatic compound metabolic process","BP"
"s__Haemophilus_parainfluenzae","GO:0032217",-0.467382382875341,0.0254568409137907,143,82,0.000163830706139482,0.0593240113009411,0.492839223789131,85,1,"riboflavin transmembrane transporter activity","MF"
"s__Haemophilus_parainfluenzae","GO:0032218",-0.467382382875341,0.0254568409137907,143,82,0.000163830706139482,0.0593240113009411,0.492839223789131,85,1,"riboflavin transport","BP"
"s__Haemophilus_parainfluenzae","GO:0019318",-0.416220600162206,0.0689873417721519,136,80,0.000366498229038254,0.0781995677828362,0.485207941934358,85,1,"hexose metabolic process","BP"
"s__Haemophilus_parainfluenzae","GO:0004845",-0.344241439311862,0.140388110708416,143,82,0.00040009263885813,0.0812463982839838,0.484629550020278,85,1,"uracil phosphoribosyltransferase activity","MF"
"s__Haemophilus_parainfluenzae","GO:0006223",-0.344241439311862,0.140388110708416,143,82,0.00040009263885813,0.0812463982839838,0.484629550020278,85,1,"uracil salvage","BP"
"s__Haemophilus_parainfluenzae","GO:0005727",-0.376451137226864,0.101336146272855,139,80,0.000510854474036824,0.0884829999294958,0.47778728349972,85,1,"extrachromosomal circular DNA","CC"
"s__Haemophilus_parainfluenzae","GO:0006474",-0.410194852096261,0.189952220807349,143,82,8.77986501958027e-06,0.0323918001290198,0.600147072903609,85,2,"N-terminal protein amino acid acetylation","BP"
"s__Candidatus_Nanosynbacter_sp._TM7_075","GO:0006474",0.111950623982637,-0.487824544428318,96,53,0.000260711462781563,0.0707311884060425,0.599775168410955,4,2,"N-terminal protein amino acid acetylation","BP"
"s__Haemophilus_parainfluenzae","GO:0045982",-0.499764245344108,-0.0291139240506329,142,80,0.000263970394562618,0.0707311884060425,0.470650321293475,85,1,"negative regulation of purine nucleobase metabolic process","BP"
"s__Rothia_sp._HMSC062F03","GO:0033179",-0.0718190966010733,0.453826458036984,129,75,0.000158243556940102,0.0593240113009411,0.525645554638058,2,1,"proton-transporting V-type ATPase, V0 domain","CC"
"s__Haemophilus_parainfluenzae","GO:0008899",-0.508809581975803,-0.0596997938770091,138,78,0.000518512130591647,0.0887650563097153,0.449109788098794,85,1,"homoserine O-succinyltransferase activity","MF"
"s__Haemophilus_parainfluenzae","GO:0019281",-0.508809581975803,-0.0596997938770091,138,78,0.000518512130591647,0.0887650563097153,0.449109788098794,85,1,"L-methionine biosynthetic process from homoserine via O-succinyl-L-homoserine and cystathionine","BP"
"s__Streptococcus_sp._HMSC074B11","GO:0019290",-0.0212880143112701,0.484661393015628,129,72,0.000260777070519022,0.0707311884060425,0.505949407326898,2,3,"siderophore biosynthetic process","BP"
"s__Streptococcus_sp._SK140","GO:0019290",0.014477659769273,0.581387870602611,128,72,1.65011717417319e-05,0.0323918001290198,0.566910210833338,2,3,"siderophore biosynthetic process","BP"
"s__Streptococcus_sp._HMSC056C01","GO:0019290",-0.0692587209302326,0.483310823847193,129,72,7.51063875703404e-05,0.055191097688086,0.552569544777425,2,3,"siderophore biosynthetic process","BP"
"s__Lautropia_mirabilis","GO:0017057",0.0463534426837179,0.556098916365657,109,60,0.000450492554118688,0.0850304695899023,0.509745473681939,1,1,"6-phosphogluconolactonase activity","MF"
"s__Peptostreptococcus_stomatis","GO:0009276",0.120817830437453,-0.483631672310918,94,53,0.00025485781256407,0.0707311884060425,0.60444950274837,5,1,"Gram-negative-bacterium-type cell wall","CC"
"s__Haemophilus_parainfluenzae","GO:0043822",-0.539260020554985,-0.0834010840108401,139,81,0.000264678445881652,0.0707311884060425,0.455858936544144,85,1,"ribonuclease M5 activity","MF"
"s__Streptococcus_pneumoniae","GO:0050518",-0.618105486063233,-0.204584462511292,143,81,0.000278535494035906,0.0707311884060425,0.413521023551941,2,1,"2-C-methyl-D-erythritol 4-phosphate cytidylyltransferase activity","MF"
"s__Haemophilus_parainfluenzae","GO:0016297",-0.430429324945357,0.10063233965673,142,81,7.71831371355552e-05,0.055191097688086,0.531061664602087,85,1,"acyl-[acyl-carrier-protein] hydrolase activity","MF"
"s__Neisseria_mucosa","GO:0004819",0.315892997639654,-0.229033858838798,123,68,0.000296523065434843,0.0707311884060425,0.544926856478452,4,1,"glutamine-tRNA ligase activity","MF"
"s__Neisseria_mucosa","GO:0006425",0.315892997639654,-0.229033858838798,123,68,0.000296523065434843,0.0707311884060425,0.544926856478452,4,1,"glutaminyl-tRNA aminoacylation","BP"
"s__Haemophilus_parainfluenzae","GO:0004132",-0.447889838659991,0.0326400452759548,142,82,0.000272279734486902,0.0707311884060425,0.480529883935946,85,1,"dCMP deaminase activity","MF"
"s__Haemophilus_parainfluenzae","GO:0006220",-0.447889838659991,0.0326400452759548,142,82,0.000272279734486902,0.0707311884060425,0.480529883935946,85,1,"pyrimidine nucleotide metabolic process","BP"
"s__Fusobacterium_periodonticum","GO:0008851",0.144637385086823,-0.523404255319149,89,46,0.000115645970463673,0.0587102689707388,0.668041640405972,3,1,"ethanolamine ammonia-lyase activity","MF"
"s__Streptococcus_sp._HMSC034E03","GO:0003954",-0.401910906298003,0.127986846912678,125,69,0.000302783617199047,0.0707311884060425,0.529897753210681,5,1,"NADH dehydrogenase activity","MF"
"s__Streptococcus_sp._HMSC034E03","GO:0006116",-0.401910906298003,0.127986846912678,125,69,0.000302783617199047,0.0707311884060425,0.529897753210681,5,1,"NADH oxidation","BP"
"s__Streptococcus_sp._Marseille_Q6470","GO:0070401",0.0814458752679949,-0.426998577524893,130,75,0.000289896483799784,0.0707311884060425,0.508444452792888,1,1,"NADP+ binding","MF"
"s__Gemella_sanguinis","GO:0006091",-0.0418923344333325,-0.581526529173277,106,62,0.000152591988222962,0.0593240113009411,0.539634194739944,2,1,"generation of precursor metabolites and energy","BP"
"s__Streptococcus_sp._XMC","GO:0004582",-0.289804980772752,0.227871338494692,128,67,0.000600354189396147,0.0965979732610358,0.517676319267445,2,1,"dolichyl-phosphate beta-D-mannosyltransferase activity","MF"
"s__Veillonella_dispar","GO:0006824",-0.311348404801464,0.196575576322412,137,78,0.000321328828175423,0.0722253995849262,0.507923981123875,5,1,"cobalt ion transport","BP"
"s__Veillonella_dispar","GO:0008121",-0.0923646623170517,-0.603974284044418,106,59,0.000288107966739038,0.0707311884060425,0.511609621727367,5,1,"ubiquinol-cytochrome-c reductase activity","MF"
"s__Prevotella_melaninogenica","GO:0036094",-0.376971829671253,0.171082082474488,137,78,8.47720074291297e-05,0.0558369129227064,0.54805391214574,2,1,"small molecule binding","MF"
"s__Haemophilus_parainfluenzae","GO:0015109",-0.0811242383275534,-0.63992673992674,107,64,3.08399371024709e-05,0.033777464364207,0.558802501599186,85,1,"chromate transmembrane transporter activity","MF"
"s__Haemophilus_parainfluenzae","GO:0015703",-0.0811242383275534,-0.63992673992674,107,64,3.08399371024709e-05,0.033777464364207,0.558802501599186,85,1,"chromate transport","BP"
"s__Haemophilus_parainfluenzae","GO:0015036",0.676574407524918,0.299222510181414,133,74,0.00050080352042597,0.0873392389604705,0.377351897343504,85,1,"disulfide oxidoreductase activity","MF"
"s__Haemophilus_parainfluenzae","GO:0008252",0.396666791121399,-0.110762655066453,137,78,0.00024596662587575,0.0707311884060425,0.507429446187852,85,1,"nucleotidase activity","MF"
"s__Veillonella_sp._S13053_19","GO:0004729",-0.11210189869197,0.428397673188789,108,61,0.000535834434230538,0.0893600323900753,0.540499571880759,3,1,"oxygen-dependent protoporphyrinogen oxidase activity","MF"
"s__Rothia_sp._HMSC065C12","GO:0046944",0.0388744909292855,-0.648780487804878,74,41,6.37231375461542e-05,0.0507115617580138,0.687654978734163,4,1,"protein carbamoylation","BP"
"s__Neisseria_sp._HMSC071A01","GO:0050304",0.61704118666144,0.0396574440052701,78,45,0.00044362915291848,0.0849681282400046,0.57738374265617,2,1,"nitrous-oxide reductase activity","MF"
"s__Veillonella_dispar","GO:0004719",0.0463163747567417,-0.480856689582232,109,61,0.000526599332141901,0.0893600323900753,0.527173064338973,5,1,"protein-L-isoaspartate (D-aspartate) O-methyltransferase activity","MF"
"s__Candidatus_Nanosynbacter_sp._TM7_075","GO:0004851",-0.139625949736996,0.623973727422003,59,28,0.00035381537557901,0.077171064695733,0.763599677158999,4,1,"uroporphyrin-III C-methyltransferase activity","MF"
"s__Candidatus_Nanosynbacter_sp._TM7_075","GO:0051266",-0.139625949736996,0.623973727422003,59,28,0.00035381537557901,0.077171064695733,0.763599677158999,4,1,"sirohydrochlorin ferrochelatase activity","MF"
"s__Streptococcus_sp._HMSC074B11","GO:0008667",0.0405652418447694,0.544150749244324,127,72,0.000165193035376875,0.0593240113009411,0.503585507399555,2,3,"2,3-dihydro-2,3-dihydroxybenzoate dehydrogenase activity","MF"
"s__Streptococcus_sp._SK140","GO:0008667",0.0587296587926509,0.635346324522477,126,72,4.88876781276211e-06,0.0323918001290198,0.576616665729826,2,3,"2,3-dihydro-2,3-dihydroxybenzoate dehydrogenase activity","MF"
"s__Streptococcus_sp._HMSC056C01","GO:0008667",-0.00141779152605924,0.561129333076082,127,72,2.58113631742049e-05,0.0330441560288897,0.562547124602141,2,3,"2,3-dihydro-2,3-dihydroxybenzoate dehydrogenase activity","MF"
"s__Leptotrichia_wadei","GO:0006488",0.0356785987186269,-0.497726070861978,107,61,0.000423693762631938,0.0837292808100498,0.533404669580605,1,1,"dolichol-linked oligosaccharide biosynthetic process","BP"
"s__Haemophilus_parainfluenzae","GO:0019563",-0.539344595412214,-0.0799659201557936,138,79,0.000275308780114632,0.0707311884060425,0.45937867525642,85,1,"glycerol catabolic process","BP"
"s__Haemophilus_parainfluenzae","GO:0047324",-0.539344595412214,-0.0799659201557936,138,79,0.000275308780114632,0.0707311884060425,0.45937867525642,85,1,"phosphoenolpyruvate-glycerone phosphotransferase activity","MF"
"s__Neisseria_sp._HMSC071A01","GO:0048039",0.673351335133513,0.14978354978355,100,55,0.000112072100314227,0.0587102689707388,0.523567785349964,2,2,"ubiquinone binding","MF"
"s__Neisseria_meningitidis","GO:0048039",0.643478451873655,0.124124967591392,103,57,0.000160872677727693,0.0593240113009411,0.519353484282262,4,2,"ubiquinone binding","MF"
"s__Haemophilus_parainfluenzae","GO:0008310",0.547654199475066,-0.0067842605156038,127,66,6.21203848843557e-05,0.0507115617580138,0.554438459990669,85,1,"single-stranded DNA 3'-5' exodeoxyribonuclease activity","MF"
"s__Streptococcus_intermedius","GO:0008693",0.101876425461331,-0.467591392273788,105,57,0.000327834117033417,0.0731293604246134,0.569467817735119,1,1,"3-hydroxydecanoyl-[acyl-carrier-protein] dehydratase activity","MF"
"s__Haemophilus_parainfluenzae","GO:0015914",0.637240203259476,0.199159663865546,128,69,0.00029605864957694,0.0707311884060425,0.43808053939393,85,1,"phospholipid transport","BP"
"s__Rothia_sp._HMSC065C12","GO:0015496",-0.071060382916053,-0.613500876680304,97,59,0.00015559960132548,0.0593240113009411,0.542440493764251,4,1,"putrescine:ornithine antiporter activity","MF"
"s__Rothia_sp._HMSC065C12","GO:0015822",-0.071060382916053,-0.613500876680304,97,59,0.00015559960132548,0.0593240113009411,0.542440493764251,4,1,"ornithine transport","BP"
"s__Rothia_sp._HMSC065C12","GO:0015847",-0.071060382916053,-0.613500876680304,97,59,0.00015559960132548,0.0593240113009411,0.542440493764251,4,1,"putrescine transport","BP"
"s__Streptococcus_australis","GO:0001000",-0.301244048709028,0.236865180854951,128,69,0.00030522110013192,0.0707311884060425,0.538109229563978,1,7,"bacterial-type RNA polymerase core enzyme binding","MF"
"s__Lancefieldella_parvula","GO:0001000",0.422767523738398,-0.126891793205913,104,62,0.000444060012073794,0.0849681282400046,0.54965931694431,1,7,"bacterial-type RNA polymerase core enzyme binding","MF"
"s__Prevotella_salivae","GO:0001000",0.344363216621778,-0.249527838634132,114,62,0.000151601171996258,0.0593240113009411,0.593891055255909,1,7,"bacterial-type RNA polymerase core enzyme binding","MF"
"s__Streptococcus_sp._XMC","GO:0001000",-0.446743157105362,0.169904950948582,126,68,2.30405224137888e-05,0.0330441560288897,0.616648108053944,2,7,"bacterial-type RNA polymerase core enzyme binding","MF"
"s__Prevotella_vespertina","GO:0001000",0.23995199519952,-0.443220119263676,100,57,2.48927621384273e-05,0.0330441560288897,0.683172114463196,2,7,"bacterial-type RNA polymerase core enzyme binding","MF"
"s__Streptococcus_sp._343_SSPC","GO:0001000",-0.362121164437451,0.251936123577915,124,66,4.56437646514019e-05,0.0419993953175166,0.614057288015365,1,7,"bacterial-type RNA polymerase core enzyme binding","MF"
"s__Streptococcus_sp._A12","GO:0001000",-0.431762778759464,0.134607710112539,123,67,0.000121976257191403,0.0593240113009411,0.566370488872003,1,7,"bacterial-type RNA polymerase core enzyme binding","MF"
"s__Leptotrichia_sp._oral_taxon_417","GO:0010126",0.165658602150538,-0.554006968641115,63,42,0.000140121585429428,0.0593240113009411,0.719665570791653,1,1,"mycothiol metabolic process","BP"
"s__Haemophilus_parainfluenzae","GO:0033890",0.466311237983292,-0.201150673035172,83,48,0.000157055146445161,0.0593240113009411,0.667461911018464,85,1,"ribonuclease D activity","MF"
"s__Candidatus_Nanosynbacter_sp._TM7_057","GO:0110001",-0.190518170241943,0.477244897959184,82,49,0.000140442950531785,0.0593240113009411,0.667763068201127,1,1,"toxin-antitoxin complex","CC"
"s__Candidatus_Nanosynbacter_sp._HMT_352","GO:0070628",0.582578986298475,0.0511961722488038,88,56,0.000468681797621122,0.0851872563639132,0.531382814049671,5,1,"proteasome binding","MF"
"s__Candidatus_Nanosynbacter_sp._HMT_352","GO:0031386",0.582578986298475,0.0510594668489405,88,56,0.000467319907362375,0.0851872563639132,0.531519519449534,5,1,"protein tag","MF"
"s__Candidatus_Nanosynbacter_sp._HMT_352","GO:0070490",0.582578986298475,0.0510594668489405,88,56,0.000467319907362375,0.0851872563639132,0.531519519449534,5,1,"protein pupylation","BP"
