"t1","t2","r1","r2","n1","n2","p","BH_p"
"s__Prevotella_copri","s__Prevotella_stercorea",0.447496947496948,0.722608695652174,27,24,0.155502901932191,0.270090124851953
"s__Prevotella_copri","s__Prevotella_hominis",0.845454545454545,0.498245614035088,21,19,0.0459591087951431,0.118187944164324
"s__Prevotella_stercorea","s__Prevotella_sp._885",0.71038961038961,0.0959752321981424,21,18,0.026294187468038,0.0881367001693204
"s__Prevotella_copri","s__Prevotellamassilia_timonensis",0.681818181818182,0.378947368421053,21,20,0.207169457755314,0.312785259748219
"s__Prevotella_corporis","s__Prevotella_disiens",0.6,0.67012987012987,15,21,0.742366824580863,0.783044458804472
"s__Prevotella_disiens","s__Finegoldia_magna",0.702941176470588,0.688735177865613,16,23,0.955752248251066,0.968327935728054
"s__Faecalibacterium_prausnitzii","s__Blautia_wexlerae",0.685217391304348,0.320779220779221,24,21,0.11993622552308,0.219883080125648
"s__Prevotella_disiens","s__Blautia_wexlerae",-0.736842105263158,0.0197628458498024,20,23,0.00423673658971336,0.046604102486847
"s__Prevotellamassilia_timonensis","s__Catenibacterium_mitsuokai",0.282142857142857,0.816305469556244,15,18,0.0297604442130173,0.0881367001693204
"s__Faecalibacterium_prausnitzii","s__Extibacter_muris",0.793984962406015,0.343653250773994,20,18,0.0441117725403043,0.118187944164324
"s__Prevotella_stercorea","s__Prevotella_sp._Marseille_P4119",0.800869565217391,0.665725578769057,24,22,0.349133273758336,0.44070921441626
"s__Prevotella_sp._885","s__Prevotella_sp._Marseille_P4119",0.688311688311688,0.356037151702786,21,18,0.182867092562197,0.287362574026309
"s__Prevotella_corporis","s__Prevotella_timonensis",0.665934065934066,0.764935064935065,14,21,0.581239356296644,0.630358175138614
"s__Prevotella_disiens","s__Prevotella_timonensis",0.75735294117647,0.82905138339921,17,23,0.566118180230258,0.623915111747104
"s__Finegoldia_magna","s__Prevotella_timonensis",0.701098901098901,0.65974025974026,14,21,0.861779061546463,0.884759836521035
"s__Blautia_wexlerae","s__Dorea_longicatena",0.779130434782609,0.573122529644269,24,23,0.215383902131618,0.318933855079511
"s__Faecalibacterium_prausnitzii","s__Collinsella_aerofaciens",0.697346132128741,0.31578947368421,22,20,0.114534214408132,0.219883080125648
"s__Prevotella_corporis","s__Collinsella_aerofaciens",-0.75,-0.00515995872033024,17,18,0.0110328456433197,0.058969637821399
"s__Blautia_wexlerae","s__Mediterraneibacter_faecis",0.54488989271598,0.662055335968379,22,23,0.567195556133731,0.623915111747104
"s__Prevotella_corporis","s__Prevotella_buccalis",0.525,0.804511278195489,15,20,0.163283255666864,0.273321971442359
"s__Prevotella_timonensis","s__Prevotella_buccalis",0.634803921568627,0.750423489553924,17,22,0.520235696024442,0.59788281483406
"s__Escherichia_coli","s__Roseburia_faecis",-0.677922077922078,-0.107826086956522,21,24,0.0287593281603708,0.0881367001693204
"s__Extibacter_muris","s__Roseburia_faecis",0.771428571428571,-0.0196078431372549,20,18,0.00389383720780715,0.046604102486847
"s__Roseburia_inulinivorans","s__Roseburia_faecis",0.45304347826087,0.758893280632411,24,23,0.111188483248377,0.219525979746795
"s__Collinsella_aerofaciens","s__Roseburia_faecis",0.701298701298701,0.328571428571429,21,21,0.119251673369767,0.219883080125648
"s__Prevotella_disiens","s__Prevotella_bivia",0.698245614035088,0.475296442687747,19,23,0.313037538761084,0.408540516688195
"s__Collinsella_aerofaciens","s__Prevotella_bivia",-0.77296181630547,0.0180451127819549,18,20,0.00389722753146149,0.046604102486847
"s__Blautia_wexlerae","s__Coprococcus_comes",0.712450592885375,0.479249011857708,23,23,0.248620481480931,0.345506422514181
"s__Roseburia_inulinivorans","s__Dorea_formicigenerans",0.598814229249012,0.705533596837945,23,23,0.559570841572949,0.623915111747104
"s__Prevotella_buccalis","s__Dorea_formicigenerans",-0.865196078431373,-0.302089215132693,17,22,0.00530372946660302,0.0510483961160541
"s__Prevotella_bivia","s__Dorea_formicigenerans",-0.162022703818369,-0.707509881422925,18,22,0.040768579460408,0.116265948831534
"s__Roseburia_inulinivorans","s__Roseburia_intestinalis",0.787549407114625,0.42094861660079,23,23,0.054613815097716,0.123684228309533
"s__Roseburia_faecis","s__Roseburia_intestinalis",0.638339920948617,0.478260869565217,23,23,0.465089404202283,0.560642952701548
"s__Oscillibacter_sp._ER4","s__Roseburia_intestinalis",0.188854489164087,-0.73859649122807,18,19,0.00196579803265466,0.0461382901508747
"s__Holdemanella_porci","s__Holdemanella_biformis",0.829411764705882,0.721362229102167,16,18,0.477218688437483,0.560642952701548
"s__Faecalibacterium_prausnitzii","s__Peptostreptococcus_anaerobius",-0.741176470588235,-0.419548872180451,16,20,0.181511894888075,0.287362574026309
"s__Blautia_wexlerae","s__Peptostreptococcus_anaerobius",-0.764705882352941,-0.520779220779221,16,21,0.251277398192132,0.345506422514181
"s__Catenibacterium_mitsuokai","s__Peptostreptococcus_anaerobius",-0.472527472527473,-0.735810113519092,13,18,0.296715212477352,0.400825813346598
"s__Dorea_longicatena","s__Peptostreptococcus_anaerobius",-0.776470588235294,-0.47261434217956,16,22,0.157844878160232,0.270090124851953
"s__Catenibacterium_mitsuokai","s__Ruminococcus_callidus",0.810989010989011,0.411764705882353,14,16,0.0995685732661811,0.20175737214463
"s__Faecalibacterium_prausnitzii","s__Prevotella_ihumii",-0.735294117647059,-0.691228070175439,17,19,0.814050885557014,0.847052948485001
"s__Prevotella_timonensis","s__Prevotella_ihumii",0.825,0.192481203007519,15,20,0.0114875917833894,0.058969637821399
"s__Coprococcus_comes","s__Fusicatenibacter_saccharivorans",0.754545454545455,0.0920383963862225,21,22,0.0078470967902968,0.0544673200467686
"s__Extibacter_muris","s__Veillonella_parvula",0.612745098039216,0.9,17,16,0.0521140106490982,0.121599358181229
"s__Roseburia_faecis","s__Anaerobutyricum_hallii",0.661208356860531,0.510869565217391,22,23,0.47874469575227,0.560642952701548
"s__Prevotella_ihumii","s__Anaerobutyricum_hallii",-0.744117647058824,0.186466165413534,16,20,0.00239679429355193,0.0461382901508747
"s__Prevotella_disiens","s__Blautia_massiliensis",-0.717234262125903,-0.0964912280701754,18,19,0.0285974211837462,0.0881367001693204
"s__Blautia_wexlerae","s__Blautia_massiliensis",0.781818181818182,0.208771929824561,21,19,0.0164242826351999,0.0743923389947288
"s__Dorea_longicatena","s__Blautia_massiliensis",0.705194805194805,0.380701754385965,21,19,0.171685009335761,0.281271185507523
"s__Coprococcus_comes","s__Blautia_massiliensis",0.683116883116883,-0.110526315789474,21,19,0.00705205402586095,0.0544673200467686
"s__Prevotella_copri","s__Streptococcus_mitis",-0.832967032967033,-0.292982456140351,14,19,0.025987235752299,0.0881367001693204
"s__Faecalibacterium_prausnitzii","s__Streptococcus_mitis",-0.824175824175824,-0.25,14,17,0.0271110580022392,0.0881367001693204
"s__Prevotella_hominis","s__Streptococcus_mitis",-0.881818181818182,-0.432142857142857,11,15,0.0504881023139641,0.121486996192976
"s__Catenibacterium_mitsuokai","s__Streptococcus_mitis",-0.895104895104895,-0.285294117647059,12,16,0.00964125361222046,0.0571058867800751
"s__Prevotella_bivia","s__Streptococcus_mitis",0.874125874125874,-0.0588235294117647,12,17,0.0013693880827435,0.0461382901508747
"s__Ruminococcus_callidus","s__Streptococcus_mitis",-0.918181818181818,-0.428571428571429,11,13,0.0214322598774383,0.0874698489716209
"s__Prevotella_stercorea","s__Prevotella_pectinovora",0.738345864661654,0.245614035087719,20,19,0.0497321132362437,0.121486996192976
"s__Prevotella_sp._Marseille_P4119","s__Prevotella_pectinovora",0.707017543859649,0.42827657378741,19,18,0.246653545870146,0.345506422514181
"s__Ruminococcus_torques","s__Oscillibacter_sp._MSJ_31",-0.279411764705882,-0.691228070175439,16,19,0.138338312610819,0.247722094675188
"s__Oscillibacter_sp._ER4","s__Oscillibacter_sp._MSJ_31",0.571428571428571,0.730392156862745,15,17,0.480551102315613,0.560642952701548
"s__Vescimonas_coprocola","s__Oscillibacter_sp._MSJ_31",0.567857142857143,0.811274509803922,15,17,0.221143040462741,0.321283285200586
"s__Mediterraneibacter_faecis","s__Oliverpabstia_intestinalis",0.710526315789474,0.0912280701754386,19,19,0.0274589341607364,0.0881367001693204
"s__Ruminococcus_callidus","s__Oliverpabstia_intestinalis",0.0785714285714286,0.778571428571429,15,15,0.0215834692267636,0.0874698489716209
"s__Ruminococcus_torques","s__Oscillibacter_valericigenes",0.232213438735178,-0.685714285714286,23,21,0.00117895481250651,0.0461382901508747
"s__Oscillibacter_sp._ER4","s__Oscillibacter_valericigenes",0.430340557275542,0.817543859649123,18,19,0.0588558338763973,0.127786210605779
"s__Vescimonas_coprocola","s__Oscillibacter_valericigenes",0.850490196078431,0.739938080495356,17,18,0.415224871305954,0.515682501460621
"s__Oscillibacter_sp._MSJ_31","s__Oscillibacter_valericigenes",0.823529411764706,0.908771929824561,16,19,0.341810353649132,0.438656620516386
"s__Simiaoa_sunii","s__Waltera_intestinalis",0.573626373626374,0.942857142857143,14,15,0.00848841351378212,0.0544673200467686
"s__Blautia_wexlerae","s__Blautia_faecicola",0.676623376623377,-0.0456140350877193,21,19,0.0133309720359437,0.064155302922979
"s__Dorea_longicatena","s__Blautia_faecicola",0.668831168831169,0.42280701754386,21,19,0.304866337550867,0.404736344679599
"s__Coprococcus_comes","s__Blautia_faecicola",0.71038961038961,0.187719298245614,21,19,0.0460472509731131,0.118187944164324
"s__Blautia_massiliensis","s__Blautia_faecicola",0.708270676691729,0.70343137254902,20,17,0.971292225141137,0.971292225141137
"s__Ruminococcus_torques","s__Vescimonas_fastidiosa",0.142857142857143,-0.75,14,16,0.00801044210502928,0.0544673200467686
"s__Vescimonas_coprocola","s__Vescimonas_fastidiosa",0.853146853146853,0.585714285714286,12,15,0.18945292068203,0.291757497850327
"s__Oscillibacter_sp._MSJ_31","s__Vescimonas_fastidiosa",0.620879120879121,0.907142857142857,13,15,0.0691476550958842,0.143901876821165
"s__Oscillibacter_valericigenes","s__Vescimonas_fastidiosa",0.859340659340659,0.817647058823529,14,16,0.741119134136825,0.783044458804472
"s__Blautia_faecicola","s__Faecalibacterium_sp._HTFF",0.391228070175439,0.806372549019608,19,17,0.0597442023611436,0.127786210605779
