Taxa,name,cooccurrence_g1,cooccurrence_g2,cor_g1,cor_g2,diff_cor,p,sign
data1 - s__Abiotrophia_defectiva,data2 - s__Blautia_luti,84,45,0.0204135549788572,0.304678612066367,0.28426505708751,0.121739160781877,g2+
data1 - s__Abiotrophia_sp._HMSC24B09,data2 - s__Eubacterium_coprostanoligenes,85,46,-0.185887526646215,0.377679926961509,0.563567453607724,0.00187555211761037,g2+
data1 - s__Abiotrophia_sp._HMSC24B09,data2 - s__Mediterraneibacter_glycyrrhizinilyticus,93,47,0.046304686393067,-0.300895174442581,0.347199860835648,0.0523966670250342,g2-
data1 - s__Actinomyces_bouchesdurhonensis,data2 - s__Clostridium_sp._AF23_8,102,58,0.0184075194661422,-0.322525465772989,0.340932985239131,0.0358832519793661,g2-
data1 - s__Actinomyces_graevenitzii,data2 - s__Klebsiella_pneumoniae,135,71,-0.0117962460621082,-0.302917417051187,0.291121170989079,0.0437980014510659,g2-
data1 - s__Actinomyces_graevenitzii,data2 - s__Methanobrevibacter_smithii,77,47,0.0773833117497672,-0.321231850079882,0.398615161829649,0.0310343032859528,g2-
data1 - s__Actinomyces_graevenitzii,data2 - s__Prevotella_hominis,103,60,0.121729188068518,0.322163902919525,0.200434714851008,0.2020523366337,g2+
data1 - s__Actinomyces_naeslundii,data2 - s__Blautia_luti,127,67,0.0572547983850851,0.421999691400725,0.36474489301564,0.0107073547241774,g2+
data1 - s__Actinomyces_naeslundii,data2 - s__Blautia_schinkii,127,67,0.163104242355833,0.311654109688381,0.148549867332548,0.305239198245523,g2+
data1 - s__Actinomyces_naeslundii,data2 - s__Clostridium_sp._AM49_4BH,119,65,-0.0258685024963909,-0.303162242663529,0.277293740167138,0.0679874551958819,g2-
data1 - s__Actinomyces_naeslundii,data2 - s__Porcipelethomonas_ammoniilytica,115,62,0.0169720956553926,-0.381074950170918,0.398047045826311,0.00931563575664063,g2-
data1 - s__Actinomyces_naeslundii,data2 - s__Pseudoflavonifractor_capillosus,127,67,0.0531784505732475,-0.31191874537725,0.365097195950497,0.0145955687660118,g2-
data1 - s__Actinomyces_naeslundii,data2 - s__Pseudoflavonifractor_phocaeensis,127,67,0.118819311023452,-0.306843854351541,0.425663165374993,0.00457376229158002,g2-
data1 - s__Actinomyces_naeslundii,data2 - s__Streptococcus_salivarius,105,49,0.0453431621541009,0.324481209839346,0.279138047685245,0.101001264883068,g2+
data1 - s__Actinomyces_oris,data2 - s__Bacteroides_fragilis,132,73,-0.0553813525380906,-0.321200040278825,0.265818687740734,0.0615367124060029,g2-
data1 - s__Actinomyces_oris,data2 - s__Blautia_massiliensis,131,75,-0.0559332150221672,0.302785674973204,0.358718889995371,0.0123503743598397,g2+
data1 - s__Actinomyces_oris,data2 - s__Collinsella_aerofaciens,132,75,0.153362545508686,0.303517130337578,0.150154584828892,0.280353987784636,g2+
data1 - s__Actinomyces_oris,data2 - s__Lentihominibacter_faecis,131,74,0.0428609122503663,0.360443125623074,0.317582213372708,0.0237871693807883,g2+
data1 - s__Actinomyces_oris,data2 - s__Porcipelethomonas_ammoniilytica,122,70,0.0999757128081821,-0.315102108941596,0.415077821749778,0.00523116273700364,g2-
data1 - s__Actinomyces_sp._oral_taxon_172,data2 - s__Allisonella_histaminiformans,77,48,0.0843478106525543,0.309885271057783,0.225537460405228,0.212129600866213,g2+
data1 - s__Actinomyces_sp._oral_taxon_181,data2 - s__Bifidobacterium_longum,88,51,0.0626051181139452,0.366965003938566,0.304359885824621,0.074311898100317,g2+
data1 - s__Actinomyces_sp._oral_taxon_181,data2 - s__Butyrivibrio_crossotus,93,53,-1.56984958915426e-05,-0.305995394035,0.305979695539108,0.0731090804344783,g2-
data1 - s__Actinomyces_sp._oral_taxon_181,data2 - s__Clostridium_sp._AF43_10,61,43,-0.109730949874157,-0.320707549501439,0.210976599627282,0.279510532313396,g2-
data1 - s__Actinomyces_sp._oral_taxon_181,data2 - s__Escherichia_coli,94,52,0.136180661114127,-0.313525794936364,0.449706456050491,0.00920311903184867,g2-
data1 - s__Actinomyces_sp._oral_taxon_181,data2 - s__Lachnospira_eligens,94,54,-0.12163771375971,-0.311069537467478,0.189431823707769,0.254101083082807,g2-
data1 - s__Actinomyces_sp._ph3,data2 - s__Adlercreutzia_equolifaciens,83,52,-0.0532421972238172,0.368837112160716,0.422079309384533,0.0152019510077404,g2+
data1 - s__Actinomyces_sp._ph3,data2 - s__Bifidobacterium_longum,80,50,0.0446213754480424,0.349737203578888,0.305115828130846,0.0833769226673871,g2+
data1 - s__Actinomyces_sp._ph3,data2 - s__Bifidobacterium_pseudocatenulatum,65,49,0.10793853677895,0.31354005591097,0.20560151913202,0.266771498375514,g2+
data1 - s__Actinomyces_sp._ph3,data2 - s__Blautia_obeum,85,52,0.00365978549460569,0.31749539119973,0.313835605705124,0.0716993457582644,g2+
data1 - s__Actinomyces_sp._ph3,data2 - s__Collinsella_aerofaciens,85,52,0.111053183815928,0.332428624299533,0.221375440483605,0.194913804747924,g2+
data1 - s__Actinomyces_sp._ph3,data2 - s__Escherichia_coli,84,51,0.174604930494806,-0.369977837839603,0.544582768334409,0.00193013331460246,g2-
data1 - s__Actinomyces_sp._ph3,data2 - s__Prevotella_stercorea,75,45,0.0317303982570185,-0.335134359146733,0.366864757403752,0.0501241389503675,g2-
data1 - s__Actinomyces_sp._ph3,data2 - s__Suilimivivens_aceti,84,52,-0.0922550641054705,-0.322293554038338,0.230038489932868,0.181735917635552,g2-
data1 - s__Actinomyces_sp._S6_Spd3,data2 - s__Adlercreutzia_equolifaciens,94,61,0.100867367197494,0.308882739368924,0.20801537217143,0.194267703093942,g2+
data1 - s__Actinomyces_sp._S6_Spd3,data2 - s__Anaerobutyricum_hallii,96,61,-0.130003410374223,0.496068342856129,0.626071753230352,5.50098599965132e-05,g2+
data1 - s__Actinomyces_sp._S6_Spd3,data2 - s__Blautia_obeum,96,61,-0.0118759884149145,0.356314526570024,0.368190514984939,0.0215460008419988,g2+
data1 - s__Actinomyces_sp._S6_Spd3,data2 - s__Butyrivibrio_crossotus,94,61,0.0636013003225719,-0.342739949532762,0.406341249855334,0.0122464741055202,g2-
data1 - s__Actinomyces_sp._S6_Spd3,data2 - s__Clostridium_sp._AF36_4,85,56,0.00150424055113161,-0.337501227006573,0.339005467557705,0.0453290782883391,g2-
data1 - s__Actinomyces_sp._S6_Spd3,data2 - s__Collinsella_aerofaciens,96,61,0.00478423667796997,0.319643870834898,0.314859634156928,0.0510314748977012,g2+
data1 - s__Actinomyces_sp._S6_Spd3,data2 - s__Coprococcus_comes,96,61,-0.00938417152534636,0.373163443813397,0.382547615338744,0.0164155655839766,g2+
data1 - s__Actinomyces_sp._S6_Spd3,data2 - s__Oribacterium_sp._oral_taxon_102,91,60,0.0116982883476338,-0.40755478819512,0.419253076542754,0.00895866953682112,g2-
data1 - s__Actinomyces_sp._S6_Spd3,data2 - s__Prevotella_copri,88,59,0.0556435168229877,-0.40003506790492,0.455678584727908,0.00534650203072484,g2-
data1 - s__Actinomyces_sp._S6_Spd3,data2 - s__Prevotella_stercorea,83,54,-0.0245334141405368,-0.419586269823161,0.395052855682624,0.0183379776852053,g2-
data1 - s__Actinomyces_sp._S6_Spd3,data2 - s__Pseudoflavonifractor_sp._MSJ_30,95,61,0.0613597887532932,-0.386720786946609,0.448080575699903,0.00511796765796335,g2-
data1 - s__Actinomyces_sp._S6_Spd3,data2 - s__Ruminococcus_flavefaciens,94,61,-0.0256297145276197,-0.301537279565693,0.275907565038073,0.0891957393161391,g2-
data1 - s__Actinomyces_sp._S6_Spd3,data2 - s__Ruminococcus_gnavus,96,61,0.0882297488028748,0.315399004384588,0.227169255581713,0.154768055791354,g2+
data1 - s__Actinomyces_sp._S6_Spd3,data2 - s__Ruminococcus_sp._210702_SL_1_03,90,60,0.0687632186666328,-0.330226495262987,0.39898971392962,0.0156279101673913,g2-
data1 - s__Actinomyces_sp._S6_Spd3,data2 - s__Ruminococcus_torques,96,61,-0.0528343918287369,0.313868746532116,0.366703138360853,0.0239757912243801,g2+
data1 - s__Actinomyces_sp._S6_Spd3,data2 - s__Suilimivivens_aceti,95,61,-0.144823022165527,-0.362269376146258,0.217446353980731,0.163453263416702,g2-
data1 - s__Actinomyces_sp._S6_Spd3,data2 - s__Vescimonas_fastidiosa,92,61,0.0143445869448484,-0.336344168255204,0.350688755200052,0.0308621198941637,g2-
data1 - s__Aggregatibacter_segnis,data2 - s__Bacteriophage_sp.,100,48,0.0610308317607827,0.303293101715914,0.242262269955131,0.162303909004267,g2+
data1 - s__Aggregatibacter_segnis,data2 - s__Collinsella_sp._TF05_9AC,111,58,-0.070077412384305,-0.332103765333875,0.262026352949571,0.0968978022744507,g2-
data1 - s__Aggregatibacter_segnis,data2 - s__Faecalibacillus_faecis,115,60,-0.110300406827219,0.312910632065753,0.423211038892972,0.00757106201481839,g2+
data1 - s__Aggregatibacter_segnis,data2 - s__Faecalibacterium_sp._CLA_AA_H233,126,60,0.163438244074055,0.327242226079105,0.16380398200505,0.275252522106163,g2+
data1 - s__Aggregatibacter_segnis,data2 - s__Lachnoclostridium_sp._210928_DFI_6_3,122,58,0.131350454074616,0.316458648873578,0.185108194798962,0.230298028063036,g2+
data1 - s__Aggregatibacter_segnis,data2 - s__Prevotella_pectinovora,94,51,-0.0548568170625773,0.315264963442237,0.370121780504814,0.0325628435690679,g2+
data1 - s__Aggregatibacter_sp._2125159857,data2 - s__Agathobaculum_butyriciproducens,109,50,-0.0208793724616091,0.308505086907951,0.32938445936956,0.0525179094443544,g2+
data1 - s__Aggregatibacter_sp._2125159857,data2 - s__Desulfovibrio_piger,94,42,0.0163562478994478,0.356470882018591,0.340114634119143,0.0625208160139334,g2+
data1 - s__Aggregatibacter_sp._2125159857,data2 - s__Faecalibacillus_faecis,99,49,-0.0035366001944217,0.314952667343795,0.318489267538216,0.0660790291271105,g2+
data1 - s__Aggregatibacter_sp._2125159857,data2 - s__Lachnoclostridium_sp._210928_DFI_6_3,107,47,0.125731790901063,0.34095096912199,0.215219178220927,0.203352961459285,g2+
data1 - s__Aggregatibacter_sp._2125159857,data2 - s__Paraprevotella_clara,77,39,0.152019966344407,0.317179215645004,0.165159249300597,0.388309855087279,g2+
data1 - s__Aggregatibacter_sp._oral_taxon_458,data2 - s__Agathobaculum_butyriciproducens,112,49,0.0613158412864803,0.30999056051791,0.24867471923143,0.140511911417103,g2+
data1 - s__Aggregatibacter_sp._oral_taxon_458,data2 - s__Faecalibacillus_faecis,103,48,0.0618397396513426,0.408417427781907,0.346577688130565,0.038340204670595,g2+
data1 - s__Aggregatibacter_sp._oral_taxon_458,data2 - s__Gemmiger_formicilis,112,49,0.216224692615636,0.378908655911727,0.162683963296091,0.308392817203944,g2+
data1 - s__Aggregatibacter_sp._oral_taxon_458,data2 - s__Paraprevotella_clara,78,38,0.106170154174568,0.360582148355194,0.254411994180626,0.185581490066989,g2+
data1 - s__Alloprevotella_rava,data2 - s__Collinsella_bouchesdurhonensis,83,51,0.025624687176634,-0.312365677980723,0.337990365157357,0.0560779935192679,g2-
data1 - s__Alloprevotella_rava,data2 - s__Senegalimassilia_faecalis,81,52,0.0580342707207224,-0.313078069581444,0.371112340302167,0.0360921085525672,g2-
data1 - s__Alloprevotella_rava,data2 - s__Slackia_isoflavoniconvertens,87,53,0.0204004784855426,-0.414718960131903,0.435119438617446,0.00974262783561985,g2-
data1 - s__Alloprevotella_sp._oral_taxon_473,data2 - s__Allisonella_histaminiformans,61,40,0.127452446118445,0.31346972321628,0.186017277097835,0.350978271648659,g2+
data1 - s__Alloprevotella_sp._oral_taxon_473,data2 - s__Bifidobacterium_longum,99,54,0.017019064031333,-0.335313607519198,0.352332671550531,0.0347532137692268,g2-
data1 - s__Alloprevotella_sp._oral_taxon_473,data2 - s__Streptococcus_salivarius,83,43,-0.056520288797336,-0.305394386694634,0.248874097897298,0.181275561425259,g2-
data1 - s__Campylobacter_concisus,data2 - s__Clostridium_sp._AF43_10,81,54,0.0551448599337264,0.325948031654632,0.270803171720905,0.115946392591874,g2+
data1 - s__Campylobacter_concisus,data2 - s__Ellagibacter_isourolithinifaciens,110,65,-0.107031952601602,-0.355025890837234,0.247993938235632,0.0984498573429289,g2-
data1 - s__Campylobacter_concisus,data2 - s__Faecalibacterium_sp._AF27_11BH,117,65,0.0412688473597866,0.316932638467223,0.275663791107436,0.0690059097236906,g2+
data1 - s__Campylobacter_concisus,data2 - s__Oliverpabstia_intestinalis,118,65,-0.0118415331503237,0.30303822760982,0.314879760760144,0.0393177737576038,g2+
data1 - s__Campylobacter_concisus,data2 - s__Roseburia_inulinivorans,118,65,-0.0375792492995166,0.334088815038427,0.371668064337944,0.0145387960808003,g2+
data1 - s__Campylobacter_concisus,data2 - s__Waltera_sp._CLA_AA_H273,115,64,0.0293858307539233,0.349575041787951,0.320189211034028,0.0349650029352879,g2+
data1 - s__Candidatus_Nanosynbacter_sp._HMT_352,data2 - s__Anaerotignum_faecicola,94,57,0.0731329116178249,-0.311891057002071,0.385023968619896,0.0211811448636596,g2-
data1 - s__Candidatus_Nanosynbacter_sp._HMT_352,data2 - s__Clostridium_sp._D43t1_170807_H7,77,45,0.158803018442549,0.393338946406263,0.234535927963714,0.18584764883292,g2+
data1 - s__Candidatus_Nanosynbacter_sp._HMT_352,data2 - s__Romboutsia_timonensis,85,50,0.0835877885623167,0.447118371171615,0.363530582609299,0.0298820206723036,g2+
data1 - s__Candidatus_Nanosynbacter_sp._HMT_352,data2 - s__Solobacterium_moorei,79,47,0.0553703721026135,0.330406977879741,0.275036605777128,0.12861902464739,g2+
data1 - s__Candidatus_Nanosynbacter_sp._HMT_352,data2 - s__Suilimivivens_aceti,95,57,-0.00756880911359444,-0.303048363454898,0.295479554341303,0.074923991658385,g2-
data1 - s__Candidatus_Nanosynbacter_sp._TM7_008,data2 - s__Clostridium_sp._D43t1_170807_D5,61,41,-0.18639561900164,0.326539973096878,0.512935592098517,0.0114795457008585,g2+
data1 - s__Candidatus_Nanosynbacter_sp._TM7_008,data2 - s__Clostridium_sp._D43t1_170807_H7,72,42,0.169107205202868,0.395354409970812,0.226247204767944,0.216885357096104,g2+
data1 - s__Candidatus_Nanosynbacter_sp._TM7_008,data2 - s__Prevotella_stercorea,79,48,0.000795417237568608,-0.324721835246495,0.325517252484063,0.0725863170145722,g2-
data1 - s__Candidatus_Nanosynbacter_sp._TM7_008,data2 - s__Pseudoflavonifractor_sp._MSJ_30,88,54,-0.0775589223149239,-0.30048242997472,0.222923507659796,0.189616382639247,g2-
data1 - s__Candidatus_Nanosynbacter_sp._TM7_008,data2 - s__Romboutsia_timonensis,79,47,0.117337158219473,0.416964713221799,0.299627555002326,0.0851392096130841,g2+
data1 - s__Candidatus_Nanosynbacter_sp._TM7_008,data2 - s__Roseburia_intestinalis,89,54,0.0269173171363083,0.315679513730608,0.2887621965943,0.0897013348151079,g2+
data1 - s__Candidatus_Nanosynbacter_sp._TM7_008,data2 - s__Solobacterium_moorei,74,44,0.104757128826409,0.302834154763007,0.198077025936598,0.290130754541763,g2+
data1 - s__Candidatus_Nanosynbacter_sp._TM7_008,data2 - s__Suilimivivens_aceti,88,54,-0.0366873475999473,-0.304371505837591,0.267684158237644,0.117015880372776,g2-
data1 - s__Candidatus_Nanosynbacter_sp._TM7_053,data2 - s__Clostridium_sp._AF15_31,52,31,-0.121479863315155,0.310591420447103,0.432071283762258,0.061322025075909,g2+
data1 - s__Candidatus_Nanosynbacter_sp._TM7_053,data2 - s__Clostridium_sp._D43t1_170807_H7,73,43,0.203471816171845,0.431695889846121,0.228224073674276,0.197153287492883,g2+
data1 - s__Candidatus_Nanosynbacter_sp._TM7_053,data2 - s__Romboutsia_timonensis,82,48,0.177135711843949,0.406341363431753,0.229205651587804,0.176901007497703,g2+
data1 - s__Candidatus_Nanosynbacter_sp._TM7_057,data2 - s__Anaerotignum_faecicola,90,54,0.0652127054658142,-0.306921273288044,0.372133978753858,0.0301136410634981,g2-
data1 - s__Candidatus_Nanosynbacter_sp._TM7_057,data2 - s__Clostridium_perfringens,89,54,0.19164333053898,0.332320895187756,0.140677564648775,0.391665857281051,g2+
data1 - s__Candidatus_Nanosynbacter_sp._TM7_057,data2 - s__Clostridium_sp._D43t1_170807_D5,64,41,-0.168404272983168,0.337167388955611,0.505571661938779,0.0117147689351833,g2+
data1 - s__Candidatus_Nanosynbacter_sp._TM7_057,data2 - s__Clostridium_sp._D43t1_170807_H7,73,42,0.0761534986269811,0.430695786889391,0.35454228826241,0.0543533714805364,g2+
data1 - s__Candidatus_Nanosynbacter_sp._TM7_057,data2 - s__Lachnospira_eligens,91,54,-0.0372971195011882,0.32029222107112,0.357589340572308,0.0358719927145956,g2+
data1 - s__Candidatus_Nanosynbacter_sp._TM7_057,data2 - s__Romboutsia_timonensis,83,47,0.151165232467284,0.335283884205328,0.184118651738044,0.295281036980721,g2+
data1 - s__Candidatus_Nanosynbacter_sp._TM7_057,data2 - s__Solobacterium_moorei,74,44,0.00174901157059385,0.343631987179807,0.341882975609214,0.0691766968256318,g2+
data1 - s__Candidatus_Nanosynbacter_sp._TM7_075,data2 - s__Clostridium_sp._D43t1_170807_H7,76,38,0.165796190345046,0.305964890715525,0.140168700370479,0.469381047213805,g2+
data1 - s__Candidatus_Nanosynbacter_sp._TM7_075,data2 - s__Qingrenia_yutianensis,91,47,0.113815469105976,0.340012118151369,0.226196649045394,0.194033751221607,g2+
data1 - s__Candidatus_Nanosynbacter_sp._TM7_075,data2 - s__Romboutsia_timonensis,84,43,0.0521952397226733,0.392699977196204,0.340504737473531,0.060507610055929,g2+
data1 - s__Candidatus_Nanosynbacter_sp._TM7_076,data2 - s__Anaerotignum_faecicola,89,56,0.139114327398997,-0.300411141343768,0.439525468742765,0.00997101147006507,g2-
data1 - s__Candidatus_Nanosynbacter_sp._TM7_076,data2 - s__Clostridium_sp._AF15_31,52,31,-0.0838548903976128,0.385194164790147,0.46904905518776,0.0385274517147447,g2+
data1 - s__Candidatus_Nanosynbacter_sp._TM7_076,data2 - s__Qingrenia_yutianensis,87,53,0.0991862740273233,0.315031954325953,0.21584568029863,0.204558908276399,g2+
data1 - s__Candidatus_Nanosynbacter_sp._TM7_076,data2 - s__Romboutsia_timonensis,81,49,0.160650263538515,0.312616419543036,0.151966156004521,0.385319698026578,g2+
data1 - s__Candidatus_Nanosynbacter_sp._TM7_076,data2 - s__Solobacterium_moorei,76,46,0.0631399213643913,0.33249231842938,0.269352397064988,0.141818772651333,g2+
data1 - s__Candidatus_Nanosynbacter_sp._TM7_087,data2 - s__Anaerotardibacter_sp._CLA_AA_M13,84,53,0.0450747983575381,0.312415727079829,0.267340928722291,0.122013005071582,g2+
data1 - s__Candidatus_Nanosynbacter_sp._TM7_087,data2 - s__Clostridium_sp._D43t1_170807_H7,72,42,0.0291677399026662,0.402076621435919,0.372908881533253,0.0475434063778255,g2+
data1 - s__Candidatus_Nanosynbacter_sp._TM7_087,data2 - s__Romboutsia_timonensis,80,47,0.0161869910778991,0.30779335371307,0.291606362635171,0.110132528427251,g2+
data1 - s__Candidatus_Nanosynbacter_sp._TM7_087,data2 - s__Terrisporobacter_glycolicus,71,45,-0.0565240750251433,0.330003612434107,0.386527687459251,0.0418298667250219,g2+
data1 - s__Fusobacterium_periodonticum,data2 - s__Bifidobacterium_adolescentis,82,39,0.0413176705833354,-0.307830473488522,0.349148144071857,0.0738205086436154,g2-
data1 - s__Fusobacterium_periodonticum,data2 - s__Parolsenella_catena,95,54,-0.31098903025992,-0.0118178308936898,0.29917119936623,0.0759489884427971,g1-
data1 - s__Fusobacterium_periodonticum,data2 - s__Ruminococcus_gnavus,111,55,0.0157359473227185,-0.322223375265873,0.337959322588591,0.038193293682502,g2-
data1 - s__Fusobacterium_pseudoperiodonticum,data2 - s__Ellagibacter_isourolithinifaciens,110,60,-0.337640103275437,0.0724811236236472,0.410121226899085,0.00971294556705904,g1-
data1 - s__Fusobacterium_pseudoperiodonticum,data2 - s__Eubacterium_coprostanoligenes,108,59,0.201031743667485,0.335365089885967,0.134333346218482,0.380701082286158,g2+
data1 - s__Fusobacterium_pseudoperiodonticum,data2 - s__Gemmiger_formicilis,117,60,0.0843267262345773,-0.327417221170461,0.411743947405039,0.00888239865026219,g2-
data1 - s__Fusobacterium_pseudoperiodonticum,data2 - s__Ruminococcus_gnavus,117,60,0.0642371520509966,-0.307733983936864,0.371971135987861,0.0184201102710069,g2-
data1 - s__Fusobacterium_pseudoperiodonticum,data2 - s__Ruminococcus_sp._AF37_3AC,86,49,0.331773655395973,0.159866931377323,0.17190672401865,0.317951862259364,g1+
data1 - s__Gemella_morbillorum,data2 - s__Bifidobacterium_adolescentis,97,53,0.0474391408247709,-0.356881494116095,0.404320634940866,0.0162190271566558,g2-
data1 - s__Gemella_morbillorum,data2 - s__Eubacterium_sp._AF22_8LB,100,59,-0.0420767096835815,0.314471999776287,0.356548709459869,0.0284993776184361,g2+
data1 - s__Gemella_morbillorum,data2 - s__Faecalibacterium_sp._Marseille_Q4896,131,63,-0.126739629671602,-0.365940868972151,0.239201239300549,0.101388505358001,g2-
data1 - s__Gemella_morbillorum,data2 - s__Waltera_sp._CLA_AA_H273,128,66,-0.0678177583874793,-0.368838188677093,0.301020430289613,0.0388650579948238,g2-
data1 - s__Gemella_sanguinis,data2 - s__Collinsella_tanakaei,132,75,-0.0863847969211029,0.309792424211959,0.396177221133062,0.00567306745867602,g2+
data1 - s__Granulicatella_adiacens,data2 - s__Anaerostipes_hadrus,139,76,-0.0841128511111605,0.371168663819078,0.455281514930238,0.00108493725032655,g2+
data1 - s__Granulicatella_adiacens,data2 - s__Bacteroides_stercoris,135,67,-0.0414875896740071,-0.303852311088939,0.262364721414932,0.0738794336439206,g2-
data1 - s__Granulicatella_adiacens,data2 - s__Blautia_hansenii,139,76,0.0430382336529383,0.306455191877,0.263416958224061,0.0593684740330291,g2+
data1 - s__Granulicatella_adiacens,data2 - s__Collinsella_sp._TF05_9AC,123,71,0.0661471816924054,0.305051019818999,0.238903838126594,0.101134928704201,g2+
data1 - s__Granulicatella_adiacens,data2 - s__Oscillibacter_sp._ER4,135,76,-0.0878406693970883,-0.384146737177327,0.296306067780239,0.0298322727021805,g2-
data1 - s__Granulicatella_adiacens,data2 - s__Phascolarctobacterium_sp._Marseille_Q4147,108,63,-0.0796502453615084,-0.313673180733505,0.234022935371996,0.130375425276925,g2-
data1 - s__Granulicatella_adiacens,data2 - s__Prevotella_sp._885,98,64,-0.0246948583383629,-0.329325511712208,0.304630653373845,0.0530714840796438,g2-
data1 - s__Granulicatella_sp._HMSC30F09,data2 - s__Adlercreutzia_equolifaciens,133,71,-0.0503694668540071,0.313639317573738,0.364008784427745,0.0122243567346036,g2+
data1 - s__Granulicatella_sp._HMSC30F09,data2 - s__Anaerostipes_hadrus,135,71,-0.0563177431044004,0.369936027366217,0.426253770470617,0.00288874914663162,g2+
data1 - s__Granulicatella_sp._HMSC30F09,data2 - s__Blautia_wexlerae,135,71,0.0691273795920245,0.303770620113232,0.234643240521208,0.101525612819373,g2+
data1 - s__Granulicatella_sp._HMSC30F09,data2 - s__Dysosmobacter_sp._BX15,132,71,-0.195452869004865,-0.300058533493833,0.104605664488967,0.456520588253507,g2-
data1 - s__Granulicatella_sp._HMSC30F09,data2 - s__Eggerthella_lenta,135,71,0.136794725354474,0.362281672494085,0.225486947139611,0.105183208665542,g2+
data1 - s__Granulicatella_sp._HMSC30F09,data2 - s__Escherichia_coli,134,69,0.0479871681794432,-0.307338426585826,0.35532559476527,0.0154260360886287,g2-
data1 - s__Granulicatella_sp._HMSC30F09,data2 - s__Holdemanella_porci,124,69,0.0407939214297203,0.337192202787678,0.296398281357958,0.0427109934636092,g2+
data1 - s__Granulicatella_sp._HMSC30F09,data2 - s__Holdemanella_sp._MSK_7_32,122,70,0.00770418523161256,0.304026033885047,0.296321848653434,0.0449583136889988,g2+
data1 - s__Granulicatella_sp._HMSC30F09,data2 - s__Mediterraneibacter_faecis,135,71,-0.0132930341973348,0.347589867780574,0.360882901977909,0.0117729908974458,g2+
data1 - s__Granulicatella_sp._HMSC30F09,data2 - s__Oscillibacter_sp._ER4,131,71,-0.120226895583323,-0.366032709477425,0.245805813894102,0.0796412787665459,g2-
data1 - s__Granulicatella_sp._HMSC30F09,data2 - s__Oscillibacter_sp._MCC667,134,70,-0.1650555907332,-0.310048528087725,0.144992937354525,0.305148634070383,g2-
data1 - s__Granulicatella_sp._HMSC30F09,data2 - s__Oscillibacter_sp._MSJ_31,133,70,-0.0869806259494927,-0.33563950046424,0.248658874514747,0.0815237383939817,g2-
data1 - s__Granulicatella_sp._HMSC30F09,data2 - s__Prevotella_pectinovora,101,57,-0.0690943233108256,-0.33686800867024,0.267773685359414,0.096892769017765,g2-
data1 - s__Granulicatella_sp._HMSC30F09,data2 - s__Roseburia_sp._CLA_AA_H204,127,67,-0.0984690301250507,-0.327594479415197,0.229125449290146,0.116873751106199,g2-
data1 - s__Granulicatella_sp._HMSC30F09,data2 - s__Ruminococcus_lactaris,135,71,-0.0936136014608445,0.319717607535443,0.413331208996288,0.00439032702674114,g2+
data1 - s__Granulicatella_sp._HMSC30F09,data2 - s__Simiaoa_sunii,133,70,0.0471179544901844,-0.302483623024996,0.34960157751518,0.0168582364323233,g2-
data1 - s__Granulicatella_sp._HMSC30F09,data2 - s__Suilimivivens_aceti,134,71,-0.18330807531371,-0.308002224997698,0.124694149683988,0.373788638327987,g2-
data1 - s__Haemophilus_haemolyticus,data2 - s__Agathobaculum_sp._M2,127,74,0.0174110617270525,0.381892283423525,0.364481221696472,0.00971013805902188,g2+
data1 - s__Haemophilus_haemolyticus,data2 - s__Bifidobacterium_longum,126,74,0.0574499029031451,-0.328308473061666,0.385758375964811,0.00751077747025342,g2-
data1 - s__Haemophilus_haemolyticus,data2 - s__Collinsella_sp._TF05_9AC,119,71,0.0680167831089018,-0.316414657879823,0.384431440988724,0.00955967713644279,g2-
data1 - s__Haemophilus_haemolyticus,data2 - s__Oribacterium_sp._oral_taxon_102,129,75,0.0300845599574178,0.330535514971151,0.300450955013733,0.0339266830838425,g2+
data1 - s__Haemophilus_influenzae,data2 - s__Butyrivibrio_crossotus,133,75,-0.12628111906071,0.395529703422789,0.521810822483499,0.00020571408083514,g2+
data1 - s__Haemophilus_influenzae,data2 - s__Clostridium_sp._1001271B_151109_B4,110,54,-0.0956271990645431,0.344863200140136,0.440490399204679,0.00742716950012245,g2+
data1 - s__Haemophilus_influenzae,data2 - s__Faecalibacillus_faecis,124,75,-0.0190196441822887,0.344349995344183,0.363369639526472,0.0110878711634366,g2+
data1 - s__Haemophilus_influenzae,data2 - s__Faecalicatena_fissicatena,135,76,0.0627545727040804,-0.354664962381805,0.417419535085885,0.00295082748576325,g2-
data1 - s__Haemophilus_parahaemolyticus,data2 - s__Brotolimicola_acetigignens,122,68,0.201880610861541,0.308128843314781,0.106248232453239,0.460672006958569,g2+
data1 - s__Haemophilus_parahaemolyticus,data2 - s__Lentihominibacter_faecis,126,70,-0.0432270368774757,-0.30100333413592,0.257776297258444,0.0782630364857613,g2-
data1 - s__Haemophilus_parahaemolyticus,data2 - s__Waltera_sp._CLA_AA_H273,122,69,0.136384101525974,0.331173877698812,0.194789776172838,0.177613819431255,g2+
data1 - s__Haemophilus_parainfluenzae,data2 - s__Adlercreutzia_equolifaciens,139,77,0.130237031546769,-0.311137389042857,0.441374420589626,0.00172148973330666,g2-
data1 - s__Haemophilus_parainfluenzae,data2 - s__Anaerobutyricum_soehngenii,141,77,-0.111686539275308,0.307556451905056,0.419242991180364,0.00284150081693424,g2+
data1 - s__Haemophilus_parainfluenzae,data2 - s__Phascolarctobacterium_faecium,109,57,0.0253868075695264,-0.344354181650184,0.36974098921971,0.0214890831906756,g2-
data1 - s__Haemophilus_paraphrohaemolyticus,data2 - s__Brotolimicola_acetigignens,112,55,0.218950961518961,0.319201174507729,0.100250212988769,0.520865547083654,g2+
data1 - s__Haemophilus_paraphrohaemolyticus,data2 - s__Collinsella_aerofaciens,116,57,-0.0818472890557462,-0.308115119852647,0.226267830796901,0.152957440903261,g2-
data1 - s__Haemophilus_sp._Marseille_Q0026,data2 - s__Gallintestinimicrobium_propionicum,101,49,0.0809807806627839,-0.311178829103772,0.392159609766556,0.0241403455146199,g2-
data1 - s__Haemophilus_sp._Marseille_Q0026,data2 - s__Intestinibacter_bartlettii,92,44,0.0870088546788513,0.319981280798635,0.232972426119784,0.195380867419186,g2+
data1 - s__Haemophilus_sputorum,data2 - s__Absicoccus_porci,78,59,0.0119443554084117,-0.372450788666136,0.384395144074548,0.0224257370330381,g2-
data1 - s__Haemophilus_sputorum,data2 - s__Oribacterium_sp._oral_taxon_102,125,73,-0.00668317694630343,0.343085708156961,0.349768885103265,0.0151234832541858,g2+
data1 - s__Haemophilus_sputorum,data2 - s__Roseburia_sp._CLA_AA_H209,130,74,0.124949136824721,0.303382518796449,0.178433381971728,0.205430392951517,g2+
data1 - s__Lachnoanaerobaculum_orale,data2 - s__Bacteroides_caccae,86,47,-0.0477343659620033,-0.335075009480373,0.287340643518369,0.106781294673687,g2-
data1 - s__Lachnoanaerobaculum_orale,data2 - s__Ruminococcus_sp._FMBCY1,61,32,0.305365458741399,0.0114686763562516,0.293896782385147,0.181389290968635,g1+
data1 - s__Lachnoanaerobaculum_orale,data2 - s__Ruminococcus_sp._NSJ_71,85,47,0.329076355683687,-0.13459636714015,0.463672722823837,0.0106606953072623,g1+
data1 - s__Lachnoanaerobaculum_saburreum,data2 - s__Bifidobacterium_catenulatum,70,39,-0.0480856009317922,-0.356571857935899,0.308486257004107,0.115972507943069,g2-
data1 - s__Lachnoanaerobaculum_saburreum,data2 - s__Ruminococcus_bromii,112,58,-0.0961370119044433,-0.325641281364576,0.229504269460132,0.144239548045091,g2-
data1 - s__Lachnoanaerobaculum_sp._ICM7,data2 - s__Akkermansia_muciniphila,65,32,0.102154237794287,-0.340490482618506,0.442644720412794,0.0421452416497718,g2-
data1 - s__Lachnoanaerobaculum_sp._ICM7,data2 - s__Blautia_faecis,79,43,0.00823545592959735,0.300213254149466,0.291977798219869,0.122696692027718,g2+
data1 - s__Lachnoanaerobaculum_sp._ICM7,data2 - s__Faecalibacillus_intestinalis,77,43,0.328750592640899,-0.0928170684429567,0.421567661083855,0.0268226811462653,g1+
data1 - s__Lachnoanaerobaculum_sp._ICM7,data2 - s__Mediterraneibacter_butyricigenes,79,43,-0.0411335044429198,0.313225050385533,0.354358554828453,0.0614927949544994,g2+
data1 - s__Lachnoanaerobaculum_sp._ICM7,data2 - s__Oribacterium_sp._oral_taxon_102,74,42,-0.0624050115563781,-0.345166325667291,0.282761314110913,0.135587181460892,g2-
data1 - s__Lachnoanaerobaculum_sp._ICM7,data2 - s__Prevotella_hominis,59,34,0.0461376220271958,-0.348846339590144,0.39498396161734,0.0668312365320463,g2-
data1 - s__Lachnoanaerobaculum_sp._ICM7,data2 - s__Prevotella_pectinovora,53,32,-0.0308443843192931,-0.385655641961524,0.354811257642231,0.107366489532396,g2-
data1 - s__Lachnoanaerobaculum_sp._ICM7,data2 - s__Waltera_intestinalis,76,41,-0.0768809481898794,-0.344324860705498,0.267443912515619,0.158676872769546,g2-
data1 - s__Lancefieldella_parvula,data2 - s__Dorea_phocaeensis,109,69,-0.0820043798124473,0.340774999433434,0.422779379245881,0.00530278480320212,g2+
data1 - s__Lautropia_mirabilis,data2 - s__Bifidobacterium_longum,101,53,0.152073926332482,-0.321530709280599,0.473604635613081,0.00511070219037779,g2-
data1 - s__Lautropia_mirabilis,data2 - s__Bifidobacterium_pseudocatenulatum,85,50,0.0300483124142898,-0.346842193735477,0.376890506149767,0.0321837435195875,g2-
data1 - s__Lautropia_mirabilis,data2 - s__Clostridium_sp._AM49_4BH,101,54,0.0331020109622508,0.302314007233802,0.269211996271551,0.106182441182858,g2+
data1 - s__Lautropia_mirabilis,data2 - s__Escherichia_coli,107,54,0.0424500058033762,0.317051147001806,0.27460114119843,0.0944497698548388,g2+
data1 - s__Lautropia_mirabilis,data2 - s__Mediterraneibacter_glycyrrhizinilyticus,108,56,-0.0851251208588098,-0.334279765783692,0.249154644924882,0.119533967883922,g2-
data1 - s__Lautropia_mirabilis,data2 - s__Ruminococcus_callidus,106,56,0.193375851548811,0.334732809062526,0.141356957513715,0.367600008787256,g2+
data1 - s__Leptotrichia_sp._oral_taxon_218,data2 - s__Anaeromassilibacillus_sp._An200,86,51,-0.0673909848418447,0.304732577792173,0.372123562634018,0.0350441130705956,g2+
data1 - s__Leptotrichia_sp._oral_taxon_218,data2 - s__Escherichia_coli,88,50,-0.0585719147421029,0.308211005893489,0.366782920635592,0.0379721692281056,g2+
data1 - s__Leptotrichia_sp._oral_taxon_221,data2 - s__Clostridium_sp._AM42_36,68,41,0.0211951497428193,0.320737777797868,0.299542628055049,0.127435540168623,g2+
data1 - s__Leptotrichia_sp._oral_taxon_221,data2 - s__Mogibacterium_kristiansenii,98,51,-0.112251993901405,-0.326850480732562,0.214598486831157,0.200743654888764,g2-
data1 - s__Leptotrichia_sp._oral_taxon_417,data2 - s__Bifidobacterium_catenulatum,58,41,-0.0579833696974436,-0.337352314090292,0.279368944392848,0.164758780302263,g2-
data1 - s__Leptotrichia_sp._oral_taxon_417,data2 - s__Collinsella_bouchesdurhonensis,91,60,-0.0898874095190081,-0.386534306224023,0.296646896705015,0.0617725065761292,g2-
data1 - s__Leptotrichia_wadei,data2 - s__Adlercreutzia_equolifaciens,115,66,-0.130772951026807,-0.313713768698576,0.182940817671768,0.220064276400102,g2-
data1 - s__Leptotrichia_wadei,data2 - s__Anaerotardibacter_sp._CLA_AA_M13,108,64,-0.0988024269027433,-0.324910728155918,0.226108301253175,0.13930623430955,g2-
data1 - s__Leptotrichia_wadei,data2 - s__Bifidobacterium_catenulatum,70,44,-0.0736740647527468,-0.336340281887644,0.262666217134897,0.16370202776297,g2-
data1 - s__Leptotrichia_wadei,data2 - s__Bifidobacterium_longum,108,63,-0.0451551509384415,-0.315840639905265,0.270685488966824,0.0815970261331342,g2-
data1 - s__Leptotrichia_wadei,data2 - s__Bifidobacterium_pseudocatenulatum,92,59,0.0110606994086327,-0.337214699647636,0.348275399056269,0.0338059862495115,g2-
data1 - s__Leptotrichia_wadei,data2 - s__Clostridium_sp._AF43_10,77,53,0.162498455638145,0.323590170749023,0.161091715110878,0.348291187946833,g2+
data1 - s__Leptotrichia_wadei,data2 - s__Clostridium_sp._AM42_36,76,47,0.0924376189452914,0.333617672917606,0.241180053972315,0.182909372340865,g2+
data1 - s__Leptotrichia_wadei,data2 - s__Gemmiger_formicilis,116,66,0.135476222402451,0.309219993035552,0.1737437706331,0.243528579666098,g2+
data1 - s__Leptotrichia_wadei,data2 - s__Paraprevotella_clara,83,49,0.0320628967599542,0.32860400119368,0.296541104433726,0.0947326084291356,g2+
data1 - s__Leptotrichia_wadei,data2 - s__Ruminococcus_bromii,115,66,-0.119546956096387,-0.387160559784525,0.267613603688138,0.067120626816958,g2-
data1 - s__Leptotrichia_wadei,data2 - s__Slackia_isoflavoniconvertens,114,66,-0.0497007193659141,-0.358285737325509,0.308585017959595,0.0392588054453951,g2-
data1 - s__Megasphaera_micronuciformis,data2 - s__Blautia_faecis,93,51,-0.000648430800144396,0.464634602581617,0.465283033381761,0.00481616809184549,g2+
data1 - s__Megasphaera_micronuciformis,data2 - s__Blautia_obeum,93,51,-0.098276664039805,0.336480040605493,0.434756704645298,0.0120539590832569,g2+
data1 - s__Megasphaera_micronuciformis,data2 - s__Blautia_wexlerae,93,51,-0.0676366060352269,0.342554944439687,0.410191550474914,0.0174851173254202,g2+
data1 - s__Megasphaera_micronuciformis,data2 - s__Butyrivibrio_crossotus,92,51,0.0481908124045146,-0.3072501781418,0.355440990546315,0.0411211074854845,g2-
data1 - s__Megasphaera_micronuciformis,data2 - s__Clostridium_spiroforme,78,44,0.0147841113100662,0.337353102631392,0.322568991321325,0.0833480351812346,g2+
data1 - s__Megasphaera_micronuciformis,data2 - s__Dorea_ammoniilytica,92,50,-0.0647386448375824,0.312868663403586,0.377607308241168,0.0311712295220707,g2+
data1 - s__Megasphaera_micronuciformis,data2 - s__Evtepia_gabavorous,92,50,0.0611592615482755,0.337138269959951,0.275979008411676,0.108221604640182,g2+
data1 - s__Megasphaera_micronuciformis,data2 - s__Faecalicatena_fissicatena,93,51,0.0166889346222719,0.347751033256508,0.331062098634236,0.0527505036103877,g2+
data1 - s__Megasphaera_micronuciformis,data2 - s__Oribacterium_sp._oral_taxon_102,89,50,0.0848111619006576,-0.380861020736603,0.46567218263726,0.00736943015694025,g2-
data1 - s__Megasphaera_micronuciformis,data2 - s__Parolsenella_catena,78,49,0.0457961505249431,-0.317089822911871,0.362885973436814,0.0456829971457544,g2-
data1 - s__Megasphaera_micronuciformis,data2 - s__Prevotella_copri,84,49,0.110846669850203,-0.414542968276621,0.525389638126825,0.00277139857494269,g2-
data1 - s__Megasphaera_micronuciformis,data2 - s__Prevotella_sp._Marseille_P4119,71,40,0.191042561542417,-0.301338073027422,0.492380634569839,0.0135441765164346,g2-
data1 - s__Megasphaera_micronuciformis,data2 - s__Prevotella_sp._P5_64,50,34,0.0351380432829004,-0.305658108764866,0.340796152047767,0.129370639162939,g2-
data1 - s__Megasphaera_micronuciformis,data2 - s__Ruminococcus_flavefaciens,91,51,-0.167571775438434,-0.303563046442514,0.13599127100408,0.421375799013076,g2-
data1 - s__Megasphaera_micronuciformis,data2 - s__Ruminococcus_sp._210702_SL_1_03,88,50,-0.115633760937016,-0.380089941093123,0.264456180156107,0.118181040718888,g2-
data1 - s__Megasphaera_micronuciformis,data2 - s__Vescimonas_fastidiosa,89,51,0.00474022344490157,-0.320901402071222,0.325641625516124,0.0611194034647338,g2-
data1 - s__Mogibacterium_diversum,data2 - s__Blautia_sp._Marseille_P3087,84,47,0.0838205704292521,0.426843772439252,0.34302320201,0.04698614630763,g2+
data1 - s__Mogibacterium_diversum,data2 - s__Blautia_sp._MSJ_19,84,47,-0.0126441650990133,0.3191855490618,0.331829714160813,0.0667194347631177,g2+
data1 - s__Mogibacterium_diversum,data2 - s__Phocaeicola_massiliensis,79,46,-0.122963322694515,-0.370150669719164,0.247187347024649,0.164904899473516,g2-
data1 - s__Mogibacterium_diversum,data2 - s__Prevotella_pectinovora,57,36,-0.0267549274877005,-0.371506710351306,0.344751782863605,0.100029547423238,g2-
data1 - s__Mogibacterium_diversum,data2 - s__Prevotella_stercorea,73,41,-0.0372272865832603,-0.309430792869467,0.272203506286206,0.160662116747282,g2-
data1 - s__Mogibacterium_diversum,data2 - s__Turicibacter_sanguinis,61,32,0.0380982128406795,-0.311153917571123,0.349252130411802,0.113503250637529,g2-
data1 - s__Neisseria_flavescens,data2 - s__Bifidobacterium_longum,118,68,-0.0046202576213502,-0.348549307741899,0.343929050120548,0.0206363182504143,g2-
data1 - s__Neisseria_sicca,data2 - s__Butyricicoccus_faecihominis,133,72,-0.0367041665217146,-0.341124083327165,0.304419916805451,0.0324101999201913,g2-
data1 - s__Neisseria_sp._HMSC071A01,data2 - s__Slackia_isoflavoniconvertens,117,68,-0.317748970909512,0.0287695017774233,0.346518472686936,0.0212868784256768,g1-
data1 - s__Neisseria_sp._oral_taxon_014,data2 - s__Blautia_sp._MSJ_36,119,64,-0.00534996116471972,-0.403436086029641,0.398086124864921,0.00756902141089588,g2-
data1 - s__Neisseria_subflava,data2 - s__Bifidobacterium_longum,120,68,-0.0721230541484525,-0.362042642813605,0.289919588665153,0.0472094771020022,g2-
data1 - s__Neisseria_subflava,data2 - s__Jingyaoa_shaoxingensis,128,71,-0.041532911157725,0.320098359372006,0.361631270529731,0.0132325757539549,g2+
data1 - s__Oribacterium_sinus,data2 - s__Bifidobacterium_catenulatum,65,37,-0.112005910594166,-0.38335293807464,0.271347027480473,0.171941729943931,g2-
data1 - s__Oribacterium_sinus,data2 - s__Bifidobacterium_pseudocatenulatum,85,51,-0.158245842979605,-0.316113669712526,0.157867826732922,0.356027675535611,g2-
data1 - s__Parvimonas_micra,data2 - s__Absicoccus_porci,67,50,0.0230250889882375,0.372381480637941,0.349356391649704,0.055301220682646,g2+
data1 - s__Parvimonas_micra,data2 - s__Ellagibacter_isourolithinifaciens,109,65,0.0283532138790375,0.32191300792532,0.293559794046282,0.0561010449966215,g2+
data1 - s__Parvimonas_micra,data2 - s__Faecalibacterium_sp._I3389,114,65,-0.04693267546286,-0.307579931757461,0.2606472562946,0.0875193634338314,g2-
data1 - s__Parvimonas_micra,data2 - s__Paraprevotella_clara,81,52,-0.0788031725063865,-0.302498934747639,0.223695762241253,0.200596746742803,g2-
data1 - s__Peptostreptococcus_stomatis,data2 - s__Clostridium_sp._AF43_10,64,41,-0.175519338910859,-0.311577283813164,0.136057944902305,0.483105639945594,g2-
data1 - s__Peptostreptococcus_stomatis,data2 - s__Collinsella_bouchesdurhonensis,92,49,0.0404129865214327,0.302610933009874,0.262197946488442,0.134228046188331,g2+
data1 - s__Peptostreptococcus_stomatis,data2 - s__Phocaeicola_massiliensis,93,49,-0.0485955512861557,-0.439519524156072,0.390923972869916,0.0196037320554254,g2-
data1 - s__Peptostreptococcus_stomatis,data2 - s__Senegalimassilia_anaerobia,97,50,0.046866726256375,0.337231375617182,0.290364649360807,0.0887486791569443,g2+
data1 - s__Peptostreptococcus_stomatis,data2 - s__Waltera_sp._CLA_AA_H273,93,51,-0.0814397708960619,-0.321167369296977,0.239727598400915,0.159669050876615,g2-
data1 - s__Porphyromonas_bobii,data2 - s__Blautia_hansenii,100,55,0.0275447396631699,0.354041397852178,0.326496658189008,0.0462844942183835,g2+
data1 - s__Porphyromonas_bobii,data2 - s__Faecalibacterium_sp._I3389,99,54,0.08804708178126,-0.337872530414171,0.425919612195431,0.0111138102216983,g2-
data1 - s__Porphyromonas_bobii,data2 - s__Jingyaoa_shaoxingensis,100,55,-0.240211875045968,0.377435959589557,0.617647834635524,0.00018718374221538,g2+
data1 - s__Porphyromonas_bobii,data2 - s__Parolsenella_catena,86,53,-0.300089223660355,0.212348282357785,0.51243750601814,0.00334612473794382,g1-
data1 - s__Porphyromonas_bobii,data2 - s__Phocaeicola_vulgatus,99,55,0.322176851087762,-0.259845804354744,0.582022655442506,0.000492618866399175,g1+
data1 - s__Porphyromonas_endodontalis,data2 - s__Coprococcus_catus,90,49,0.00040781661007145,-0.320701950727925,0.321109767337996,0.0678858946511123,g2-
data1 - s__Porphyromonas_endodontalis,data2 - s__Gallintestinimicrobium_propionicum,89,49,-0.0254858797218305,-0.357223525596193,0.331737645874362,0.0566175525753867,g2-
data1 - s__Porphyromonas_pasteri,data2 - s__Blautia_hansenii,99,56,0.137780331553229,0.304289454712026,0.166509123158797,0.304888746805204,g2+
data1 - s__Porphyromonas_pasteri,data2 - s__Faecalibacterium_sp._I3389,98,55,0.0678818232907316,-0.359854922870599,0.427736746161331,0.00993833832851965,g2-
data1 - s__Porphyromonas_pasteri,data2 - s__Jingyaoa_shaoxingensis,99,56,-0.232454170500361,0.36105019284241,0.593504363342771,0.000326786536317014,g2+
data1 - s__Porphyromonas_somerae,data2 - s__Bifidobacterium_adolescentis,76,43,0.136124840751988,-0.399097025849502,0.53522186660149,0.00444950845495296,g2-
data1 - s__Porphyromonas_somerae,data2 - s__Roseburia_sp._BX1005,106,57,0.0220265553900075,-0.30584192482773,0.327868480217738,0.0442535791960206,g2-
data1 - s__Porphyromonas_somerae,data2 - s__Ruminococcus_sp._AF37_3AC,80,46,0.236911176021823,0.304725263991381,0.0678140879695576,0.700522605197082,g2+
data1 - s__Porphyromonas_sp._KLE_1280,data2 - s__Collinsella_tanakaei,99,50,-0.0759249311664223,0.324050066048736,0.399974997215158,0.0205801014847573,g2+
data1 - s__Porphyromonas_sp._KLE_1280,data2 - s__Faecalibacterium_sp._I3389,103,52,0.0546293892989229,-0.322688425139682,0.377317814438605,0.0255717096223114,g2-
data1 - s__Porphyromonas_sp._oral_taxon_279,data2 - s__Bifidobacterium_adolescentis,76,42,0.0506622035813767,-0.30436625753981,0.355028461121187,0.065708686477062,g2-
data1 - s__Porphyromonas_sp._oral_taxon_279,data2 - s__Eubacterium_sp._AF22_8LB,75,50,-0.159773783847421,0.308176692409721,0.467950476257142,0.0105282440573853,g2+
data1 - s__Porphyromonas_sp._oral_taxon_279,data2 - s__Faecalibacterium_sp._I3389,103,56,0.0445579930945069,-0.350950567848224,0.395508560942731,0.0155347522474807,g2-
data1 - s__Porphyromonas_sp._oral_taxon_279,data2 - s__Gemmiger_formicilis,104,57,0.00686425588207777,-0.30834696415743,0.315211220039508,0.0534446455655953,g2-
data1 - s__Porphyromonas_sp._oral_taxon_279,data2 - s__Paratractidigestivibacter_faecalis,90,53,-0.304269213344032,0.115128480692596,0.419397694036628,0.0154267897057832,g1-
data1 - s__Porphyromonas_sp._oral_taxon_279,data2 - s__Parolsenella_catena,87,55,-0.3334206015851,0.129307072112062,0.462727673697163,0.00690038841764951,g1-
data1 - s__Prevotella_histicola,data2 - s__Butyricicoccus_faecihominis,127,74,0.100184379730596,0.388034917175795,0.287850537445199,0.0378931756101397,g2+
data1 - s__Prevotella_histicola,data2 - s__Roseburia_hominis,129,74,-0.0643919141298571,0.300037434909089,0.364429349038946,0.0117159529508455,g2+
data1 - s__Prevotella_histicola,data2 - s__Roseburia_sp._BX1005,129,73,-0.0653383611327312,0.386344579632499,0.451682940765231,0.00151135002939085,g2+
data1 - s__Prevotella_intermedia,data2 - s__Bifidobacterium_catenulatum,81,51,0.146536287245682,-0.411592878218607,0.558129165464288,0.0014248405241053,g2-
data1 - s__Prevotella_jejuni,data2 - s__Butyricicoccus_faecihominis,122,67,0.144460733733989,0.312783159732477,0.168322425998487,0.250445496269432,g2+
data1 - s__Prevotella_jejuni,data2 - s__Roseburia_hominis,124,67,-0.0472151288535218,0.322325661418226,0.369540790271748,0.0135794013105139,g2+
data1 - s__Prevotella_jejuni,data2 - s__Roseburia_sp._BX1005,124,66,0.00576696188219063,0.363079646165501,0.357312684283311,0.0158856089879782,g2+
data1 - s__Prevotella_jejuni,data2 - s__Senegalimassilia_faecalis,112,66,0.00132792451276102,-0.322526743034825,0.323854667547586,0.0338603043856722,g2-
data1 - s__Prevotella_melaninogenica,data2 - s__Ruminococcus_lactaris,138,74,-0.0889657582724573,-0.303772095462462,0.214806337190005,0.125732476233649,g2-
data1 - s__Prevotella_nanceiensis,data2 - s__Bifidobacterium_adolescentis,86,55,-0.0174628809004105,-0.342067784098572,0.324604903198162,0.0552883212163688,g2-
data1 - s__Prevotella_pallens,data2 - s__Alistipes_communis,97,50,-0.0342004811460146,0.34276371922634,0.376964200372354,0.0284444213055526,g2+
data1 - s__Prevotella_pallens,data2 - s__Alistipes_shahii,98,46,-0.0426887072144895,0.332948670949822,0.375637378164312,0.0343741740339092,g2+
data1 - s__Prevotella_pallens,data2 - s__Blautia_sp._MCC270,119,69,-0.0208391959395312,-0.305061557978538,0.284222362039007,0.0563334624354677,g2-
data1 - s__Prevotella_pallens,data2 - s__Dorea_sp._AM10_31,116,68,0.00191705130485634,-0.301077620172459,0.302994671477315,0.0446232860617259,g2-
data1 - s__Prevotella_pallens,data2 - s__Ellagibacter_isourolithinifaciens,116,69,-0.0293202671147439,-0.310953767963778,0.281633500849035,0.0592185739844227,g2-
data1 - s__Prevotella_pallens,data2 - s__Parolsenella_catena,105,66,0.11256910661175,-0.357371505263905,0.469940611875655,0.0023762350019767,g2-
data1 - s__Prevotella_pallens,data2 - s__Roseburia_hominis,125,69,0.0271545589430891,0.328220541311363,0.301065982368274,0.0400914046577392,g2+
data1 - s__Prevotella_pallens,data2 - s__Roseburia_intestinalis,125,69,-0.0480435241411745,0.315708077544792,0.363751601685967,0.0141331035812033,g2+
data1 - s__Prevotella_pallens,data2 - s__Senegalimassilia_faecalis,113,68,0.0796316800466531,-0.394517916944962,0.474149596991615,0.00149104185454196,g2-
data1 - s__Prevotella_salivae,data2 - s__Faecalibacillus_sp._H12,83,39,-0.175810080913877,0.336133681783841,0.511943762697718,0.00859372431478511,g2+
data1 - s__Prevotella_salivae,data2 - s__Parolsenella_catena,103,66,0.0717065706096982,-0.387641904673131,0.459348475282829,0.00279502746272819,g2-
data1 - s__Prevotella_sp._oral_taxon_306,data2 - s__Butyricicoccus_faecihominis,99,65,0.219900243050829,0.32829511479006,0.108394871739231,0.471311828701772,g2+
data1 - s__Prevotella_sp._oral_taxon_306,data2 - s__Roseburia_hominis,101,65,-0.0884852302316182,0.326932082575244,0.415417312806863,0.00833577728303148,g2+
data1 - s__Prevotella_sp._oral_taxon_306,data2 - s__Roseburia_intestinalis,101,65,0.0455426189744668,0.332319715963238,0.286777096988771,0.0646239999784242,g2+
data1 - s__Prevotella_sp._oral_taxon_306,data2 - s__Roseburia_sp._BX1005,101,64,-0.0400873961236503,0.403722759655296,0.443810155778946,0.00409386392224498,g2+
data1 - s__Prevotella_sp._oral_taxon_306,data2 - s__Ruminococcus_bromii,100,65,-0.110857406877733,-0.316088400681312,0.205230993803578,0.184077688334568,g2-
data1 - s__Prevotella_sp._oral_taxon_306,data2 - s__Senegalimassilia_faecalis,91,64,-0.0131056334628886,-0.359357195976576,0.346251562513688,0.0293272700602636,g2-
data1 - s__Prevotella_vespertina,data2 - s__Agathobaculum_butyriciproducens,106,62,0.194867659265669,0.316214894099713,0.121347234834045,0.425751002939655,g2+
data1 - s__Prevotella_vespertina,data2 - s__Parolsenella_catena,90,60,0.0946996285039202,-0.310404463064714,0.405104091568634,0.0146426562840487,g2-
data1 - s__Prevotella_vespertina,data2 - s__Roseburia_intestinalis,106,62,0.0307347447977682,0.300977677809316,0.270242933011547,0.0865276816944101,g2+
data1 - s__Prevotella_vespertina,data2 - s__Roseburia_sp._BX1005,106,61,0.00489678109445409,0.365003762808174,0.36010698171372,0.0213894203898879,g2+
data1 - s__Prevotella_vespertina,data2 - s__Senegalimassilia_faecalis,95,61,-0.0168946838330961,-0.302396854969507,0.285502171136411,0.0782339264226253,g2-
data1 - s__Rothia_aeria,data2 - s__Clostridium_sp._AF15_41,102,53,0.0634331104074707,0.337616247265822,0.274183136858351,0.0970569343420957,g2+
data1 - s__Rothia_dentocariosa,data2 - s__Absicoccus_porci,80,59,-0.0130717307085642,0.30159995065918,0.314671681367744,0.0647704633881629,g2+
data1 - s__Rothia_dentocariosa,data2 - s__Bifidobacterium_catenulatum,82,50,0.0268478557480588,0.321126137329389,0.294278281581331,0.0966389588298204,g2+
data1 - s__Rothia_dentocariosa,data2 - s__Bifidobacterium_pseudocatenulatum,108,67,0.131823815903813,0.334496010991103,0.202672195087291,0.17460387467255,g2+
data1 - s__Rothia_dentocariosa,data2 - s__Blautia_sp._MSJ_19,133,73,-0.0158900771663614,-0.312462435070767,0.296572357904405,0.0381355260716667,g2-
data1 - s__Rothia_dentocariosa,data2 - s__Streptococcus_salivarius,110,53,-0.0515389188105984,0.360330962907264,0.411869881717862,0.012300029948018,g2+
data1 - s__Rothia_mucilaginosa,data2 - s__Bifidobacterium_catenulatum,87,53,-0.0983663346265661,0.372129194169922,0.470495528796488,0.006127032271946,g2+
data1 - s__Rothia_mucilaginosa,data2 - s__Roseburia_intestinalis,143,77,-0.026731247315275,-0.30242240156541,0.275691154250135,0.0470242549165352,g2-
data1 - s__Rothia_sp._HMSC062F03,data2 - s__Bifidobacterium_catenulatum,80,51,0.0678414611391645,0.370321505452318,0.302480044313154,0.081042688159388,g2+
data1 - s__Rothia_sp._HMSC062F03,data2 - s__Roseburia_intestinalis,130,74,-0.0933055910584836,-0.326857362904001,0.233551771845517,0.097264834212988,g2-
data1 - s__Rothia_sp._HMSC062F03,data2 - s__Roseburia_sp._CLA_AA_H209,129,73,-0.181062842155159,-0.306791631574279,0.12572878941912,0.368997645929129,g2-
data1 - s__Rothia_sp._HMSC065C12,data2 - s__Faecalibacterium_sp._I3389,140,75,-0.0703206193350289,-0.325973254994471,0.255652635659442,0.0657218410494849,g2-
data1 - s__Rothia_sp._HMSC065C12,data2 - s__Gemmiger_formicilis,141,76,-0.107830318115382,-0.352796625098261,0.244966306982878,0.0719914899873213,g2-
data1 - s__Rothia_sp._HMSC072B04,data2 - s__Akkermansia_muciniphila,120,59,-0.0015727447144249,0.32879317383875,0.330365918553175,0.034759922513641,g2+
data1 - s__Rothia_sp._HMSC072B04,data2 - s__Collinsella_tanakaei,136,73,-0.0763543994194441,0.305659931583571,0.382014331003015,0.00789783170714187,g2+
data1 - s__Rothia_sp._HMSC072B04,data2 - s__Faecalibacterium_sp._CLA_AA_H233,142,75,-0.102909361932363,-0.333925886922889,0.231016524990526,0.0929186626724621,g2-
data1 - s__Rothia_sp._HMSC072E10,data2 - s__Bifidobacterium_catenulatum,84,50,0.114777837612209,0.352032781235728,0.237254943623519,0.168538567066931,g2+
data1 - s__Rothia_sp._HMSC072E10,data2 - s__Bifidobacterium_pseudocatenulatum,110,66,0.0478047506769948,0.323207934503053,0.275403183826059,0.0703464911098317,g2+
data1 - s__Rothia_sp._HMSC072E10,data2 - s__Blautia_stercoris,133,73,-0.0572681968165481,-0.302263423569495,0.244995226752947,0.0858156218296329,g2-
data1 - s__Rothia_sp._HMSC072E10,data2 - s__Phascolarctobacterium_faecium,105,52,-0.158595230384589,0.300118798123176,0.458714028507765,0.00689905411078673,g2+
data1 - s__Rothia_sp._HMSC072E10,data2 - s__Streptococcus_salivarius,109,52,-0.0894375753213362,0.315727926400339,0.405165501721675,0.0158899537473709,g2+
data1 - s__Rothia_sp._P3C3_S176,data2 - s__Bifidobacterium_catenulatum,87,51,0.129199355435281,0.352955547513148,0.223756192077867,0.186735588858671,g2+
data1 - s__Rothia_sp._P3C3_S176,data2 - s__Ruminococcus_lactaris,139,75,-0.143372721422584,0.308908721507142,0.452281442929726,0.00146459759881989,g2+
data1 - s__Schaalia_odontolytica,data2 - s__Anaerobutyricum_hallii,138,76,-0.0949620335315854,0.482798455657272,0.577760489188858,1.86425189858674e-05,g2+
data1 - s__Schaalia_odontolytica,data2 - s__Bacteroides_fragilis,138,74,-0.0639335002702277,-0.309184945373845,0.245251445103618,0.0812178413394933,g2-
data1 - s__Schaalia_odontolytica,data2 - s__Blautia_sp._MSK_20_85,132,75,-0.100970317706824,0.342387750542342,0.443358068249165,0.00184503794495527,g2+
data1 - s__Schaalia_odontolytica,data2 - s__Clostridium_sp._BIOML_A1,123,67,-0.0948293939315688,-0.300747151142289,0.20591775721072,0.164382197376858,g2-
data1 - s__Schaalia_odontolytica,data2 - s__Collinsella_aerofaciens,138,76,-0.016817921885403,0.311936752996123,0.328754674881526,0.0194421962159066,g2+
data1 - s__Schaalia_odontolytica,data2 - s__Klebsiella_pneumoniae,138,76,-0.0192804754089494,-0.347781936630762,0.328501461221813,0.0180132651319127,g2-
data1 - s__Schaalia_odontolytica,data2 - s__Roseburia_sp._CLA_AA_H209,137,76,-0.190411701746377,-0.371768093302716,0.181356391556339,0.174111533842372,g2-
data1 - s__Schaalia_sp._ORNL0103,data2 - s__Brotolimicola_acetigignens,128,68,-0.00260508474024246,-0.355972716622217,0.353367631881975,0.015634068177693,g2-
data1 - s__Solobacterium_moorei,data2 - s__Eubacterium_sp._AF22_8LB,72,53,0.157962294205996,0.306396561878351,0.148434267672355,0.397112573688214,g2+
data1 - s__Solobacterium_moorei,data2 - s__Ruminococcus_bromii,91,59,0.0807607852684528,-0.337317915704088,0.418078700972541,0.0114979285024162,g2-
data1 - s__Solobacterium_moorei,data2 - s__Turicibacter_sanguinis,69,43,0.0767724601002729,-0.30182721206307,0.378599672163343,0.0525507041215805,g2-
data1 - s__Streptococcus_anginosus,data2 - s__Clostridium_sp._1001270H_150608_G6,88,52,-0.0812391608521946,-0.324538231680476,0.243299070828281,0.154651983661006,g2-
data1 - s__Streptococcus_anginosus,data2 - s__Clostridium_sp._AF37_5,127,67,-0.0980135187817859,-0.363631928443835,0.265618409662049,0.0662140048461548,g2-
data1 - s__Streptococcus_anginosus,data2 - s__Clostridium_sp._AF43_10,94,63,-0.118526614727188,-0.395100390454667,0.27657377572748,0.0724290732339896,g2-
data1 - s__Streptococcus_anginosus,data2 - s__Collinsella_sp._AM34_10,127,73,0.031508315728734,0.306519679571177,0.275011363842443,0.0564474179813688,g2+
data1 - s__Streptococcus_anginosus,data2 - s__Dorea_formicigenerans,142,78,0.117489773082076,0.340126350929434,0.222636577847358,0.0992322013086953,g2+
data1 - s__Streptococcus_anginosus,data2 - s__Intestinimonas_butyriciproducens,142,78,0.0829559786582359,-0.309349213015232,0.392305191673468,0.00491439792265136,g2-
data1 - s__Streptococcus_anginosus,data2 - s__Ruminococcus_sp._210702_SL_1_03,132,77,0.0127837861910697,-0.354301234052142,0.367085020243212,0.008605210375775,g2-
data1 - s__Streptococcus_anginosus,data2 - s__Turicibacter_sanguinis,106,54,-0.0115539443895303,-0.351534534350704,0.339980589961174,0.0377943307229811,g2-
data1 - s__Streptococcus_anginosus,data2 - s__Waltera_sp._CLA_AA_H273,137,76,0.0154263633410036,-0.345626277097429,0.361052640438433,0.00976559268814658,g2-
data1 - s__Streptococcus_cristatus,data2 - s__Allisonella_histaminiformans,88,55,-0.0714531389064488,-0.301941867792906,0.230488728886457,0.172674269086967,g2-
data1 - s__Streptococcus_cristatus,data2 - s__Kineothrix_sp._MSJ_39,141,78,0.13591825867949,-0.306991690434983,0.442909949114473,0.00155283232653769,g2-
data1 - s__Streptococcus_gordonii,data2 - s__Allisonella_histaminiformans,88,55,-0.194477252237114,-0.377065993893362,0.182588741656248,0.256789905069521,g2-
data1 - s__Streptococcus_gordonii,data2 - s__Bifidobacterium_longum,134,75,-0.00972885522060944,0.315574449697147,0.325303304917756,0.0218252259474865,g2+
data1 - s__Streptococcus_gordonii,data2 - s__Clostridium_sp._AF23_8,110,62,-0.306561483110312,-0.0880339048549212,0.218527578255391,0.158827974995268,g1-
data1 - s__Streptococcus_gordonii,data2 - s__Jingyaoa_shaoxingensis,143,78,0.0693125688971787,-0.324377390677602,0.393689959574781,0.00455447939788511,g2-
data1 - s__Streptococcus_infantis,data2 - s__Collinsella_tanakaei,136,75,0.0538370346058126,0.345019291531609,0.291182256925796,0.03655997603941,g2+
data1 - s__Streptococcus_infantis,data2 - s__Faecalibacterium_sp._Marseille_Q4896,140,72,-0.163851951885665,-0.304954220425864,0.141102268540199,0.310768723020697,g2-
data1 - s__Streptococcus_mitis,data2 - s__Alistipes_communis,110,57,-0.00314408529032661,-0.353504038137433,0.350359952847106,0.028208427526828,g2-
data1 - s__Streptococcus_mitis,data2 - s__Alistipes_onderdonkii,122,63,-0.116802104648216,-0.35524454167757,0.238442437029354,0.108539094936343,g2-
data1 - s__Streptococcus_mitis,data2 - s__Oliverpabstia_intestinalis,142,77,-0.0464646710727718,-0.303061311782812,0.25659664071004,0.0641430486111629,g2-
data1 - s__Streptococcus_parasanguinis,data2 - s__Bifidobacterium_longum,134,75,-0.176752285792056,0.361673587601404,0.53842587339346,0.000144864517135579,g2+
data1 - s__Streptococcus_parasanguinis,data2 - s__Eubacterium_sp._AF22_8LB,106,69,0.0582831601768405,-0.318388174255384,0.376671334432224,0.0138128339629686,g2-
data1 - s__Streptococcus_pneumoniae,data2 - s__Alistipes_communis,110,57,-0.0634205268174282,-0.314410181311014,0.250989654493586,0.116621235419962,g2-
data1 - s__Streptococcus_pneumoniae,data2 - s__Alistipes_onderdonkii,122,63,-0.183970132976942,-0.335944603074802,0.151974470097861,0.302002777331253,g2-
data1 - s__Streptococcus_pneumoniae,data2 - s__Clostridium_sp._1001270J_160509_D11,117,58,0.128450243246645,0.304270156810656,0.175819913564011,0.259668717256794,g2+
data1 - s__Streptococcus_pneumoniae,data2 - s__Oliverpabstia_intestinalis,142,77,-0.0224856358466427,-0.320376014034757,0.297890378188114,0.0314522642823047,g2-
data1 - s__Streptococcus_pneumoniae,data2 - s__Paratractidigestivibacter_faecalis,123,70,0.309589233164925,-0.0215995513820645,0.331188784546989,0.0250586288489869,g1+
data1 - s__Streptococcus_pseudopneumoniae,data2 - s__Oliverpabstia_intestinalis,141,77,0.116338418901706,-0.304407983122049,0.420746402023755,0.00276262236677693,g2-
data1 - s__Streptococcus_pseudopneumoniae,data2 - s__Ruminococcus_flavefaciens,140,78,0.054960055147314,0.326789199705671,0.271829144558357,0.0478558243628366,g2+
data1 - s__Streptococcus_sanguinis,data2 - s__Allisonella_histaminiformans,88,55,-0.235745633807056,-0.319102855185403,0.0833572213783475,0.607685202635691,g2-
data1 - s__Streptococcus_sanguinis,data2 - s__Clostridium_sp._L2_50,115,61,-0.031290416732546,0.308082183384241,0.339372600116787,0.0306295227911721,g2+
data1 - s__Streptococcus_sanguinis,data2 - s__Ruthenibacterium_lactatiformans,143,78,0.0795829333143626,0.34740003690748,0.267817103593118,0.0481733731309972,g2+
data1 - s__Streptococcus_sp._1001283B150225_161107_H12,data2 - s__Bifidobacterium_adolescentis,99,54,0.115370987908049,-0.35605848944004,0.471429477348089,0.00483580552788809,g2-
data1 - s__Streptococcus_sp._1001283B150225_161107_H12,data2 - s__Bifidobacterium_pseudocatenulatum,110,64,-0.00764206126327905,-0.314222017301186,0.306579956037907,0.0477592118401091,g2-
data1 - s__Streptococcus_sp._263_SSPC,data2 - s__Blautia_sp._MCC283,139,77,-0.117135562945174,0.431296931386885,0.548432494332059,6.08772076367003e-05,g2+
data1 - s__Streptococcus_sp._343_SSPC,data2 - s__Bifidobacterium_adolescentis,95,55,0.119237011553971,-0.306584832131817,0.425821843685788,0.0118566340519757,g2-
data1 - s__Streptococcus_sp._343_SSPC,data2 - s__Bifidobacterium_pseudocatenulatum,108,63,0.0124996142229219,-0.325230117150405,0.337729731373327,0.0305713201054694,g2-
data1 - s__Streptococcus_sp._343_SSPC,data2 - s__Phocaeicola_massiliensis,125,64,-0.0418432492307153,-0.326021452148482,0.284178202917767,0.0586499912382137,g2-
data1 - s__Streptococcus_sp._A12,data2 - s__Bifidobacterium_pseudocatenulatum,108,66,-0.0153174096094246,-0.303043079192236,0.287725669582812,0.0618874211609792,g2-
data1 - s__Streptococcus_sp._A12,data2 - s__Dysosmobacter_welbionis,129,72,-0.00140734221807866,-0.359138161081741,0.357730818863663,0.0124009213428811,g2-
data1 - s__Streptococcus_sp._A12,data2 - s__Roseburia_sp._BX1005,133,73,0.125548979730234,-0.342419648973722,0.467968628703956,0.00112072733201463,g2-
data1 - s__Streptococcus_sp._F0442,data2 - s__Ruminococcus_sp._NSJ_71,127,72,-0.051115315498948,0.308371487088538,0.359486802587486,0.0137818866153283,g2+
data1 - s__Streptococcus_sp._HMSC034E03,data2 - s__Alistipes_indistinctus,89,41,0.11272194807736,0.301592448036443,0.188870499959083,0.309240010164057,g2+
data1 - s__Streptococcus_sp._HMSC056C01,data2 - s__Bifidobacterium_catenulatum,85,53,-0.129124407702219,0.355966122959999,0.485090530662217,0.00513640046874309,g2+
data1 - s__Streptococcus_sp._HMSC056C01,data2 - s__Bifidobacterium_pseudocatenulatum,114,69,-0.0230902897036126,0.325876703016349,0.348966992719962,0.0201020909757887,g2+
data1 - s__Streptococcus_sp._HMSC056C01,data2 - s__Mediterraneibacter_glycyrrhizinilyticus,140,76,0.0851474023281278,0.314785783752825,0.229638381424697,0.0969840907372443,g2+
data1 - s__Streptococcus_sp._HMSC061D10,data2 - s__Collinsella_tanakaei,135,74,0.0857324684690907,0.362315095559194,0.276582627090104,0.0460486927645707,g2+
data1 - s__Streptococcus_sp._HMSC062D07,data2 - s__Faecalibacterium_sp._Marseille_Q4896,134,71,-0.150350653227992,-0.302603710852313,0.152253057624321,0.281745042874949,g2-
data1 - s__Streptococcus_sp._HMSC067H01,data2 - s__Desulfovibrio_piger,117,66,-0.0706526344560756,-0.3051743171007,0.234521682644624,0.119446289421398,g2-
data1 - s__Streptococcus_sp._HMSC067H01,data2 - s__Ruminococcus_bromii,140,78,-0.0615398364262915,0.327266634468333,0.388806470894625,0.00520044840863632,g2+
data1 - s__Streptococcus_sp._HMSC067H01,data2 - s__Ruminococcus_flavefaciens,139,78,0.0759374100150336,0.319375199908785,0.243437789893751,0.0763882819277351,g2+
data1 - s__Streptococcus_sp._HMSC074B11,data2 - s__Akkermansia_muciniphila,118,60,0.126938429759337,0.317348203201238,0.190409773441901,0.21450573446889,g2+
data1 - s__Streptococcus_sp._HMSC074B11,data2 - s__Collinsella_tanakaei,134,74,0.112422931516469,0.313427508678705,0.201004577162236,0.151355183636743,g2+
data1 - s__Streptococcus_sp._HPH0090,data2 - s__Clostridium_sp._L2_50,115,60,-0.105683930627039,-0.332299206181798,0.226615275554759,0.141301528532429,g2-
data1 - s__Streptococcus_sp._HPH0090,data2 - s__Solobacterium_moorei,111,63,-0.029710009977809,-0.355104851196396,0.325394841218587,0.0339003890296337,g2-
data1 - s__Streptococcus_sp._HSISS2,data2 - s__Blautia_sp._MSJ_19,135,75,0.0441049680600068,-0.306751884866195,0.350856852926202,0.0137151941139231,g2-
data1 - s__Streptococcus_sp._M334,data2 - s__Blautia_sp._BIOML_A1,137,77,-0.104131226841967,0.346968233173443,0.45109946001541,0.00127743195358265,g2+
data1 - s__Streptococcus_sp._Marseille_Q3533,data2 - s__Bifidobacterium_pseudocatenulatum,114,67,0.0143830279549555,-0.308350765899972,0.322733793854928,0.0338092807278136,g2-
data1 - s__Streptococcus_sp._Marseille_Q3533,data2 - s__Ruminococcus_sp._210702_SL_1_03,130,74,-0.0476403714857052,0.304506943872846,0.352147315358552,0.0145269859583377,g2+
data1 - s__Streptococcus_sp._Marseille_Q3533,data2 - s__Ruminococcus_sp._FMBCY1,97,50,-0.088481748225394,0.329758313979033,0.418240062204427,0.0157745892023726,g2+
data1 - s__Streptococcus_sp._Marseille_Q6470,data2 - s__Dorea_ammoniilytica,137,73,0.0819088716693791,-0.309563756407234,0.391472628076613,0.00639186710312734,g2-
data1 - s__Streptococcus_sp._oral_taxon_431,data2 - s__Collinsella_tanakaei,136,75,0.0405403490813511,0.31601789729359,0.275477548212239,0.0500920216643639,g2+
data1 - s__Streptococcus_sp._SK140,data2 - s__Bifidobacterium_catenulatum,85,53,-0.18469191916937,0.407456172099507,0.592148091268877,0.000556437975225199,g2+
data1 - s__Streptococcus_sp._SK140,data2 - s__Collinsella_tanakaei,133,73,0.140315726351131,0.340170588149492,0.199854861798361,0.1507127327028,g2+
data1 - s__Streptococcus_sp._XMC,data2 - s__Eubacterium_sp._AF22_8LB,101,66,-0.302074716642942,0.076315248637069,0.378389965280012,0.0162010256228347,g1-
data1 - s__Streptococcus_timonensis,data2 - s__Ruminococcus_flavefaciens,138,78,-0.0774623218051247,0.329287086479124,0.406749408284249,0.00356970565858705,g2+
data1 - s__Streptococcus_timonensis,data2 - s__Ruminococcus_sp._210702_SL_1_03,131,77,-0.0707016904782246,0.313095583452044,0.383797273930269,0.00686277131729351,g2+
data1 - s__Streptococcus_timonensis,data2 - s__Ruminococcus_sp._AF37_3AC,104,62,0.102538416564419,0.339993552479879,0.23745513591546,0.125294517589774,g2+
data1 - s__Streptococcus_vestibularis,data2 - s__Faecalicatena_fissicatena,141,78,-0.184145624584342,0.334611590194384,0.518757214778726,0.000195812016819286,g2+
data1 - s__Veillonella_atypica,data2 - s__Anaerobutyricum_soehngenii,141,77,0.105986472263025,-0.327945359508709,0.433931831771734,0.0019237554246514,g2-
data1 - s__Veillonella_atypica,data2 - s__Eubacterium_sp._AF22_8LB,104,69,0.0866739010833965,-0.306109478012145,0.392783379095541,0.0108653115396642,g2-
data1 - s__Veillonella_atypica,data2 - s__Roseburia_sp._BX1005,141,76,0.00503307857855356,0.372472149328523,0.36743907074997,0.00760943450464646,g2+
data1 - s__Veillonella_atypica,data2 - s__Ruminococcus_sp._BSD2780120874_150323_B10,124,68,0.0060617912851992,-0.322157994373422,0.328219785658621,0.026990050078662,g2-
data1 - s__Veillonella_dispar,data2 - s__Butyricicoccus_faecihominis,139,77,0.0168472571914457,0.334805287817744,0.317958030626298,0.0217872680606592,g2+
data1 - s__Veillonella_dispar,data2 - s__Methanobrevibacter_smithii,80,50,-0.0656305748621463,-0.34680157692725,0.281171002065104,0.109704694339678,g2-
data1 - s__Veillonella_dispar,data2 - s__Ruminococcus_sp._BSD2780120874_150323_B10,124,67,0.0637854101634239,-0.343561077194651,0.407346487358074,0.00632820981362947,g2-
data1 - s__Veillonella_dispar,data2 - s__Yeguia_hominis,138,77,-0.0302514898523821,-0.322433087818567,0.292181597966185,0.0355140891827257,g2-
data1 - s__Veillonella_nakazawae,data2 - s__Butyricicoccus_faecihominis,134,75,0.0408153974086369,0.329621347016112,0.288805949607475,0.0398226230692698,g2+
data1 - s__Veillonella_nakazawae,data2 - s__Methanobrevibacter_smithii,78,48,-0.0297405363333517,-0.327398457377772,0.29765792104442,0.0999937658313739,g2-
data1 - s__Veillonella_nakazawae,data2 - s__Ruminococcus_sp._BSD2780120874_150323_B10,120,66,0.106010992693513,-0.323699929609781,0.429710922303294,0.004660022828338,g2-
data1 - s__Veillonella_parvula,data2 - s__Butyrivibrio_crossotus,139,75,0.0912430760475513,-0.343984568684277,0.435227644731828,0.00201324883479281,g2-
data1 - s__Veillonella_parvula,data2 - s__Clostridium_sp._AF15_31,77,42,0.00869746686975319,-0.336189025554965,0.344886492424719,0.0700347980514673,g2-
data1 - s__Veillonella_parvula,data2 - s__Ruminococcus_sp._BSD2780120874_150323_B10,124,67,0.145229569609129,-0.349726876985179,0.494956446594308,0.000937379372951908,g2-
data1 - s__Veillonella_parvula,data2 - s__Ruminococcus_sp._FMBCY1,99,50,0.0264394194966055,-0.306949753311687,0.333389172808293,0.0535861319978808,g2-
data1 - s__Veillonella_rogosae,data2 - s__Allisonella_histaminiformans,84,55,-0.0193354900402453,0.300153126848293,0.319488616888538,0.0640825959551481,g2+
data1 - s__Veillonella_sp._CLA_AA_H247,data2 - s__Butyricicoccus_faecihominis,130,73,0.0151649714041826,0.355079334866318,0.339914363462136,0.0167564517710499,g2+
data1 - s__Veillonella_sp._CLA_AA_H247,data2 - s__Prevotella_hominis,98,61,0.0619080083998696,0.313574643270674,0.251666634870805,0.115165967363883,g2+
data1 - s__Veillonella_sp._CLA_AA_H247,data2 - s__Ruminococcus_sp._BSD2780120874_150323_B10,117,64,0.0789878900086767,-0.325195743453044,0.40418363346172,0.00863610489922184,g2-
data1 - s__Veillonella_sp._CLA_AA_H247,data2 - s__Ruminococcus_sp._FMBCY1,93,47,0.127718873551912,-0.344639631794948,0.47235850534686,0.00801103753928634,g2-
data1 - s__Veillonella_sp._CLA_AA_H247,data2 - s__Ruminococcus_sp._NSJ_71,122,67,0.155857683771653,-0.304575221347635,0.460432905119288,0.00234255544582029,g2-
data1 - s__Veillonella_sp._oral_taxon_158,data2 - s__Collinsella_tanakaei,133,73,-0.0878519044718704,0.30059079521752,0.38844269968939,0.00722418890149967,g2+
data1 - s__Veillonella_sp._oral_taxon_158,data2 - s__Oliverpabstia_intestinalis,138,75,0.0114580311832397,0.303368938060879,0.291910906877639,0.0386536133161974,g2+
data1 - s__Veillonella_tobetsuensis,data2 - s__Blautia_hansenii,138,74,-0.171841376615009,-0.336418452890101,0.164577076275092,0.228650025279797,g2-
data1 - s__Veillonella_tobetsuensis,data2 - s__Gemmiger_formicilis,138,74,0.0319460466911674,0.342987537439083,0.311041490747916,0.0263896749713821,g2+
data1 - s__Veillonella_tobetsuensis,data2 - s__Prevotella_hominis,102,62,0.0467107450223396,0.323563280857042,0.276852535834703,0.0790167495122631,g2+
